image_path,zone_type,built_ratio,vegetation_ratio,water_ratio,road_density,distance_to_center_km,night_light_index,public_transport_score,population_density,density_class,mean_red,mean_green,mean_blue,brightness,contrast,vegetation_index,water_index,built_up_proxy,texture,grayness
data\images\sat_patch_0000.png,periurbano,0.23166353192561573,0.693439167964553,0.011301281746517943,0.34407881017077735,10.574607658183123,0.419994583740289,0.3387013225335348,2339.4436219846193,baixa,74.028564453125,150.2705078125,90.053955078125,104.78434244791667,41.411934070831514,0.339911985588482,0.09766665317618593,-0.6511397199409712,14.826182208994709,0.7269212921947454
data\images\sat_patch_0001.png,residencial,0.3967244466931099,0.37823868417066964,0.06652620936172708,0.39138695703382986,11.23381545007465,0.5905139834977755,0.3254320231664687,5257.098258324509,media,81.525390625,120.2158203125,89.94873046875,97.22998046875,30.159806670651538,0.19178247873065424,0.049123096481839455,-0.35461037063661865,14.365492724867725,0.8494630533716722
data\images\sat_patch_0002.png,centro,0.8862412326838599,0.18236887960629355,0.004907331305248111,0.8253390098713134,7.286375387773841,1.0,0.822789431400136,13243.28866594321,alta,98.298828125,107.763916015625,89.73388671875,98.598876953125,31.955535341676576,0.045933037940291764,-0.045550272290739185,-0.13942915861867863,16.74694113756614,0.91376902985048
data\images\sat_patch_0003.png,parque_urbano,0.2068328768061092,0.7420706059898531,0.048203842868723895,0.1309015386286157,11.86974972537922,0.38895439559714706,0.16101915676161505,100.0,baixa,81.7255859375,156.566162109375,86.053955078125,108.115234375,43.51820929276887,0.3140712025121479,0.025797955392093674,-0.67221230522676,14.000041335978835,0.718702724072058
data\images\sat_patch_0004.png,periurbano,0.37887527347733574,0.38915090614145703,0.09229242994780587,0.2617513958326826,10.340236206591804,0.5116723843419074,0.46082158449726474,5527.140249901512,media,83.452880859375,122.32421875,87.8466796875,97.87459309895833,32.554773740443395,0.18890021180935068,0.025649796114175494,-0.3747084604967248,14.461598875661377,0.8444157507327409
data\images\sat_patch_0005.png,periurbano,0.23791410933051224,0.5858915366861305,0.10620896405450214,0.21561347303921544,16.246722992936128,0.2588621111934274,0.3276768449032405,100.0,baixa,80.90185546875,131.93310546875,100.143310546875,104.32609049479167,30.76965511761409,0.2397691128160869,0.1062798604088911,-0.3969335174701226,14.04646164021164,0.8166755933887875
data\images\sat_patch_0006.png,residencial,0.6343424511726148,0.25412562167017344,0.08528705029380285,0.35493682324336145,8.118900335822465,0.7695938773300341,0.5391489275944389,10054.127871438175,alta,105.538818359375,107.60498046875,89.82666015625,100.99015299479167,32.4472802177822,0.009693747184019018,-0.08042443446037952,-0.09824958987040673,15.766162367724867,0.9153949540326842
data\images\sat_patch_0007.png,residencial,0.4095425160649154,0.20917874039396234,0.036109542418668164,0.4407126783600981,9.522154889457813,0.6695368230624985,0.5030310234055013,7726.066315956985,media,88.52685546875,108.83251953125,79.2177734375,92.1923828125,27.044152157847137,0.10288674637124917,-0.05549555915114963,-0.27074042394747955,14.296378968253968,0.8820245247994336
data\images\sat_patch_0008.png,centro,0.8169624699811538,0.14040502223438844,0.010763848761620771,0.8468829760271499,6.49210355747864,1.0,0.7159731781819874,13370.88884626771,alta,94.021240234375,101.2353515625,90.84130859375,95.365966796875,34.64106695059291,0.03694682583972887,-0.017201600018941235,-0.0923188570496109,18.77190806878307,0.93025552579369
data\images\sat_patch_0009.png,residencial,0.46046043034352213,0.35857118215207323,0.08095706911180374,0.5700543704052959,11.80602459442522,0.49582535203183664,0.5641336149807714,6315.829261146136,media,78.95263671875,124.44189453125,90.199951171875,97.86482747395833,33.60524086231558,0.2236503474763393,0.06649212126689694,-0.4073537062045296,14.788029100529101,0.8230976560776424
data\images\sat_patch_0010.png,residencial,0.6025218818852469,0.26199208995451095,0.09194801002937003,0.590214097548569,8.664321194192015,0.7095783415068576,0.7027375687910129,8569.233461313686,media,91.702880859375,104.460205078125,82.114990234375,92.75935872395833,25.08772276059992,0.06503427539766767,-0.05516055690653432,-0.18921292237765172,14.673487103174603,0.9047938750466692
data\images\sat_patch_0011.png,centro,0.7674217715977776,0.04007760791474272,0.0799207124762472,0.8741356571324768,5.958654229209912,0.9888200350996226,0.8666541617265004,13644.551857721091,alta,95.924560546875,99.438232421875,88.587890625,94.65022786458333,24.468990592158054,0.017985368675480975,-0.039762465001770324,-0.0758794450060215,15.08870701058201,0.9321828805612845
data\images\sat_patch_0012.png,centro,0.9443396692557873,0.10534262945122763,0.019740303915747964,0.6312501501372657,1.3318118269505852,0.8781636774745861,0.8611783618737344,14209.880225320345,alta,99.219970703125,104.432373046875,88.67724609375,97.44319661458333,26.61794206511193,0.025594610021056487,-0.05610899795638347,-0.10758847107936555,15.75297619047619,0.9212856470576788
data\images\sat_patch_0013.png,residencial,0.5716892629444519,0.18541792975210408,0.031149288071582938,0.6945760594506694,11.344746188293318,0.6590306772586811,0.7114514885114455,8725.769348506343,media,94.23583984375,110.586669921875,91.93994140625,98.92081705729167,30.65220936647078,0.07982926298972569,-0.012331885542540805,-0.17689683163295603,16.35958167989418,0.9072512430032004
data\images\sat_patch_0014.png,periurbano,0.35138453947257986,0.679412931437402,0.06202081120280673,0.10805155086364723,14.816464312776185,0.3851963651978428,0.29302557255946726,1349.3206242520498,baixa,78.922607421875,153.376220703125,87.528564453125,106.609130859375,44.75450219539499,0.32050791457578337,0.051702591712662935,-0.6580171280088714,14.688616071428573,0.7235594462272779
data\images\sat_patch_0015.png,centro,0.6739516571848091,0.07661384388483146,0.005482851746441515,0.6007418549783534,1.5040566820276595,0.917291073710667,0.6093832075253065,11070.262652652465,alta,94.838623046875,103.35595703125,88.553955078125,95.58284505208333,27.972558027158726,0.04297460575381528,-0.03426893279289334,-0.12198494238596556,16.223007605820104,0.9244781110803169
data\images\sat_patch_0016.png,residencial,0.6045270863194729,0.29807010785701366,0.023344084709865744,0.40625725832177795,8.817490847896142,0.6779170708076996,0.4242775362195426,9099.186377103899,alta,90.06005859375,113.4970703125,79.8076171875,94.45491536458333,30.799760486430454,0.11513726750590421,-0.06035545785118823,-0.30240069570994854,15.210813492063492,0.8685964533169805
data\images\sat_patch_0017.png,centro,0.7406535314776003,0.0577146181758334,0.008027722676686918,0.9461026050162091,2.098731419244098,0.9265035474367119,0.8685734771769243,14040.717620426669,alta,93.15087890625,95.183349609375,82.424072265625,90.25276692708333,32.135585796832345,0.010791828486793357,-0.0610953129016048,-0.08194622938780943,16.54017857142857,0.9282746545087832
data\images\sat_patch_0018.png,parque_urbano,0.1141983986634931,0.8029577871393431,0.15263768388402962,0.05384403312218004,16.246425448477293,0.3446824527160426,0.29845566103671795,100.0,baixa,80.5478515625,167.412109375,85.861083984375,111.273681640625,48.987212179134495,0.35031566037421286,0.03192876856332977,-0.7567615235088756,13.691261574074073,0.6629659019866404
data\images\sat_patch_0019.png,periurbano,0.3760410993072737,0.6514687990575088,0.03291122097040848,0.3221291199768701,9.738542183381536,0.5517118800394685,0.47738413413716235,4225.529824128025,media,77.401611328125,134.404541015625,79.753173828125,97.18644205729167,38.61533204462399,0.26912782649419686,0.014963352739775778,-0.5744334979374618,15.069527116402117,0.7726102965479488
data\images\sat_patch_0020.png,centro,0.7586257234189102,0.15483837639505516,0.026466272719239035,0.9415845913437948,6.660504720941156,1.0,1.0,14734.723675770494,alta,97.18310546875,98.772705078125,85.670166015625,93.87532552083333,29.148287082914404,0.008112030956503419,-0.06296272030957932,-0.07825346241866035,16.660631613756614,0.9260369361413958
data\images\sat_patch_0021.png,residencial,0.6937269797724583,0.27457360148885945,0.06972752263429602,0.7288186865446085,3.522136261252678,0.7060674445774168,0.7256205192064489,11077.93886798508,alta,89.1806640625,110.701904296875,90.944091796875,96.94222005208333,27.80508588011437,0.10766941961648142,0.009790035335074589,-0.21290544143917103,15.790054563492063,0.892953788529441
data\images\sat_patch_0022.png,centro,0.926679198851867,0.10144175727342476,0.013312030466657063,0.8138381252813579,0.2,1.0,0.7696686677435299,15198.528530834457,alta,97.87451171875,101.7763671875,88.458740234375,96.03653971354167,29.311220923236764,0.01954339229850724,-0.05053189022972557,-0.0896506803240517,17.462962962962962,0.9267951290823185
data\images\sat_patch_0023.png,centro,0.8179063997438936,0.17249626685376682,0.0003977996283669327,0.886346599909272,4.4984911953451725,1.0,0.858925586606749,14533.931567468062,alta,93.833740234375,102.38720703125,90.732666015625,95.65120442708333,26.81542127602723,0.043590997151314044,-0.016801942807227722,-0.10563383766190451,16.288690476190474,0.927561653907516
data\images\sat_patch_0024.png,periurbano,0.2529468835819263,0.6725981471519227,0.06297279168215315,0.31768218624100963,14.068530884500728,0.487904694491797,0.4390424649768324,2112.1496137931217,baixa,78.290283203125,141.351806640625,84.15380859375,101.26529947916667,38.97676541849564,0.28711037668258677,0.03609565167726308,-0.5937844499316723,14.540178571428571,0.7610278804388997
data\images\sat_patch_0025.png,industrial,0.5454084995379642,0.2653410289434502,0.07739368761034776,0.4872520141217096,5.7481198523676476,0.6721618294279618,0.7796410737195417,8499.499477667303,media,93.251708984375,112.126708984375,89.8046875,98.39436848958333,30.49038346612076,0.09190352177592713,-0.018830379772273323,-0.2093464376980249,15.04369212962963,0.898273212198451
data\images\sat_patch_0026.png,centro,0.7921411343815624,0.058486241170739,0.059287418105546566,0.6283616721769999,3.9963555305476786,0.9916716203110085,0.8600829589318926,13519.324699615687,alta,100.139892578125,95.15771484375,88.924560546875,94.74072265625,28.018258007403574,-0.025510695059883556,-0.05932015133756968,-0.006602105801085855,15.821469907407408,0.9325532520662672
data\images\sat_patch_0027.png,residencial,0.36429606951686844,0.16224201536593866,0.04845378249419924,0.5443260294981427,13.224102887612299,0.5261494122579101,0.4770839290988551,6758.078238457186,media,92.643798828125,110.923583984375,94.240478515625,99.269287109375,27.505982908830024,0.08979722003544034,0.008543681157401103,-0.17610124586809695,15.302372685185187,0.9080128470838353
data\images\sat_patch_0028.png,residencial,0.6795465078832401,0.36659827930517963,0.023071571604913455,0.5473047479170658,5.7629460882663555,0.8184688642903268,0.8313071224189532,9227.82939864833,alta,86.58154296875,113.8076171875,87.30810546875,95.89908854166667,27.253531029874406,0.13586600224111392,0.00417829642161159,-0.2801152033573638,15.035218253968253,0.8725975181018063
data\images\sat_patch_0029.png,industrial,0.584909329051778,0.19680957576464436,0.07485103135223005,0.6677228015142835,8.877978544291297,0.7825062175583414,0.7140526337915234,9388.058780573901,alta,99.092529296875,102.693359375,78.18310546875,93.322998046875,26.676030390444588,0.017844806115929746,-0.11794866078364664,-0.15061176918593855,15.230489417989418,0.8931394031620866
data\images\sat_patch_0030.png,residencial,0.508726040277007,0.27453470872637975,0.008783436529124089,0.5985175619329195,6.1721271470938515,0.623253799014354,0.5338680061718302,8411.616229339867,media,84.47900390625,110.936279296875,81.134033203125,92.18310546875,29.596769266816054,0.13539000031913526,-0.020197508247604863,-0.30515093079146194,14.82010582010582,0.8734287064836541
data\images\sat_patch_0031.png,residencial,0.4478373057033251,0.36812052705257947,0.025601331506087788,0.5825888183490296,8.963603721425859,0.4937908288612243,0.5218568100872596,5873.647790097282,media,88.713134765625,115.6201171875,72.885009765625,92.40608723958333,30.145663654400845,0.13168185810680352,-0.09794744208211933,-0.37682630641818426,14.266286375661377,0.8431541884779525
data\images\sat_patch_0032.png,industrial,0.5320423016547225,0.21425114482249646,0.07206183315154616,0.43768409671783426,8.954100291646336,0.8086112076083165,0.3491084437565116,7795.704783651019,media,98.80419921875,110.990966796875,88.580322265625,99.45849609375,33.29410553872386,0.05808888618114526,-0.054560946750431404,-0.17392889054397903,15.683118386243386,0.9046321835480162
data\images\sat_patch_0033.png,centro,0.8389011234032407,0.1804653415566649,0.033179241048844,0.5562619471444554,0.7002910169365877,0.9574505554772064,0.9221811607074051,14771.606712146162,alta,91.385498046875,95.645263671875,83.717529296875,90.24943033854167,26.554248865548928,0.022775748561779,-0.04379118295399655,-0.0896820055257623,14.833209325396826,0.9316039701720881
data\images\sat_patch_0034.png,industrial,0.748524979260639,0.1519236274311841,0.006701031583280715,0.5069953540211906,10.117916084856205,0.832159542294088,0.6822840275713827,11908.698917337888,alta,88.22216796875,105.961181640625,86.2294921875,93.470947265625,29.205121080811757,0.091351877574506,-0.011422509639878023,-0.20044037115423316,15.581886574074073,0.8993508620500756
data\images\sat_patch_0035.png,parque_urbano,0.1991268745405537,0.6515211545420114,0.12020833685265052,0.15754319831172198,19.66173455414144,0.2870126941598599,0.3867979115034229,100.0,baixa,71.3984375,138.638916015625,70.58984375,93.54239908854167,41.14489837091237,0.32013580951203074,-0.005694792113734442,-0.7231456037753626,13.879340277777779,0.738076333106575
data\images\sat_patch_0036.png,residencial,0.4272213844047855,0.29108928037524195,0.02908608843224324,0.6512359094917686,12.23716267762764,0.5638029967522776,0.632341844460941,7125.532883321433,media,94.871826171875,109.583984375,74.2529296875,92.90291341145833,26.763226224996995,0.07195764254298043,-0.12191530599815933,-0.26933069434715623,14.574074074074074,0.8673517748436429
data\images\sat_patch_0037.png,periurbano,0.3101851480599426,0.6885906038912883,0.06299929574892427,0.36524809301995986,13.051214193607155,0.5840566925874001,0.5060112421049674,3296.847391512446,baixa,79.7783203125,146.224609375,78.992919921875,101.665283203125,42.22959542358709,0.29400631602595,-0.004946742146240498,-0.6574416211168964,14.792286706349206,0.7375402206957076
data\images\sat_patch_0038.png,residencial,0.607272922547706,0.42928782520274333,0.016047466711075955,0.48048243875052743,9.794628279613727,0.6434308045647734,0.49818207690337835,7406.884278067468,media,95.38720703125,127.4599609375,84.00537109375,102.2841796875,33.83072863889493,0.14392264462981616,-0.0634465260102492,-0.36920344496258006,15.363467261904761,0.8345090490955578
data\images\sat_patch_0039.png,parque_urbano,0.17648156379403787,0.8592022208926469,0.1945538373786644,0.2036512705903709,18.021043505050503,0.504156798799958,0.22667180113799743,100.0,baixa,64.610595703125,160.011962890625,84.32763671875,102.9833984375,52.73398272483825,0.42471854723782826,0.13238401290671614,-0.8306469503524492,15.071428571428571,0.6557365428541074
data\images\sat_patch_0040.png,centro,0.8378365485623642,0.17157007392911094,0.05432312547621648,0.5770245190328758,2.731066523657916,0.8273991681162983,0.8105225909840024,12707.05525152625,alta,105.83447265625,107.507568359375,93.141357421875,102.1611328125,30.17497388959217,0.00784231596978182,-0.0637922463527303,-0.07850004224729198,16.398272156084655,0.923044864107934
data\images\sat_patch_0041.png,parque_urbano,0.1138107623595397,0.6057578504481086,0.1097311854039705,0.05843859592409953,19.255357673841402,0.2305677709232695,0.29887067224484376,100.0,baixa,80.106689453125,130.5205078125,93.864990234375,101.49739583333333,29.459872840894093,0.23935094220736586,0.07908356536466193,-0.42892398551105043,12.740906084656086,0.8195717651676968
data\images\sat_patch_0042.png,periurbano,0.2608149035342754,0.5443555701159661,0.10631692988408516,0.12088657546609236,12.277007555624895,0.47394789402075393,0.1215165881558587,1825.9222059109934,baixa,80.46533203125,128.950439453125,94.3486328125,101.25480143229167,30.50384892988742,0.231525576353102,0.07941757235608393,-0.4102862879914244,13.645378637566138,0.8230912297364339
data\images\sat_patch_0043.png,centro,0.8819805889785344,0.026391818864369355,0.0770747050843455,0.9189689215426244,0.2898685681962281,1.0,0.9300434705163327,15540.417161548463,alta,95.32275390625,97.814208984375,95.021728515625,96.05289713541667,28.825260439292908,0.01289993913094715,-0.0015814768319700365,-0.02750534158493394,17.370618386243386,0.9370468724745104
data\images\sat_patch_0044.png,periurbano,0.22561091064344083,0.684117664679152,0.1105505563616327,0.33517631453952257,12.057742150817596,0.3565960689831757,0.29650869187882134,1248.6880775151035,baixa,76.303955078125,142.0263671875,80.9736328125,99.76798502604167,41.144903924078505,0.30102283148921927,0.02969067473193792,-0.6353498328175325,14.93501984126984,0.7498983832550166
data\images\sat_patch_0045.png,residencial,0.3836499511133607,0.38185615858993793,0.09316851093060291,0.6032978595839988,10.883041877149985,0.5169872130509179,0.48626727920016866,6670.865352126068,media,82.2060546875,105.263916015625,77.79736328125,88.42244466145833,25.553584570236204,0.12299495817196329,-0.02755373250562261,-0.2856990308543492,14.42977017195767,0.8840924880918649
data\images\sat_patch_0046.png,parque_urbano,0.23918432996760944,0.8198210618265792,0.08709492209203384,0.13258987145448392,18.31953101555175,0.29669814377031584,0.32055734168880967,100.0,baixa,70.071044921875,150.47998046875,81.53662109375,100.69588216145833,44.602819417279996,0.3645820056373719,0.07562662494300723,-0.7416007995202731,14.441716269841269,0.706072043151897
data\images\sat_patch_0047.png,industrial,0.7519500919318425,0.2971271543002472,0.08978950791759652,0.5565961471813416,3.9034206895278287,0.770614282989582,0.7166029538331982,10996.798549902638,alta,93.439453125,107.82861328125,90.673095703125,97.313720703125,28.369759070373785,0.07149251414635073,-0.015025360435545995,-0.1620772342394239,15.201926256613756,0.9102681245659994
data\images\sat_patch_0048.png,industrial,0.631101416504405,0.1235049801377248,0.0647905554480288,0.5873281038816056,9.589884297688402,0.7359465905194812,0.6946289034233627,10659.748283744666,alta,98.017578125,99.76953125,96.20166015625,97.99625651041667,24.564527302826033,0.008857771983615795,-0.009349835657220132,-0.027142996854673355,15.091517857142858,0.9390283780326181
data\images\sat_patch_0049.png,industrial,0.5100015941748258,0.2697139302282527,0.007363728233827017,0.5591987589783449,9.850498950124102,0.6882190858328995,0.47785882876425945,7487.841959828906,media,86.698486328125,116.945556640625,84.58349609375,96.07584635416667,30.06573379934472,0.1485291183725537,-0.012348001769489596,-0.3258317911502642,15.808903769841269,0.8626781798793411
data\images\sat_patch_0050.png,residencial,0.6857999068148081,0.184682147479811,0.08483702566211576,0.6510188926565652,5.148448399195648,0.7879239291438256,0.6310584034820211,12469.8047262215,alta,95.396728515625,107.037109375,83.569580078125,95.33447265625,27.8108779334209,0.05750214945864015,-0.06608589328543117,-0.1841301934641162,15.195601851851851,0.9014554767637986
data\images\sat_patch_0051.png,centro,0.8255313400898985,0.16818371887319383,0.04636488334037285,0.8010783441235503,0.2,1.0,0.6089100855475075,13928.029171872813,alta,89.033203125,104.432373046875,85.47265625,92.97941080729167,35.65833577257243,0.07959643336547857,-0.02040359485548882,-0.18476610063936483,17.616319444444443,0.9046551212593414
data\images\sat_patch_0052.png,parque_urbano,0.13959119939767042,0.7097178041317662,0.1232629470288416,0.23340301681353912,15.391198333107255,0.5122883246320066,0.2722853071276053,116.6770741572134,baixa,73.659912109375,155.01953125,74.937744140625,101.20572916666667,49.22316772226417,0.3557802030197629,0.008599274409152908,-0.7975902450589338,14.589781746031747,0.6886599202191195
data\images\sat_patch_0053.png,residencial,0.49376691739531386,0.17281349149986053,0.08410087636722208,0.6834383435671217,7.523015497793537,0.7134960554215046,0.7185870669075849,8769.007914782587,media,91.175048828125,104.29931640625,85.87646484375,93.78361002604167,26.5347674148348,0.06714060687828971,-0.029926792742749075,-0.168191002646854,15.251942791005291,0.9123353597777755
data\images\sat_patch_0054.png,parque_urbano,0.2286081511290942,0.8369933314160135,0.13073947007444237,0.07990150080759247,14.233678513588675,0.2324846063487858,0.25987699642657086,100.0,baixa,71.6923828125,154.1513671875,90.66015625,105.50130208333333,45.737329596480365,0.3651151914094803,0.11683077720987967,-0.6916985432739959,13.997643849206348,0.6962077426567097
data\images\sat_patch_0055.png,residencial,0.4094948707704917,0.44803200657240305,0.016758914718383144,0.49733472491708647,6.645173717034985,0.5189067098617336,0.4508701096907164,5579.730618129617,media,82.441650390625,127.42626953125,88.889404296875,99.58577473958333,31.437675500442662,0.21434728539275366,0.0376333051843818,-0.41934444831462964,14.835400132275133,0.8221344622346369
data\images\sat_patch_0056.png,residencial,0.4064833427803742,0.3474797897760481,0.08242722700027309,0.7071580068840848,14.693789870924649,0.5578448292560281,0.6491656381573315,4594.099679901169,media,91.955078125,118.177490234375,95.9384765625,102.023681640625,25.174262619284182,0.1247898514224544,0.02120029302189103,-0.23750086512733395,15.485160383597883,0.8848200484380747
data\images\sat_patch_0057.png,industrial,0.6474248771559779,0.2734896363201795,0.05478994327960447,0.49711834983225744,6.716113176846257,0.7201781014316392,0.41897853107707794,9005.415879764756,alta,97.374755859375,114.58447265625,86.488525390625,99.48258463541667,26.694174664671564,0.08119352403857626,-0.059208289635273276,-0.2277065064861502,14.4031498015873,0.8869588514914551
data\images\sat_patch_0058.png,parque_urbano,0.14181490294101093,0.8376796587161075,0.11006036299626962,0.24054787057712299,12.882934909385508,0.4080208284210853,0.22525027755156932,100.0,baixa,71.056396484375,165.789794921875,89.959716796875,108.935302734375,48.594260418736994,0.3999785577089148,0.11740017697533801,-0.7828659337949685,14.603753306878307,0.6676271367612466
data\images\sat_patch_0059.png,industrial,0.7457335862132002,0.057772835489806926,0.08439034992836315,0.5910491436341112,1.482052507244461,0.8342831152927586,0.6902224708582644,12247.63731954339,alta,94.517578125,98.7744140625,94.640869140625,95.97762044270833,28.78685483906165,0.02202282602244533,0.000651786989983493,-0.043710089566990615,15.792617394179892,0.9356356269988411
data\images\sat_patch_0060.png,periurbano,0.1940659376544392,0.423990440354125,0.0760543732396864,0.259693828814619,15.787401307675667,0.33350598921521607,0.2806143795007343,1368.117415080798,baixa,88.84228515625,118.169921875,87.7763671875,98.26285807291667,22.70539384242767,0.1416710492471187,-0.006035138127089109,-0.3038848653993136,13.324446097883598,0.8725107476030498
data\images\sat_patch_0061.png,centro,0.9146662577981962,0.07616742086143202,0.07770434046929549,0.6910168840555257,1.029174577398984,0.8730582398710303,0.8169988808440781,14504.345868955888,alta,100.47509765625,98.76416015625,89.142333984375,96.127197265625,32.562455252630684,-0.008587351258971147,-0.059766465108477516,-0.04114802477658359,16.72676917989418,0.9313556149299373
data\images\sat_patch_0062.png,residencial,0.45458617644688654,0.2778206206371434,0.00024371516380991,0.5700427800860993,11.5723015474653,0.5701191696402984,0.643686269338097,7900.88911520978,media,99.137451171875,114.61767578125,91.7646484375,101.83992513020833,27.260788033127415,0.07242036604038667,-0.038620857030071516,-0.18820345521516624,14.959697420634921,0.9019366284396143
data\images\sat_patch_0063.png,residencial,0.6739557604622819,0.3175795358859863,0.024845106112762163,0.4567686129597632,6.150625552680314,0.7391561203161989,0.7380490329048052,9604.116566433559,alta,95.200927734375,111.001708984375,85.021728515625,97.07478841145833,30.21322105229712,0.07662744485136737,-0.05648124033944128,-0.21519882748166108,15.816881613756614,0.8934907846416359
data\images\sat_patch_0064.png,industrial,0.7008210952561233,0.08682421849992496,0.008908050109677768,0.6822835645340148,8.932783911881124,0.8497411943725848,0.8865622841871051,12355.197925567465,alta,88.60595703125,99.7705078125,78.719482421875,89.031982421875,29.41341464108935,0.05926722709890154,-0.05908530455740604,-0.18092136630958,15.407944775132275,0.9073434523312613
data\images\sat_patch_0065.png,residencial,0.3650818700561156,0.44088980108842357,0.01938420101913837,0.4065737855410399,13.322620554730097,0.5149389750942999,0.4401614757055221,3874.1961703783254,media,95.038818359375,135.069091796875,86.094970703125,105.40096028645833,34.056244012505374,0.17396304732138598,-0.049377024867441555,-0.4222181346589155,15.32804232804233,0.815193393770826
data\images\sat_patch_0066.png,centro,0.8079933187115811,0.0732687691486986,0.03497878599826731,0.6649399516708946,1.5797395859383543,1.0,0.7724316207627463,13372.3448543418,alta,96.529052734375,97.4296875,86.58544921875,93.51472981770833,28.038218740066274,0.004643434783569228,-0.05430265410583255,-0.062796914155534,16.188616071428573,0.9312678681485768
data\images\sat_patch_0067.png,periurbano,0.3573726075211968,0.3630717774412529,0.09198788834951231,0.21567650727221743,14.490840071694555,0.37619090069348393,0.3381870377472241,2208.076552185981,baixa,94.809326171875,120.8876953125,88.28662109375,101.327880859375,24.709908685404198,0.1209027776102663,-0.03562451894709454,-0.2895523042750049,13.71031746031746,0.8703662247171466
data\images\sat_patch_0068.png,residencial,0.6598282688845045,0.3058376547217575,0.01029024313042487,0.6650782055838669,3.23539442758445,0.8388970817957373,0.7790130006355811,10605.389772132301,alta,87.14501953125,112.6083984375,87.064697265625,95.60603841145833,33.49785954948409,0.12747405795459033,-0.00046106650444525796,-0.26675657935481756,16.74718915343915,0.8778083875551096
data\images\sat_patch_0069.png,periurbano,0.1568243468577115,0.6676389259704423,0.09609527207248142,0.3397946466676516,16.370087388852664,0.43131768725412745,0.5234777046331904,2331.0559203487055,baixa,80.79638671875,152.3994140625,88.176025390625,107.12394205729167,42.13106394542779,0.307051099534448,0.04367363012741137,-0.633968523465304,14.471808862433862,0.7316607418053135
data\images\sat_patch_0070.png,residencial,0.4499058346575983,0.32656431717771767,0.03988789677357294,0.38144977179413236,7.633199023192249,0.6386494446157499,0.5176982402937168,6769.551870623877,media,87.1259765625,120.29248046875,89.48193359375,98.966796875,27.421271736486627,0.15990141003387984,0.013340042446714736,-0.32322481961099825,14.20568783068783,0.8581522394481049
data\images\sat_patch_0071.png,centro,0.7840269931931012,0.03981003229282154,0.047207580349980516,0.7240563466617486,2.4906494141595843,1.0,0.8434124179857481,12776.689257476888,alta,101.33251953125,110.9228515625,90.71826171875,100.9912109375,35.439191348413466,0.04518298847585396,-0.05526797489782159,-0.14751244837738484,17.569527116402117,0.9091973548053858
data\images\sat_patch_0072.png,periurbano,0.3245001830104888,0.36624584644835806,0.033451424220938906,0.15674321423885704,10.26361773319218,0.5346743645992175,0.33774541426851135,4027.7635982463894,media,90.378173828125,129.38916015625,89.319580078125,103.02897135416667,31.64109141399789,0.17751039448559813,-0.005890968145663691,-0.3837782936163191,14.378596230158731,0.8358968637838091
data\images\sat_patch_0073.png,periurbano,0.2642482535588331,0.6973484715282998,0.021936514328249303,0.1893665737593065,11.592129288895825,0.3859085144861845,0.21027982737353434,470.43999605422346,baixa,72.627685546875,154.613037109375,88.540771484375,105.260498046875,44.84746023573352,0.36078635133428066,0.09873573360374589,-0.7032914461177238,13.99979332010582,0.7073825879552245
data\images\sat_patch_0074.png,residencial,0.5435425348892152,0.20596265028256322,0.0030008946595245336,0.717308548664484,8.387684752690056,0.6198343842250036,0.6035410757161569,7901.28069307417,media,93.2529296875,109.811279296875,86.83935546875,96.634521484375,28.932816671260017,0.0815424323697864,-0.035612709215016095,-0.20453494476516773,16.243138227513228,0.8995965430648832
data\images\sat_patch_0075.png,residencial,0.46845179570233614,0.37350926289745795,0.07127084828482531,0.5161927429227054,9.60458574634256,0.6174423847209983,0.5661764962156399,5692.712068814213,media,88.485595703125,117.77880859375,84.25048828125,96.83829752604167,28.79998725210437,0.14201777979319055,-0.024517792111926645,-0.3243630575883729,15.132564484126984,0.8603819857303858
data\images\sat_patch_0076.png,centro,0.6517999781058381,0.19416369486075938,0.07853779741429208,0.7190877935866317,8.985838684579942,1.0,0.8882969142848705,12230.511998284954,alta,99.188232421875,101.5556640625,88.622314453125,96.45540364583333,26.81964314753327,0.011793293197414732,-0.0562583842510395,-0.07931531315524351,16.178612764550266,0.9276426651151332
data\images\sat_patch_0077.png,periurbano,0.1396280112862507,0.6380709777447839,0.041975871792357254,0.36392866108072963,14.936371920252837,0.3763467121323955,0.30918884393692925,772.5315739441368,baixa,64.57666015625,138.574951171875,79.33154296875,94.16105143229167,39.952063030974365,0.3642515565965824,0.10252982380131553,-0.7075202314383647,14.02405753968254,0.7347037221722167
data\images\sat_patch_0078.png,periurbano,0.3579837188985865,0.710186374868089,0.018868746803479098,0.31930894972300744,9.836630819073735,0.6431125128404523,0.5125406066993689,4259.387884784201,media,76.1865234375,152.086181640625,78.64697265625,102.30655924479167,47.13839210624101,0.3324955466955773,0.015890936166482274,-0.7298596826546258,15.938368055555555,0.707008603758851
data\images\sat_patch_0079.png,industrial,0.6560056692241062,0.20588454402393047,0.06174861441007671,0.3129479329958785,5.47623065876748,0.672275110635165,0.5470133130728493,9141.888897058754,alta,97.062255859375,107.775390625,94.259765625,99.69913736979167,26.618083252306175,0.05230061415561901,-0.01464802743554457,-0.12150937391133057,14.880745701058201,0.9246678493739223
data\images\sat_patch_0080.png,centro,0.9467501191698514,0.1452501654753678,0.026773643896431214,0.7705928574047991,0.2,1.0,1.0,16268.96088877779,alta,99.6396484375,107.944580078125,94.368896484375,100.65104166666667,35.009575590536855,0.040007526872362344,-0.027167627735571354,-0.10869542259407394,18.38198578042328,0.9241086447981954
data\images\sat_patch_0081.png,parque_urbano,0.21757981781762153,0.9160896922622656,0.12650670028446248,0.14311939477523128,17.527915540898682,0.26641952809190744,0.31425774574961524,100.0,baixa,71.779296875,164.888916015625,92.859130859375,109.84244791666667,50.830227166001215,0.39341835394783997,0.12803714264295407,-0.7517103174846368,14.218212632275133,0.6668832349365232
data\images\sat_patch_0082.png,industrial,0.7573909262240731,0.196616174247088,0.005700762782687907,0.4192551476442543,3.462042995212495,0.836981610278754,0.5144908578899824,10370.65125521618,alta,93.951416015625,114.983154296875,92.865234375,100.59993489583333,29.3441428132375,0.10066183948942167,-0.0058141586017075335,-0.2144616585432247,15.757275132275133,0.8911720009881464
data\images\sat_patch_0083.png,periurbano,0.3381963117356678,0.4294364323527752,0.011650057231472277,0.42823774435456397,13.965310327083612,0.4921402283297169,0.4274070089844237,4190.24274430467,media,89.60400390625,119.07958984375,85.91162109375,98.19840494791667,29.17228408805423,0.14124534308895406,-0.021037345201959396,-0.31896421374052364,14.605778769841269,0.8643729397908185
data\images\sat_patch_0084.png,industrial,0.6549485593361014,0.12406762803244935,0.0851749424895098,0.5029926086847063,6.1568976879362625,0.6981093829912098,0.7584688685345697,8629.3272750087,media,88.988525390625,106.564697265625,89.635986328125,95.06306966145833,32.646866326521476,0.0898792233969816,0.003624703729881956,-0.1814841587401479,15.773561507936508,0.9050871733602799
data\images\sat_patch_0085.png,industrial,0.5774897970399387,0.2725202658286174,0.04966916921915167,0.6308097921836242,9.51124857306565,0.7261139361888873,0.5922902604977156,8683.26642979037,media,97.144287109375,110.981201171875,82.903564453125,97.00968424479167,28.06698566305606,0.06648351487501615,-0.07909409889410716,-0.21603281505080618,15.682084986772487,0.8887947609732092
data\images\sat_patch_0086.png,residencial,0.3905775415562899,0.43597642532856407,0.06638033801525663,0.39637173076790494,9.971145362116596,0.3310495885136421,0.5183739641418448,4516.640822141591,media,89.5126953125,132.855712890625,90.909912109375,104.42610677083333,33.74765243685872,0.19491535570834084,0.007744133670919686,-0.40836922959220234,14.814566798941797,0.8222090245939325
data\images\sat_patch_0087.png,residencial,0.5629498707986923,0.20512586071048772,0.06302372305926708,0.3512285354460738,9.280494541400225,0.8037744804779156,0.36136749431290416,8308.117124440207,media,97.673583984375,110.22705078125,83.09228515625,96.99763997395833,25.849012796028312,0.06038205102473589,-0.08066400375680223,-0.204583493079643,14.322833994708995,0.891666498937949
data\images\sat_patch_0088.png,periurbano,0.21432650993110927,0.6505753461921715,0.11867715483837676,0.2360916932697379,14.387499628791533,0.39820009427025566,0.30147908452247624,1637.0013362190327,baixa,87.521240234375,135.442626953125,83.607177734375,102.19034830729167,33.57574102474066,0.2149289349359997,-0.022872077727281243,-0.4880932329408427,14.064566798941799,0.801488643215608
data\images\sat_patch_0089.png,residencial,0.5203834640092682,0.3021524207846965,0.015725792222489543,0.7190144250439315,8.308614129794227,0.8291123331994078,0.6369439958959197,9384.639079134473,alta,88.869140625,104.218505859375,87.31591796875,93.46785481770833,24.280709223273774,0.07949428891155297,-0.008815859073586845,-0.1725296511984903,15.159680886243386,0.9116151335682018
data\images\sat_patch_0090.png,residencial,0.4848538400553834,0.4326967280637696,0.03454904029545419,0.377392326721573,11.089452382849956,0.5069820183436242,0.47446660653404077,6994.007180668927,media,92.0908203125,127.73388671875,85.367431640625,101.730712890625,33.055703274290394,0.1621431308858285,-0.03788715689459064,-0.38341184535599715,14.6015625,0.8350381533974025
data\images\sat_patch_0091.png,residencial,0.6645051311776667,0.4092690549404685,0.028579518895539103,0.395363715899473,7.856832226857107,0.7615310292909253,0.46336889115895646,8243.14587952433,media,88.053466796875,116.698974609375,89.139404296875,97.96394856770833,34.43647087705279,0.13990313119520378,0.00612856198541354,-0.28686612969883146,15.656291335978835,0.8680221069172531
data\images\sat_patch_0092.png,industrial,0.5576820246745855,0.09006347959325407,0.059945789906730364,0.5201140835567317,9.720179666337241,0.7718286695191386,0.709295470747554,10073.390901399984,alta,95.301513671875,96.60888671875,91.86474609375,94.59171549479167,26.511247485094543,0.006812413696190968,-0.018362110585885025,-0.03198754550673686,14.932746362433862,0.9399829415392187
data\images\sat_patch_0093.png,residencial,0.5519162896248453,0.4442697583901202,0.028683653606248173,0.5020308655027256,12.118880619070652,0.6427735818251687,0.6242381095744075,7156.065400365821,media,82.6474609375,123.302978515625,86.862548828125,97.60432942708333,32.105062628193515,0.19740437305536296,0.02486630654783593,-0.3949412230393845,15.359623015873016,0.8327882637493195
data\images\sat_patch_0094.png,centro,0.8291509114290743,0.18219528125291426,0.040891067245380185,0.8597308068936342,5.743581326249,1.0,0.8805730261595688,14131.59414108979,alta,103.3603515625,102.408447265625,85.78369140625,97.18416341145833,28.146080407428343,-0.004626086645157617,-0.09292737845424295,-0.08063480124264011,16.31055720899471,0.9124247196036536
data\images\sat_patch_0095.png,periurbano,0.15614442923983726,0.6029689945574987,0.04862854687067819,0.3840557422654918,15.545643910750298,0.411498822822568,0.3383522586021923,690.5335893232743,baixa,84.934814453125,137.038330078125,70.7529296875,97.57535807291667,36.54022449379149,0.23472891506898397,-0.09109185024688493,-0.606653755315185,13.951802248677248,0.7649753724748664
data\images\sat_patch_0096.png,centro,0.8794299959555307,0.10651707049213768,0.0622319868176387,0.7411377568433356,0.4481223510924275,1.0,0.6902917431174472,14134.201326104117,alta,95.90478515625,101.371337890625,85.811767578125,94.36263020833333,27.310298168470332,0.027710158848599876,-0.05554264248747813,-0.1114112799613103,15.554439484126984,0.9216686966121559
data\images\sat_patch_0097.png,centro,0.6750121992243184,0.1623722246819165,0.05129877666352029,0.7260827058693784,2.4684741126255836,0.8070239737578728,0.6585007546119729,11934.98505207321,alta,98.367431640625,106.027099609375,90.739501953125,98.37801106770833,27.818300452302346,0.037474916204613885,-0.04033659423376906,-0.1166280205438926,16.06981646825397,0.9223620284889592
data\images\sat_patch_0098.png,periurbano,0.13329393093642494,0.5525939452224397,0.029252652065865983,0.39206081785498026,14.627479090917396,0.238128256060048,0.4536025215525614,867.1594099883195,baixa,87.099609375,126.62158203125,73.293212890625,95.67146809895833,30.756788499373698,0.18492304020616268,-0.08607864244343627,-0.48525617235392676,13.195808531746032,0.8088156627084921
data\images\sat_patch_0099.png,residencial,0.6078390632691693,0.27697544156387655,0.09127130735257602,0.39618482107718417,10.120888922509867,0.7658887682978963,0.6568024826211083,7918.322858084754,media,100.532958984375,119.43798828125,99.320068359375,106.43033854166667,29.979507391334103,0.08594330044914072,-0.006068912915914445,-0.18332624600653843,15.770626653439155,0.9011625091788017
data\images\sat_patch_0100.png,industrial,0.6513111187013654,0.10711289390717503,0.0730646863548866,0.6141950113439929,2.140363960856938,0.6754593658655675,0.814496118897883,11322.371173393894,alta,98.185302734375,98.843017578125,91.01171875,96.01334635416667,25.74405114839311,0.0033381741232359208,-0.037915945452933524,-0.04420746649193147,15.627025462962962,0.9370164556696443
data\images\sat_patch_0101.png,residencial,0.5644206665997068,0.21853483462259332,0.06513391004822056,0.6683716139676388,7.13315696848062,0.8066605805308281,0.765267078570885,9612.489755144381,alta,82.787109375,115.922607421875,85.291259765625,94.6669921875,32.69139273849052,0.16675328420901267,0.014898707005130222,-0.3367955585999582,15.922577711640212,0.8548227607101775
data\images\sat_patch_0102.png,residencial,0.4120789218984241,0.4003022707522901,0.04410646756649178,0.5600850377386346,6.347921129633299,0.44113671238941476,0.34240065233581873,6083.674375934551,media,90.380126953125,123.0322265625,87.49169921875,100.30135091145833,30.23831275172065,0.15300004389851,-0.016238815220489942,-0.33993872292629956,15.154555224867725,0.8523018533930021
data\images\sat_patch_0103.png,centro,0.7543273031260233,0.11630570944240541,0.05371823780592234,0.7498989068994922,5.736227984956334,1.0,0.6833414007670812,11791.344498288488,alta,89.634033203125,99.126953125,84.10400390625,90.95499674479167,29.62486005757629,0.05029068800839322,-0.03182969807333514,-0.1347692251579922,16.074363425925924,0.9214113015344043
data\images\sat_patch_0104.png,centro,0.9044455024089515,0.036910409373271814,0.07876891450755533,0.8651442915036857,1.1557200095599742,1.0,0.7633869484735993,14008.477901200207,alta,98.601806640625,92.2119140625,90.61865234375,93.810791015625,29.811936426134025,-0.033487594713270306,-0.04218969924042154,0.02556545337862663,16.214781746031747,0.9335011372852614
data\images\sat_patch_0105.png,residencial,0.5214072323771745,0.20063819823579848,0.0045867840134533825,0.35234871004588014,10.340797618923956,0.5377131401680039,0.46783595910538,6733.738592695429,media,97.569580078125,116.106689453125,93.02490234375,102.23372395833333,25.55240406654628,0.08675324278597872,-0.023844749610698313,-0.20354778475174076,14.557208994708995,0.89914356239822
data\images\sat_patch_0106.png,residencial,0.46659355343561404,0.393171848472769,0.09029656928878323,0.5861265707347291,12.597403330098143,0.7115006068077527,0.6038309589893263,6442.354004981802,media,92.763671875,117.50537109375,85.502197265625,98.59041341145833,27.796556687767612,0.11766686503994896,-0.040733958797871894,-0.28778088308897515,14.921709656084655,0.8708522560180503
data\images\sat_patch_0107.png,residencial,0.5810093203770118,0.35566744705575454,0.04550687740950593,0.39649773840958896,9.088207961138204,0.6956576290808256,0.6774510625008453,9241.651929926813,alta,90.157958984375,121.026123046875,82.657470703125,97.94718424479167,31.706974829108344,0.14616709564201522,-0.04340172779370055,-0.3534395410813077,15.121858465608465,0.8485629731227508
data\images\sat_patch_0108.png,centro,0.9445702527650748,0.05595901911578968,0.03507536751339734,0.7872758162738934,2.566055178337513,1.0,0.8582909506468263,14634.32132701202,alta,92.144287109375,91.09814453125,84.96923828125,89.40388997395833,30.39796062663954,-0.0057090629230877685,-0.040511015586129684,-0.028425852703410377,16.151992394179896,0.9381930116952877
data\images\sat_patch_0109.png,centro,0.6629274092365212,0.05649859187225781,0.0539542833129687,0.7539504404779429,5.939014902652251,1.0,0.8831907207233025,11316.258332132928,alta,97.233154296875,97.144287109375,87.892822265625,94.090087890625,26.121403872911472,-0.0004571887889864661,-0.05045392415603386,-0.048690556913497336,14.81332671957672,0.9342236449146538
data\images\sat_patch_0110.png,residencial,0.6096533137600499,0.40145354180063064,0.027145817906468486,0.4732155633907814,3.109923486452642,0.7054424597852382,0.6225057381846377,8495.533606258652,media,82.788818359375,121.2255859375,91.5263671875,98.51359049479167,33.15305628172589,0.18840222347139207,0.050125000587802435,-0.345820232996618,16.01347552910053,0.84281189345105
data\images\sat_patch_0111.png,residencial,0.5678173394683333,0.22619379352590524,0.06748255747391309,0.39662077218117797,6.226146212320646,0.7807179793433452,0.5717732892709562,8022.258501360161,media,91.097412109375,116.773193359375,88.35888671875,98.7431640625,32.497417547866405,0.12351809467520816,-0.015260124014859516,-0.2738928201075406,14.941344246031747,0.8758434498774932
data\images\sat_patch_0112.png,periurbano,0.19075124193278356,0.6995566361171012,0.1083249168070414,0.3234701748771309,15.027274134684946,0.48635743448634927,0.37885881046274084,1303.9474555439572,baixa,91.7919921875,151.91162109375,94.81982421875,112.84114583333333,38.30588484202938,0.24669157691222418,0.016225296304030273,-0.5193647400374776,15.128348214285715,0.7684161341627574
data\images\sat_patch_0113.png,parque_urbano,0.07604331975163216,0.674480321986426,0.12545503226178512,0.08778106927725514,19.480258227300745,0.14078959469966573,0.011334401144239725,100.0,baixa,68.5615234375,146.646728515625,97.31396484375,104.174072265625,40.392693833444454,0.3628355511771796,0.17333749266293846,-0.6115627658386136,13.331886574074074,0.727418644378711
data\images\sat_patch_0114.png,periurbano,0.18624683126854097,0.3960471678547542,0.07481132464952947,0.28834875727531056,12.464380446063684,0.3976354524716676,0.252813424109266,1443.6457640468393,baixa,74.95263671875,129.07177734375,76.78955078125,93.60465494791667,35.05104793589454,0.26525815848275497,0.012105493407326204,-0.568355100021433,13.901785714285715,0.7889478341731002
data\images\sat_patch_0115.png,periurbano,0.38839734011933214,0.6420144721184724,0.034745901134059134,0.2348961987313711,10.836327877947003,0.4133237820657685,0.3158873936430733,3133.8758952204744,baixa,75.22509765625,146.5908203125,82.687255859375,101.50105794270833,42.93605573050763,0.32173399902062116,0.04725506263277608,-0.6663442161018583,14.631117724867725,0.7310772070659471
data\images\sat_patch_0116.png,centro,0.6772064716588031,0.06515753531323579,0.06406449565912671,0.9369883069651876,10.515157481156109,1.0,0.7160606714692007,11401.654578435408,alta,97.10791015625,102.464111328125,80.142578125,93.23819986979167,29.909074161569087,0.02683843709753631,-0.09571387983211979,-0.1484248629681964,17.128844246031747,0.9003296161849667
data\images\sat_patch_0117.png,parque_urbano,0.09725936716471305,0.8945527552042118,0.051984204884913204,0.2165444139518459,17.38174936361796,0.2899092715507115,0.31134271762481286,100.0,baixa,69.47314453125,183.662353515625,75.0576171875,109.397705078125,61.00292522501995,0.4510991520917804,0.038638643782134593,-1.0182752148084098,14.9484126984127,0.5790390673733149
data\images\sat_patch_0118.png,centro,0.9134805901560423,0.19356057187849887,0.0036012545142461772,0.7086579814894661,0.2,0.8641479314123554,0.8796181103175973,13442.390700421802,alta,99.46484375,112.719970703125,86.657470703125,99.61409505208333,34.39199868377707,0.06246972444667356,-0.06881159314881048,-0.19734971510742688,17.204613095238095,0.8921747481890114
data\images\sat_patch_0119.png,industrial,0.6861123066232794,0.2356449362594783,0.09280061814147188,0.6394364092810892,2.0070552537770294,0.8971505124129494,0.7170331741941396,10732.17746548861,alta,100.632568359375,109.8642578125,92.297119140625,100.93131510416667,26.735006674101488,0.04385666794676737,-0.04320459584813977,-0.13275774635367946,15.41397982804233,0.9163736461798486
data\images\sat_patch_0120.png,residencial,0.503158773881792,0.2662916693628288,0.01989825342255367,0.4338738403380079,4.539854266936805,0.6368739690671013,0.5451750334498439,7026.460582029312,media,91.72021484375,116.14697265625,82.7421875,96.86979166666667,32.90563130881396,0.11751136862323994,-0.05146110091158292,-0.2985014284471061,15.553819444444445,0.8688947185462534
data\images\sat_patch_0121.png,periurbano,0.23802444329709901,0.37540045683018863,0.05246958560344518,0.11914715232663416,13.836330500521708,0.29670669478244727,0.21979097025430144,419.5126502266248,baixa,91.254150390625,127.128662109375,91.67041015625,103.35107421875,31.592028609010097,0.16427351192977463,0.0022755815955219994,-0.3450992818453706,14.006531084656086,0.8515547778376581
data\images\sat_patch_0122.png,residencial,0.5538157503529043,0.22499438103201658,0.024234044822388914,0.7217635362450902,10.282593765267588,0.6892832735026988,0.7605629787913625,9551.930594749507,alta,96.370849609375,104.00048828125,88.108642578125,96.15999348958333,27.115913075665386,0.03807749508546093,-0.044786587866720316,-0.12230389830954078,15.932911706349206,0.9216766750514233
data\images\sat_patch_0123.png,industrial,0.4549245044105698,0.10792158827480754,0.06252229095901517,0.5137852338053165,8.690970112229717,0.6593682430255887,0.6105597819073516,7526.701978667533,media,91.6796875,98.680419921875,92.44091796875,94.26700846354167,24.08238312924039,0.036776257798509,0.004134412129905733,-0.07022729611530076,15.092427248677248,0.9350158310962848
data\images\sat_patch_0124.png,centro,0.7444145355589671,0.1575431886322068,0.0472818942914351,0.8759546479358447,0.8779298759849392,1.0,0.7480674202320974,13775.389004898963,alta,103.503662109375,100.546875,93.351318359375,99.13395182291667,26.906222045722448,-0.014490464650429422,-0.051572704303709214,-0.021378999881209868,16.088417658730158,0.9346423771570413
data\images\sat_patch_0125.png,centro,0.931264991315516,0.0843384037521919,0.05845972367709168,0.8796573219284615,4.241862425727762,0.9772886993606186,0.868987485751397,14955.226360645813,alta,93.17919921875,96.048095703125,83.546875,90.92472330729167,33.28793869731813,0.015161113360513602,-0.054504261506555796,-0.08452110965744991,16.842881944444443,0.929737711802096
data\images\sat_patch_0126.png,centro,0.813864392240338,0.0636151972523921,0.0069968940444057465,0.9454576679345357,4.558431077553459,1.0,0.9609962472416406,13996.355609212103,alta,97.995361328125,95.228759765625,93.729248046875,95.651123046875,28.789764400226282,-0.014318096169988954,-0.022251255448665557,0.006623496881903067,16.561631944444443,0.9390318559772965
data\images\sat_patch_0127.png,periurbano,0.2073745799225253,0.592146537944793,0.11095870580199489,0.11041939180074514,13.760313994112733,0.31824465954274905,0.27401997111637016,1759.6759006274185,baixa,78.844482421875,143.24658203125,84.791015625,102.29402669270833,36.939882318787234,0.2899805963737332,0.03634011713693956,-0.6005124091148797,13.266534391534393,0.7587921757394679
data\images\sat_patch_0128.png,periurbano,0.22535366702978457,0.6698209064139442,0.0040282534518246566,0.3620401171092058,13.283227337622192,0.36798746298601054,0.32471945765629834,1666.190399102808,baixa,73.957275390625,141.156982421875,76.9521484375,97.35546875,39.567406999388695,0.31239076108768443,0.019845500374055136,-0.674869842203319,14.370783730158731,0.7440556166694703
data\images\sat_patch_0129.png,residencial,0.5321788132806289,0.18507596394066678,0.042813307510102955,0.7385451479460394,10.837393329363827,0.8014696077318842,0.5231377213591399,8516.674522039302,media,87.4111328125,108.138427734375,81.613037109375,92.38753255208333,27.404472116035656,0.10599509790722021,-0.034303352422920326,-0.2557308531255268,15.628596230158731,0.8864853368107161
data\images\sat_patch_0130.png,periurbano,0.3790754658610239,0.464543902086469,0.09190801083603985,0.11679805186132033,7.021497826120542,0.45598258634065497,0.4348289713904733,3178.5895027698525,baixa,96.045166015625,129.68994140625,97.26904296875,107.66805013020833,28.39131290512388,0.1490453816680854,0.00633102425954058,-0.3068025896940797,13.903191137566138,0.8592448567067512
data\images\sat_patch_0131.png,parque_urbano,0.24209355568972218,0.7191360189769652,0.08904379870432534,0.14415105562521763,14.920743072464553,0.2878853092055208,0.19251551583058463,293.58203048472353,baixa,81.223388671875,159.589599609375,89.071533203125,109.96150716145833,42.92604960974462,0.32542352126186447,0.04608560489504846,-0.6769836092332452,14.041335978835978,0.7124993448330266
data\images\sat_patch_0132.png,centro,0.8786183609647036,0.1375157955012767,0.017789379001493088,0.9436364423242698,2.153534783028343,1.0,0.8565991141814471,15368.035783219071,alta,99.21875,103.26171875,92.30859375,98.26302083333333,32.46765206660802,0.01996720352828004,-0.03607921500201344,-0.07630588531785282,17.745205026455025,0.9311025994059656
data\images\sat_patch_0133.png,industrial,0.773992274038618,0.17523331899551803,0.03670379881130498,0.5045913372334665,5.750553646066151,0.8180770103168175,0.7718379917248126,10223.338276554357,alta,95.787109375,104.13232421875,91.3203125,97.07991536458333,27.986094370559048,0.041742889382955936,-0.023872900424608556,-0.1089680922418809,16.052703373015873,0.9264619757001433
data\images\sat_patch_0134.png,residencial,0.4174126298112448,0.36436060878338816,0.09124179837457097,0.3612891664981474,14.367222979480381,0.522654133481441,0.37017205900409456,5680.384420702482,media,97.849853515625,120.211669921875,94.824951171875,104.29549153645833,26.49236769486651,0.10254819810112473,-0.01569952196373874,-0.22890986942488745,14.667534722222221,0.8894993924718674
data\images\sat_patch_0135.png,residencial,0.6067645818417684,0.2835554953077946,0.07063982273018997,0.5388992445274738,9.130254121334527,0.5210850128175624,0.5802757781192419,8070.3984853753,media,95.351318359375,106.044677734375,79.9658203125,93.78727213541667,32.17528582140279,0.05309618626641439,-0.08775809413540869,-0.1960405477605724,15.792493386243386,0.8950393029572312
data\images\sat_patch_0136.png,periurbano,0.32744139713957987,0.525001227697012,0.056108890718294134,0.39793029221144194,17.530051709099098,0.5141147568875516,0.336793333145298,2435.7639898971756,baixa,84.468994140625,136.744384765625,86.616943359375,102.610107421875,36.36181684146019,0.23631206506204216,0.012554796949312115,-0.49898998064706845,15.07370205026455,0.7918179958359901
data\images\sat_patch_0137.png,periurbano,0.30039369070625477,0.48553875727000184,0.09200653681467494,0.32777298581435754,11.571372026499395,0.2816597123663808,0.5304088373493048,2827.733462208402,baixa,97.0048828125,136.61669921875,87.747802734375,107.12312825520833,33.652838909166505,0.1695554661186907,-0.050105252871526264,-0.4129860353492384,15.320560515873016,0.8167528305005197
data\images\sat_patch_0138.png,residencial,0.57485118211097,0.2864426200096042,0.04401546873959873,0.749024100235399,11.218182369813047,0.7833964739969875,0.792291775926033,9066.847839384393,alta,99.134033203125,115.769287109375,92.282470703125,102.395263671875,31.009162063236584,0.07740808194425239,-0.03579400064459273,-0.19591760635157754,16.983589616402117,0.8969826294867518
data\images\sat_patch_0139.png,residencial,0.4610385208659251,0.23106188372050107,0.06651751693791637,0.697914181401614,9.480218340139661,0.6013188801001876,0.7676570038343384,7655.319214671897,media,88.853515625,103.4931640625,80.2099609375,90.85221354166667,27.08399180858932,0.076110741215673,-0.0511260906975288,-0.20870625858606787,15.686921296296298,0.9017716375482296
data\images\sat_patch_0140.png,residencial,0.6279646155346349,0.3545339817725491,0.07822821429630479,0.5694944294001119,3.124091412511615,0.7817191652398381,0.657015039027551,10189.948930945318,alta,97.51123046875,111.63232421875,95.3095703125,101.484375,30.937748578546806,0.06751866536638396,-0.011418167209716949,-0.1499927814319418,15.99751984126984,0.9130506596411647
data\images\sat_patch_0141.png,residencial,0.3692387743572312,0.32287520844790063,0.0008361896563854776,0.5339513444915599,7.536610133300051,0.5972215990819261,0.4863703088841657,5493.912772126207,media,83.266357421875,117.873291015625,82.27685546875,94.47216796875,27.71443455909068,0.1720542602641027,-0.005977303024808782,-0.3715558238312875,14.329489087301589,0.8503153313911127
data\images\sat_patch_0142.png,industrial,0.7149449488759914,0.1861176562476914,0.08598879647543839,0.6398029107891516,5.942424590060244,0.8048938341036687,0.5996259759465729,10966.606829812368,alta,95.705322265625,115.23193359375,91.109375,100.68221028645833,31.583607359492554,0.09257070855502192,-0.024601636318199067,-0.21676704039448216,16.328125,0.8926532283397233
data\images\sat_patch_0143.png,centro,0.9400914371798101,0.14811343958302026,0.04016857993788986,0.7125353741501029,1.214319579299088,0.9276376462257527,0.9450162631248669,14225.719726010428,alta,101.848876953125,109.803955078125,88.0078125,99.88688151041667,30.25301665466296,0.037585502688855826,-0.07290269529133246,-0.14892456324293835,17.068287037037038,0.9046262151714333
data\images\sat_patch_0144.png,periurbano,0.39124965981480986,0.5423477115762909,0.0021305738695667786,0.4427915114784807,13.220812919360164,0.4907395155371612,0.574119572015196,5232.879563738007,media,82.891845703125,124.018798828125,84.3544921875,97.08837890625,31.04518823596388,0.1987667334341603,0.008745461898161699,-0.4160706968415698,14.597470238095237,0.8294322888833199
data\images\sat_patch_0145.png,parque_urbano,0.17060562215127062,0.8607484749738037,0.17465952096035228,0.21585441771459143,14.838860293191813,0.32410991580412396,0.3500835537734852,639.2459871598278,baixa,68.324951171875,172.0556640625,102.8837890625,114.42146809895833,53.54492751351914,0.4315269447079122,0.20185206457020743,-0.755551336878435,15.70618386243386,0.6429858681132654
data\images\sat_patch_0146.png,periurbano,0.36737601523253216,0.6136111541815269,0.051892452904380784,0.16065575501982604,8.721493735923914,0.44411147005398055,0.39676432807418427,2642.9077384229836,baixa,73.004150390625,139.697265625,76.286865234375,96.32942708333333,44.259759472075004,0.3135527547025027,0.021988696426361413,-0.6753051389054711,15.13897156084656,0.7423123435119043
data\images\sat_patch_0147.png,residencial,0.37589389353904246,0.30394309737407493,0.022841562608133737,0.4062340285918009,10.788335968081844,0.44875829534963074,0.4668927783345398,5505.649359248899,media,87.0361328125,119.8955078125,94.2509765625,100.39420572916667,29.103279056544334,0.15879338095402307,0.03979788598911303,-0.2913709274471679,15.008887235449734,0.8647637102259741
data\images\sat_patch_0148.png,periurbano,0.37857941230804915,0.534232966790209,0.07390712898891769,0.21020234464382134,13.631008095256195,0.49893513075559515,0.2570582185106752,3110.614636959323,baixa,93.218017578125,140.286865234375,96.0576171875,109.85416666666667,35.586392487791436,0.20157543126183775,0.0150024571196855,-0.415542248611601,14.785590277777779,0.8131506260347583
data\images\sat_patch_0149.png,residencial,0.600851999857741,0.3765963702442222,0.052306041566152574,0.6023034389006787,6.037998027355304,0.7507059845604138,0.6783880837497025,9347.591105035945,alta,89.813232421875,116.0439453125,90.825439453125,98.89420572916667,28.04837430336814,0.12742190023147767,0.005603490189226735,-0.26012251097225386,15.762152777777779,0.8769580868569653
data\images\sat_patch_0150.png,periurbano,0.19927263047108784,0.570013166901144,0.10789776297074681,0.3514837941291533,15.978183262345889,0.552458814398599,0.2428224347810658,1927.186273404017,baixa,73.951416015625,141.919677734375,91.491455078125,102.45418294270833,38.67965536737533,0.3148557790817893,0.10601870507035653,-0.577802095623574,14.789351851851851,0.759661561732554
data\images\sat_patch_0151.png,residencial,0.4377197991108939,0.1542097988981599,0.05992271303785435,0.6550041166250735,7.66577395937981,0.6597114096664272,0.5571962049432811,7952.8540436360745,media,98.903076171875,99.82958984375,82.3310546875,93.68790690104167,26.86472690487704,0.004662110592025389,-0.09143984808134115,-0.09833205394866193,15.35536541005291,0.9144483474652011
data\images\sat_patch_0152.png,periurbano,0.21111129830993866,0.39090409767346035,0.11057681727958063,0.32011838400775283,11.881186916314856,0.4962840225307638,0.36249428630868746,2518.638512791165,baixa,82.135498046875,124.681396484375,88.002197265625,98.27303059895833,29.68127810669953,0.20571771144815063,0.034482065679168214,-0.4030866676605597,13.887152777777779,0.8341387954402628
data\images\sat_patch_0153.png,centro,0.6559082262432467,0.03015093340677852,0.04457830306891256,0.8074051539307882,5.8350631355065286,0.7665706002374404,0.778191891078814,11539.861046198548,alta,99.205322265625,98.970703125,86.474853515625,94.88362630208333,28.361272585750918,-0.001183892647855104,-0.06856127008645505,-0.06461194000158542,16.782655423280424,0.9258972611810585
data\images\sat_patch_0154.png,residencial,0.6965152665241854,0.2486405212635286,0.017864385837453114,0.39311912961727646,2.728202140281015,0.7017246685054854,0.5658959689717091,9981.811114534989,alta,97.428955078125,114.41259765625,94.302734375,102.048095703125,30.887794897860534,0.08017144077134432,-0.01630518510391638,-0.181745211609807,15.658440806878307,0.9022106420588506
data\images\sat_patch_0155.png,centro,0.7353986972485229,0.027701648408658398,0.055305599989881146,0.5763236615563112,6.870529360132387,0.8742143482175635,0.6897572878924922,11452.480565784608,alta,96.799560546875,94.85546875,87.86279296875,93.172607421875,28.040966618350648,-0.010143703475267975,-0.0483951783327274,-0.02709264058335463,16.073454034391535,0.9366453686813865
data\images\sat_patch_0156.png,centro,0.8102046105629308,0.19387903588267805,0.07867628156494742,0.6519260857239311,3.6518569208429987,0.9638468751953073,0.659770699933853,12395.922548520495,alta,100.8486328125,104.7978515625,89.014892578125,98.220458984375,28.876456741712616,0.019203920469627916,-0.06232761215036255,-0.10044840829249839,16.60032242063492,0.9213685848979614
data\images\sat_patch_0157.png,centro,0.6880827774244053,0.04315460895991201,0.0771632260196432,0.7792843325078085,5.148406272747887,0.7747854692661057,0.6959262572550087,12408.243672808769,alta,99.2412109375,101.236572265625,91.376220703125,97.28466796875,31.764601802780945,0.009953029638951371,-0.04126060311179948,-0.060933099820863444,17.1640625,0.9344745475278453
data\images\sat_patch_0158.png,periurbano,0.27305089317710507,0.6678195015811503,0.07494674738267376,0.1570980288152807,16.52713995488866,0.484287672878991,0.20778937304469255,997.1184713576886,baixa,79.571044921875,150.739013671875,82.86083984375,104.39029947916667,45.34375370048112,0.30900938011798124,0.02025338132576929,-0.6659916770997064,14.845775462962962,0.7276887564138819
data\images\sat_patch_0159.png,residencial,0.4143162416834182,0.28906746268634265,0.0272630296575607,0.3675090907603473,11.716496581875113,0.5398473187044782,0.37721708095854833,4753.277955792837,media,85.684326171875,107.734619140625,84.868408203125,92.762451171875,24.899239647173594,0.11400275613705463,-0.00478396295993737,-0.24210498350683105,13.948247354497354,0.8931312273974626
data\images\sat_patch_0160.png,centro,0.6550074738222216,0.04797903699083582,0.011223712015163896,0.7038763328856826,8.350337138508976,0.904911959298125,0.6261695523291084,11129.22175090998,alta,102.265380859375,100.634033203125,92.488037109375,98.46248372395833,29.616124045298907,-0.008040179197892162,-0.05020370785669681,-0.033081881163998426,16.50136408730159,0.9353066649733794
data\images\sat_patch_0161.png,centro,0.6521981770501847,0.06850049214878699,0.05473625163428109,0.8908230383046345,7.752500809585987,0.9235813913378095,0.660584498387327,11280.66540222645,alta,95.130859375,92.673828125,90.510498046875,92.771728515625,25.689804201587048,-0.013082906873222177,-0.02488864209679561,0.0015829238789039372,15.091269841269842,0.9404318627756363
data\images\sat_patch_0162.png,residencial,0.6632423335265781,0.3525697596640283,0.06165383958810964,0.37620993745253545,6.325870043772909,0.7915623124541793,0.5359295014962772,9166.551608966913,alta,89.775390625,123.391845703125,88.365966796875,100.51106770833333,33.62038974599341,0.15769991439340988,-0.00791182822793569,-0.341466541279965,15.33953373015873,0.8459952539027331
data\images\sat_patch_0163.png,industrial,0.456253286276554,0.2559411562447881,0.06139414137941827,0.5164702779900089,11.46004888845608,0.6617517663670084,0.4520587092626691,5426.330963079123,media,94.2724609375,107.542724609375,84.970458984375,95.59521484375,25.039462016821826,0.06575453462612812,-0.05189606320452332,-0.18747030895070874,14.676215277777779,0.9038685598177847
data\images\sat_patch_0164.png,parque_urbano,0.12436714937508102,0.8668398171842072,0.08729999143166191,0.2480419051702033,15.275741158362111,0.25642226872509133,0.18974995398431732,100.0,baixa,85.097412109375,173.77587890625,80.310791015625,113.06136067708333,51.479767698224336,0.3425554876921122,-0.02893823265339802,-0.8055075225775346,14.290922619047619,0.6524785359602503
data\images\sat_patch_0165.png,centro,0.796773609521332,0.11355666192639083,0.05123047443315208,0.5621688274850608,1.6273247324674993,0.8302312015174993,0.8999188184414716,12300.557779453045,alta,104.350341796875,103.143310546875,87.377197265625,98.290283203125,32.259952790129105,-0.005817195998763099,-0.0885274203472127,-0.07406165395331675,16.28559027777778,0.9149572622974734
data\images\sat_patch_0166.png,periurbano,0.2914497677954407,0.7024738691326207,0.05686473967692465,0.2576874530854516,15.376863805992937,0.39679720972579824,0.42351009284239294,1373.9365656995428,baixa,85.67724609375,148.466796875,88.33984375,107.49462890625,41.70446428073401,0.26816633776783233,0.015300782488317469,-0.5717332298992517,15.124049272486772,0.7572521841869376
data\images\sat_patch_0167.png,industrial,0.7864307774573255,0.11276318088975344,0.09451521368048349,0.5549066796892839,4.651942646472911,0.824301494874427,0.6883259788267391,12489.968605670008,alta,89.948974609375,100.158935546875,88.546875,92.88492838541667,28.72542723758605,0.05370613392889482,-0.007855082370757131,-0.11746804152601935,15.169808201058201,0.9253939834505418
data\images\sat_patch_0168.png,periurbano,0.10232099096595651,0.46202073288838164,0.07983136137041422,0.2240208555570269,18.479037833922398,0.3615814976496917,0.3689409960724618,1217.2609632133804,baixa,73.427978515625,110.754638671875,92.761962890625,92.31486002604167,24.574240472588894,0.20266114426851634,0.11633666932586226,-0.2996231339279958,13.098255621693122,0.8648677961603781
data\images\sat_patch_0169.png,residencial,0.4625593689873544,0.2791872907322288,0.07307439054930777,0.4947018601882568,9.53603252468843,0.6147216643693106,0.6527223602326723,7975.753187661308,media,94.41064453125,120.62548828125,92.2060546875,102.4140625,32.30483172075828,0.12190901726710703,-0.0118134649319477,-0.2667322996306557,15.676835317460316,0.8771816942207649
data\images\sat_patch_0170.png,industrial,0.498236492160518,0.213025071875112,0.03758402068488575,0.4673938058904805,6.107963194950818,0.5729370209795299,0.543561828575313,7588.633595043215,media,95.373779296875,115.53466796875,89.229736328125,100.04606119791667,29.981520905617234,0.09559071169346292,-0.03328237230296587,-0.2322221349430962,15.25380291005291,0.8881422915924794
data\images\sat_patch_0171.png,residencial,0.6574037647305979,0.18091456156573507,0.08627910812103635,0.7109278171334109,1.3535459253008666,0.7530581134910277,0.5430739392385481,10855.124844256665,alta,87.3125,93.44775390625,87.311767578125,89.35734049479167,27.47923564721474,0.03394138777593562,-4.194273115436544e-06,-0.06866386146397523,15.79236937830688,0.9349684879933685
data\images\sat_patch_0172.png,residencial,0.35934109697597544,0.38536909563460253,0.045015451192490744,0.42844915853470866,8.8123932434923,0.4024726359429554,0.19104363661260804,5332.003346975524,media,87.475341796875,119.20361328125,90.6630859375,99.114013671875,28.47775491451472,0.15351476553995008,0.017894758381293997,-0.3040377237651494,15.120205026455027,0.8667614965233338
data\images\sat_patch_0173.png,periurbano,0.28804923735061183,0.5141405306641046,0.09943524826254145,0.4229530833377172,12.820531449772323,0.519599814771726,0.45300101665810993,3429.9357901610124,baixa,95.706787109375,127.317138671875,89.10791015625,104.0439453125,29.293759930962135,0.1417352479561737,-0.03570536875611896,-0.33552927658289317,14.490823412698411,0.8497686659360729
data\images\sat_patch_0174.png,residencial,0.6551476643787747,0.37187068385662103,0.09023007867807162,0.3645089268599042,10.762863187480843,0.7234061868107282,0.5769732633047815,6710.476035198015,media,100.323486328125,117.725341796875,90.247802734375,102.76554361979167,28.645666000224267,0.07980714933706022,-0.05287094184252815,-0.21835817976391406,15.063368055555555,0.8874142791084328
data\images\sat_patch_0175.png,residencial,0.6280117741558922,0.30534685373758064,0.04306790082581983,0.39542609026062553,5.812035745236966,0.6843226923316424,0.5169830310388537,9382.166291203705,alta,91.269775390625,115.02294921875,96.015380859375,100.76936848958333,30.182019416957004,0.11514305101141935,0.02533892988868983,-0.2121713294629686,15.651083002645503,0.8890377888269106
data\images\sat_patch_0176.png,industrial,0.6820287590954248,0.07640129179660217,0.056979472403824755,0.654416592692996,5.73972469650244,0.8874923743894054,0.7017632993067948,10983.040083303702,alta,95.695556640625,103.14990234375,88.32763671875,95.724365234375,32.36958939797796,0.03748813628287391,-0.04003799601199371,-0.11635810298070891,16.388434193121693,0.9248913767399654
data\images\sat_patch_0177.png,residencial,0.6209927607971881,0.1612238955158173,0.08278816455012422,0.43838373129569796,3.0365011492797347,0.7811587527605932,0.5357286437611132,9161.462334322348,alta,95.992431640625,101.224853515625,96.859619140625,98.025634765625,26.97452943131878,0.026531253811364647,0.004496646481021843,-0.048954827862313366,14.768849206349206,0.9360479534792308
data\images\sat_patch_0178.png,residencial,0.5195488754440626,0.1889461957574084,0.050846901546564675,0.584996030917337,11.105426289828436,0.6346506194656671,0.5941946636549873,7374.132209201447,media,98.03125,110.353759765625,92.660888671875,100.3486328125,26.161066575749512,0.0591333787413548,-0.028162468245234492,-0.1495555032441115,14.862392526455027,0.9165985166663054
data\images\sat_patch_0179.png,parque_urbano,0.13095596950569363,0.8710008880575987,0.09745701579645728,0.12051581092341762,17.91024065913533,0.32670395637259014,0.31667875987493566,100.0,baixa,72.743896484375,173.055908203125,80.16748046875,108.65576171875,52.15793813430884,0.40810452001041314,0.04854827733388617,-0.8890482870807996,14.11491402116402,0.6337508627703873
data\images\sat_patch_0180.png,periurbano,0.24773068407855725,0.4270136085425562,0.052257846414106544,0.38088581730544646,14.98552610294485,0.387666637327576,0.34517918146124293,4072.377349687693,media,78.47607421875,133.368896484375,84.67138671875,98.83878580729167,34.172304422461195,0.2591178909006659,0.03797369831210342,-0.5240368451366291,14.186549272486772,0.7923438975427509
data\images\sat_patch_0181.png,residencial,0.570966369443497,0.3539385083479012,0.02555410365900093,0.45508556082909646,12.454372719228052,0.586304563494246,0.5666964291525247,6222.018482870748,media,89.517822265625,114.831298828125,83.440185546875,95.92976888020833,33.39398988483339,0.12387367414716292,-0.03513937724236079,-0.2955526210193118,15.252562830687829,0.8681199808229323
data\images\sat_patch_0182.png,parque_urbano,0.15399717284488298,0.6204842427807675,0.10076376058040103,0.1556558240792909,14.929346249900696,0.26156279695003554,0.15878731638787127,100.0,baixa,78.81298828125,165.05078125,91.202392578125,111.688720703125,47.220958023781265,0.35363101612381176,0.07287225521231168,-0.7166622520138749,14.362723214285715,0.6894127866897194
data\images\sat_patch_0183.png,residencial,0.5708714481405261,0.21942334822751536,0.01399387293463873,0.505874449520245,7.068045242355502,0.7560725783855765,0.6860550591981232,9388.914916578968,alta,94.560546875,102.7236328125,82.592529296875,93.292236328125,27.88399865750336,0.04137729598517787,-0.06755749191143633,-0.15164278542066378,15.259383267195767,0.9109361120880821
data\images\sat_patch_0184.png,industrial,0.7829763306818734,0.15409666443103187,0.052009002017731044,0.5264755387318492,1.8057517063109478,0.9189405986277526,0.7689002076444835,12067.341788157271,alta,99.038818359375,109.39013671875,97.525146484375,101.98470052083333,32.33997955541542,0.049663533100914425,-0.007700657994473045,-0.10891980984624285,16.65100033068783,0.9241932413660657
data\images\sat_patch_0185.png,industrial,0.6069102619421521,0.25973180914296945,0.09338740258890055,0.6436317834922095,3.9078321574246866,0.656655555143607,0.6644194008462263,10462.295841114568,alta,91.260498046875,109.533203125,93.91796875,98.23722330729167,28.943351041362146,0.09100238145160532,0.014350862358576263,-0.17248013516302935,15.678364748677248,0.9054369258106348
data\images\sat_patch_0186.png,parque_urbano,0.06525235461737199,0.6500255460133081,0.15783002011561606,0.08212323933383943,18.502064232811296,0.14976225395695722,0.17209510510285975,100.0,baixa,74.588134765625,152.052978515625,98.123779296875,108.25496419270833,38.913455445961254,0.3417951945553449,0.13627111090009658,-0.6068730553598675,12.783730158730158,0.726113997909304
data\images\sat_patch_0187.png,periurbano,0.36298590232478944,0.49930828872124056,0.0923520867372941,0.37283118766142964,9.989204716626906,0.3791877948518692,0.5144239668399592,4277.6293718743655,media,92.889404296875,133.038818359375,84.718505859375,103.54890950520833,33.66758190607052,0.1777087139125538,-0.04600526172683647,-0.4271881091305646,15.074239417989418,0.8161241826846641
data\images\sat_patch_0188.png,industrial,0.6399946699798436,0.09425919126469708,0.0889826549811051,0.4673036763106141,8.267798238455882,0.7787132537603237,0.6579644539819711,9654.973332603939,alta,102.25634765625,99.29541015625,95.3310546875,98.9609375,25.872966987488642,-0.014690705342613792,-0.03504926352365599,-0.005069767849614724,15.070808531746032,0.9380321419626922
data\images\sat_patch_0189.png,residencial,0.3569611577962457,0.30472105303742253,0.09280281534977276,0.6114664124659495,14.019454560025284,0.579968999641167,0.6857755787338001,5159.133534125113,media,90.8447265625,112.946044921875,82.121826171875,95.30419921875,29.791614178075545,0.10845102597110744,-0.050431139444570144,-0.27766634097918025,14.641782407407408,0.87664833326049
data\images\sat_patch_0190.png,periurbano,0.22324120158733046,0.7215327500130528,0.07980987294243351,0.15285342044778558,10.749114123686592,0.3406164395105459,0.0950942910317506,999.7923489704123,baixa,79.182861328125,156.958251953125,79.98779296875,105.37630208333333,45.52338318132045,0.3293598019206751,0.005057035413491844,-0.7342535517069688,14.137896825396826,0.7014672384378811
data\images\sat_patch_0191.png,residencial,0.3765343576104153,0.41224156453979344,0.029333866858473768,0.7140697761439981,13.068344801985917,0.5663064374868785,0.6013746656268718,5379.633460529515,media,93.35498046875,117.090576171875,82.779052734375,97.74153645833333,30.712578220015097,0.112787344951505,-0.06004477091678038,-0.296941917684537,15.96875,0.865222139697109
data\images\sat_patch_0192.png,centro,0.9398333629247431,0.13072259179771165,0.005013551053940075,0.561158937307124,2.520989123924716,1.0,0.6438001656670931,15228.32102386837,alta,93.20751953125,102.27197265625,82.71875,92.73274739583333,26.627830723029543,0.04637035311067417,-0.05962025739292227,-0.15430188512851115,15.389219576719576,0.9105544843774578
data\images\sat_patch_0193.png,residencial,0.5764462856039224,0.30584317737581757,0.0984933959263453,0.48626388611676624,11.003345022527927,0.8607095166588626,0.6459162500369783,8200.387526075163,media,96.3896484375,117.412841796875,94.7705078125,102.857666015625,27.361756062302245,0.09832997379029093,-0.008470073724005581,-0.21226189845972696,15.16087962962963,0.8932443245894713
data\images\sat_patch_0194.png,residencial,0.6239972799386214,0.3049831716067273,0.01150183595168518,0.42700338752800393,7.451941182825266,0.8574164236825704,0.726792630963689,9833.172229865248,alta,95.70849609375,110.185791015625,73.3642578125,93.086181640625,33.26353662719551,0.07031421344813793,-0.13215753356381854,-0.2755448051997568,15.981936177248677,0.8619813015174742
data\images\sat_patch_0195.png,residencial,0.5782998083460098,0.22579592701325796,0.008210275037103565,0.6934912978200196,11.684917445079929,0.9147180312786971,0.7170629268259348,9466.4524254883,alta,92.77734375,105.80224609375,82.89453125,93.82470703125,32.40029078091131,0.06559033729704122,-0.05625722639860691,-0.19148803093281141,15.310515873015873,0.9029584425238388
data\images\sat_patch_0196.png,industrial,0.780947009743235,0.08773960912785043,0.06570432722322447,0.49093495869446657,8.550285866454534,0.9445511654643154,0.6695829260214982,10366.727068543229,alta,99.203857421875,101.864501953125,86.423583984375,95.83064778645833,25.033728189011526,0.013232537064945468,-0.06884905201424944,-0.09444558045482992,14.880663029100528,0.9227680262089437
data\images\sat_patch_0197.png,parque_urbano,0.16027220718827384,0.9176758887438365,0.07203149225838959,0.11973620781488992,15.321479182206154,0.35830440935485625,0.220230271590068,100.0,baixa,64.67529296875,179.86767578125,83.901123046875,109.48136393229167,58.90284012313821,0.4710517048609614,0.12940028077338223,-0.9643601706896212,14.714905753968253,0.5945377566151514
data\images\sat_patch_0198.png,residencial,0.46068452533405735,0.18787077855484752,0.054480646654057066,0.4015448259435649,9.219570533330835,0.4321793211224969,0.5401160179635938,5374.150148720445,media,90.512451171875,117.60498046875,86.1806640625,98.099365234375,31.82634112147367,0.13017904820908538,-0.02451587929225885,-0.29825292430187034,14.856894841269842,0.870163872987989
data\images\sat_patch_0199.png,centro,0.7878451985472041,0.04608957230482298,0.028900863666638132,0.763621235805386,0.2,1.0,0.8100895287687708,13512.991646664903,alta,97.47900390625,98.8623046875,91.990234375,96.11051432291667,28.635900628644404,0.007045388380632629,-0.028969185457605687,-0.04294728347888476,16.275669642857142,0.9386903216313122
data\images\sat_patch_0200.png,periurbano,0.15917928282122873,0.466681802253846,0.11095600478472818,0.11625735041976569,16.08506689828574,0.38475058169771875,0.0855114754244374,1077.9260610283518,baixa,79.78173828125,125.674072265625,80.8828125,95.44620768229167,28.759258081476514,0.2233683906960432,0.006853249248466135,-0.4750507903978417,12.853587962962964,0.8189461854948582
data\images\sat_patch_0201.png,periurbano,0.11222085331721388,0.4439746746180937,0.11582541857142825,0.3954154295152428,16.011071525470296,0.3191034885851108,0.3426239688250223,100.0,baixa,64.5654296875,132.274169921875,85.510009765625,94.11653645833333,35.52549966270889,0.34397926039660026,0.1395603438836276,-0.608144453047392,13.926421957671957,0.7649830862970625
data\images\sat_patch_0202.png,centro,0.8831239222237754,0.19445497635763997,0.021132897101805916,0.6355600338012192,0.2,1.0,0.7695757530452961,14287.396209010336,alta,93.078857421875,105.97119140625,81.363037109375,93.47102864583333,32.12610914077864,0.06476930799820058,-0.06716173472444982,-0.20059952491879748,16.3817791005291,0.897040372428965
data\images\sat_patch_0203.png,parque_urbano,0.11430806640152531,0.675481917841398,0.19530047416332508,0.03552171731461102,17.874025070917707,0.17736536689518495,0.3179843889902968,100.0,baixa,79.7431640625,151.35693359375,98.987060546875,110.029052734375,39.242770105434715,0.3098820379032895,0.10767007325573248,-0.5634132002872544,13.362516534391535,0.7445026428245375
data\images\sat_patch_0204.png,residencial,0.4591837244569018,0.2328064263574634,0.029433474638874215,0.5325079366444394,10.008312657161628,0.5216562457209035,0.5000560524420148,6632.492714719292,media,94.99755859375,106.904296875,85.5634765625,95.82177734375,28.806259622790886,0.05897290143586621,-0.05224871451826483,-0.1734864410180224,15.766493055555557,0.9066568824077766
data\images\sat_patch_0205.png,residencial,0.3610051199373387,0.32393799027867776,0.012438519046294606,0.5410850441751309,10.458629328364673,0.5618930024973146,0.36724063800971607,4441.439050707877,media,83.17529296875,122.72607421875,78.363525390625,94.75496419270833,33.25029516676661,0.19208605361953626,-0.029787066645697545,-0.44279120311777803,14.555514219576718,0.8243690779997456
data\images\sat_patch_0206.png,residencial,0.40887762065015776,0.23241132738165066,0.022272844171034225,0.662996142527106,11.712709799700189,0.5401975031489995,0.6174224043336858,6498.807577671475,media,83.877685546875,110.819580078125,81.66845703125,92.12190755208333,27.413983287632217,0.13837839122385778,-0.013345091995951054,-0.3044499319421475,14.768642526455025,0.8733447277072115
data\images\sat_patch_0207.png,residencial,0.407153379939226,0.2871776560847323,0.06895110586429375,0.5879954359786979,11.2160831389133,0.6111213673631635,0.5868625025279844,6799.5345631033615,media,86.870361328125,117.6826171875,91.486572265625,98.67985026041667,26.71180850821714,0.15063215374489997,0.02588186967899235,-0.2888548171338685,14.827215608465607,0.8694800252851551
data\images\sat_patch_0208.png,residencial,0.38087728428968826,0.2276263155866064,0.007538568831911641,0.5014279207118598,10.516882251620544,0.4338979140656026,0.537850270746424,6500.280834630751,media,92.53125,111.428466796875,88.8125,97.59073893229167,25.335658172621383,0.0926517108427012,-0.020506634386315302,-0.2126901774827806,15.057581018518519,0.9005090339970638
data\images\sat_patch_0209.png,periurbano,0.26829338446997575,0.4690654998750219,0.10509051173548153,0.18422071975027665,12.765620724794063,0.3861488087218224,0.17548171117706282,1401.5551833787213,baixa,90.27294921875,129.545166015625,82.452880859375,100.75699869791667,30.166503543570794,0.17865778066718616,-0.0452744578536023,-0.4285781742809812,13.416377314814815,0.8223249029696946
data\images\sat_patch_0210.png,residencial,0.6582312738993281,0.4065381333275202,0.018672530683667754,0.5143015220834711,5.815996540219632,0.7537952053939561,0.4670256685880041,8492.509419831955,media,95.06884765625,122.46630859375,92.7197265625,103.41829427083333,33.03502418451874,0.1259449795786975,-0.012509393028908017,-0.27627627596790466,16.086598875661377,0.8700608043645645
data\images\sat_patch_0211.png,industrial,0.5146360561571901,0.12447624105507406,0.07342449678840224,0.6893315161605603,11.94182002621907,0.718316783469043,0.6553904383919805,7850.884493449837,media,91.235107421875,97.9912109375,86.574951171875,91.93375651041667,28.338819854722622,0.03570382565436861,-0.026208619808391335,-0.09883400707945043,15.472635582010582,0.9317854773731183
data\images\sat_patch_0212.png,centro,0.659897923656802,0.04738688037798877,0.07152986677021987,0.7926470109688164,8.639600976545132,0.8862357030853408,0.7079691693591312,11359.20877673406,alta,103.512939453125,91.501220703125,93.6796875,96.23128255208333,23.781480464188974,-0.06159408464893954,-0.04986622499631416,0.07372958679905187,15.576636904761905,0.9233442065830967
data\images\sat_patch_0213.png,centro,0.927111290224665,0.17004253577996123,0.05176028729206293,0.8989118595535115,4.879597637283332,1.0,0.7627261268749527,14900.815790392106,alta,98.2197265625,99.48583984375,83.7939453125,93.83317057291667,30.578248753787534,0.006404034534082497,-0.07925658013564219,-0.09036254198933331,17.308986441798943,0.9180989200460465
data\images\sat_patch_0214.png,residencial,0.674441639494027,0.22920863133677785,0.005651854254685207,0.6299880795245694,10.61439130215561,0.9272277671657846,0.7240253657865156,10674.646555804426,alta,93.896728515625,107.59326171875,85.920654296875,95.80354817708333,28.670249677620635,0.06797624596247596,-0.044356524656519576,-0.1845920163125881,15.906498015873016,0.9036422809504858
data\images\sat_patch_0215.png,periurbano,0.14205836986456966,0.7086814484630194,0.0724817462506987,0.2004080039465524,10.045165375904793,0.4130047771342297,0.3616647223896365,838.340660593925,baixa,84.101318359375,156.01220703125,92.622802734375,110.912109375,40.89320428565673,0.29948703745614014,0.04821913541875996,-0.6099437316235901,14.22048611111111,0.7360472574882615
data\images\sat_patch_0216.png,periurbano,0.14134696010628484,0.6306921854446657,0.10736729602940982,0.32990401248563983,12.779299889715904,0.44167385549837435,0.4033183702922014,100.0,baixa,78.884765625,134.81005859375,78.5703125,97.42171223958333,33.44236078276301,0.26170635115521274,-0.0019970973737237327,-0.5756675556847338,13.7296626984127,0.7789835828263534
data\images\sat_patch_0217.png,residencial,0.4610595466368835,0.17533632347560435,0.00980347658573626,0.5175733047321277,13.605996486313686,0.6539166409931877,0.4512560158413966,7353.675030401325,media,84.8486328125,95.2578125,81.04052734375,87.04899088541667,25.05769142144409,0.057794598142473966,-0.022955722014672005,-0.1414517521131435,13.814938822751323,0.9248451725651798
data\images\sat_patch_0218.png,residencial,0.4817501018457041,0.2370699561443234,0.057186779126740285,0.7496236942610262,9.368888473789951,0.6718572485652609,0.7858940767795767,9472.870836539314,alta,90.8134765625,105.719482421875,88.912109375,95.14835611979167,23.962574149343013,0.07584481432814158,-0.010579279333004515,-0.16665226739712855,14.909722222222221,0.9137910673875074
data\images\sat_patch_0219.png,centro,0.8503269091183023,0.1948796560999033,0.007697860886911352,0.6675201642458752,0.6376069974588559,1.0,0.8461477482595102,13421.389518741124,alta,106.97265625,101.9208984375,80.7705078125,96.5546875,31.619713061142892,-0.02418340669186231,-0.1395637941268182,-0.08336536041178363,17.172453703703702,0.8911127802347176
data\images\sat_patch_0220.png,centro,0.7639891862920621,0.08318274668604496,0.03442394090962341,0.8640870929624013,7.780320107394946,0.9006804871682199,0.7594083400813891,13505.404592089606,alta,98.863037109375,96.477294921875,86.8525390625,94.06429036458333,27.685150287410792,-0.012213259547982525,-0.06467146283458815,-0.038479074082519486,15.428654100529101,0.9307935387146975
data\images\sat_patch_0221.png,centro,0.7196569555809498,0.191408609839646,0.004787428380689027,0.6274698146141757,8.25047356170101,0.770437331871701,0.6567784027800618,11616.682301949668,alta,91.096923828125,105.948974609375,79.31494140625,92.12027994791667,33.04088946266624,0.07537355927551716,-0.06913827471187198,-0.22517345560328114,16.929356812169313,0.8895093636402284
data\images\sat_patch_0222.png,industrial,0.7427148417322509,0.25475932576159976,0.06508904615304772,0.6969119760645734,9.799024274050659,1.0,0.840327026012971,10789.909276175349,alta,95.513427734375,108.081298828125,89.720703125,97.77180989583333,27.23958754822095,0.06172984558203692,-0.03127244720628857,-0.158166584588611,15.847759589947088,0.9113521141703177
data\images\sat_patch_0223.png,periurbano,0.13253381981527937,0.6374766000882075,0.054598534151960934,0.27089939227886406,18.295870899695114,0.4198802031869485,0.2621943869910087,257.88435946820107,baixa,78.730712890625,151.11962890625,92.946533203125,107.59895833333333,38.98887401672449,0.3149393432908519,0.08280550016471888,-0.6067066657879046,13.640294312169312,0.7438225022819647
data\images\sat_patch_0224.png,parque_urbano,0.2277109822861777,0.6011033937638666,0.17991231655079012,0.09868398312499602,15.621259391301042,0.3240023518035329,0.18337529712388553,955.272627538442,baixa,76.31787109375,141.042724609375,96.332763671875,104.564453125,36.30463168787964,0.2977763886249694,0.115927129311562,-0.5232887952645112,13.592923280423282,0.7617424070221349
data\images\sat_patch_0225.png,industrial,0.4896410330000739,0.1692580104695462,0.09071484425376802,0.4731550848711237,2.8532243088473237,0.8090101119905602,0.6006932776100118,7743.957626351488,media,95.771728515625,102.553955078125,94.6259765625,97.65055338541667,23.74467024256474,0.03419741914110974,-0.006017677296253081,-0.0753206429328877,14.264426256613756,0.9354199790618812
data\images\sat_patch_0226.png,periurbano,0.1571520240325745,0.6595249189800478,0.08512841364015515,0.1437710559228779,12.478522460955446,0.302398582902767,0.20636009174390352,100.0,baixa,78.5908203125,151.923095703125,83.63232421875,104.71541341145833,40.93130101831295,0.31812515417736925,0.031077586923493758,-0.6762282691186251,13.47296626984127,0.7269725179985755
data\images\sat_patch_0227.png,periurbano,0.36484561151711525,0.46792719851429215,0.039525533485531866,0.31762359332963874,11.246611261200197,0.5620095458868605,0.28589640591405197,3793.457152479241,media,87.9814453125,131.344482421875,75.115478515625,98.14713541666667,37.68900932746613,0.1977104912292055,-0.0788854039426766,-0.5073609106272049,15.199198082010582,0.793498550631947
data\images\sat_patch_0228.png,residencial,0.43833414012718114,0.23723302239039323,0.032753970501038086,0.5707321379096084,7.950298031266497,0.6555859529478838,0.6576134272914934,7958.133683371549,media,89.933837890625,107.06396484375,87.01416015625,94.670654296875,24.43475271272029,0.08695592858599921,-0.01650020203733162,-0.19636460487166543,14.789641203703702,0.9045514828571215
data\images\sat_patch_0229.png,residencial,0.6717239927562346,0.3978068658837246,0.010042690649128928,0.40831728926173577,7.488052913963996,0.8177336132767805,0.6046426931906945,9441.288119499559,alta,85.21337890625,107.49072265625,85.51171875,92.73860677083333,25.317647375532925,0.11560388935038245,0.0017474867263113935,-0.23860800113374575,14.622933201058201,0.890813375363376
data\images\sat_patch_0230.png,residencial,0.5955711924913498,0.3206206714496399,0.06881989388814451,0.5212676131066831,7.953567576963243,0.7156119695231972,0.4283975030035754,7906.304158143291,media,99.483154296875,111.748291015625,88.456787109375,99.89607747395833,28.867138927753235,0.05806491851883035,-0.05866963161915556,-0.17796815034270427,15.598048941798941,0.9016461669620215
data\images\sat_patch_0231.png,periurbano,0.2148300241201711,0.43847503190350307,0.04975402048615475,0.16430324860891327,12.542285684862719,0.22127052211933027,0.43681158916462104,1478.1261569938977,baixa,79.5966796875,119.312744140625,88.87646484375,95.92862955729167,30.12843655855764,0.19966909304294217,0.05508168751160818,-0.3656486251417024,13.573578042328043,0.8476526586391232
data\images\sat_patch_0232.png,residencial,0.6581223407426213,0.2953383257740094,0.08916097202567302,0.36751484455779626,4.857005229998398,0.7354979017947485,0.6520395037039782,8168.565020526785,media,96.32421875,114.76904296875,81.80078125,97.63134765625,29.90741736891727,0.08737760732480104,-0.0815350872615574,-0.2633021393493202,15.105158730158731,0.8739832707122859
data\images\sat_patch_0233.png,residencial,0.5781781722658124,0.20602223427505895,0.02214520186114488,0.5755864413431884,2.6405987080651965,0.7437608239687301,0.4297530066324462,10821.70438659021,alta,101.476318359375,110.182373046875,91.47705078125,101.04524739583333,24.36681359999539,0.04113251664046906,-0.0518221970978662,-0.13563911904963621,14.906415343915343,0.9156594642630074
data\images\sat_patch_0234.png,centro,0.7501106866256626,0.17769198738983133,0.02725312978144884,0.8790237769051465,5.016590178308263,0.9797731310087554,0.9071199081546742,11691.25838760963,alta,94.818603515625,111.45703125,87.511962890625,97.92919921875,29.57832227675714,0.08066113902700538,-0.04007359121918435,-0.2072083505384316,16.186094576719576,0.8946275214865097
data\images\sat_patch_0235.png,industrial,0.5673734669399593,0.28758609398453033,0.06252574139904864,0.6648414463044698,5.329648626218816,0.83650141632373,0.4739787139250301,8676.617941876826,media,94.07958984375,114.783935546875,87.733642578125,98.86572265625,28.251553300053942,0.09912858439631483,-0.03490365990521723,-0.2415126138049367,15.75913525132275,0.8841252791497066
data\images\sat_patch_0236.png,parque_urbano,0.11947410508790997,0.7076197839991292,0.1596066683479771,0.20824202428083574,11.836417025569904,0.27132106673234185,0.3240361582269444,100.0,baixa,65.6435546875,148.065673828125,95.4814453125,103.06355794270833,43.924354364651286,0.38567412052083994,0.18518473508031197,-0.6549664548810034,13.901703042328041,0.7149219511481517
data\images\sat_patch_0237.png,centro,0.8750547415297143,0.17238016411271553,0.016941417709764844,0.8307447135771551,1.855423385676891,0.9195708429981644,0.8817407952641066,14175.350960144893,alta,101.595947265625,103.895751953125,92.1923828125,99.22802734375,31.503256418802735,0.011191715699718345,-0.04852492614394822,-0.0705605767939609,17.203745039682538,0.9303182418338756
data\images\sat_patch_0238.png,periurbano,0.12983671471814692,0.586341641600296,0.046619905612029076,0.4418053671185257,15.096210997495955,0.41287094341499603,0.4963636525394379,639.5910393714311,baixa,94.732177734375,148.335693359375,75.15380859375,106.07389322916667,39.81557102492294,0.22052900353826033,-0.11524416727090332,-0.5976277259921856,14.90327380952381,0.7453536483770271
data\images\sat_patch_0239.png,residencial,0.6106220475247099,0.43041478926412646,0.09668574481285434,0.6316140886920834,4.903331967387531,0.8591402995941114,0.6520842476194172,10032.638082601667,alta,87.075439453125,128.83837890625,87.313720703125,101.07584635416667,38.008930761638894,0.19342411512629124,0.0013663764904890143,-0.4120054386702929,16.819527116402117,0.8206136736231453
data\images\sat_patch_0240.png,residencial,0.6114367006936018,0.2041632724436288,0.03787716178155305,0.41057733115600376,5.0987167328719405,0.678023205720213,0.43990996131075577,8156.337465253256,media,95.35302734375,110.236083984375,84.365234375,96.65144856770833,25.867340720211377,0.07239224135989894,-0.06113898945231482,-0.21082925518592563,15.208043981481483,0.8948616042293699
data\images\sat_patch_0241.png,parque_urbano,0.18312694575392321,0.7716867488415284,0.06294389590596546,0.11868771283768552,14.716447629027916,0.3393497999713361,0.1804842837925471,100.0,baixa,77.989501953125,159.35693359375,95.094970703125,110.81380208333333,43.55320693407179,0.34282137463039286,0.09882728582560144,-0.657090499916039,14.15182705026455,0.712527287255025
data\images\sat_patch_0242.png,periurbano,0.19279345091954203,0.4589881289091185,0.042294535251242334,0.28482320629976615,14.920811225576474,0.2471209918623246,0.2251101455361772,2247.5858793860634,baixa,76.747314453125,124.262939453125,78.359375,93.12320963541667,32.1021718154887,0.23638408409641096,0.010393236695113309,-0.5015891785500561,13.82977843915344,0.8135538094681874
data\images\sat_patch_0243.png,industrial,0.6023745761375539,0.17996188055642726,0.07706951793695177,0.3692938039198441,0.2,0.7249916117353089,0.4101013047762626,8283.776081633157,media,105.120849609375,108.260009765625,91.40771484375,101.59619140625,28.85837293784273,0.01471153575223745,-0.06977680183034658,-0.09838683224557127,15.128720238095237,0.919292482654477
data\images\sat_patch_0244.png,centro,0.7856801368802848,0.10455409784389187,0.005553277815665654,0.7069470867836596,0.2,0.9638920409707081,0.579776327650685,13629.451854252175,alta,94.241943359375,102.334228515625,89.35009765625,95.30875651041667,25.840513605104846,0.041166154767881095,-0.0266451946904576,-0.11056914687677823,15.536375661375661,0.926902830268233
data\images\sat_patch_0245.png,residencial,0.5038764207695714,0.37473684787932215,0.0022462628025916366,0.6879342921691052,12.657349408228072,0.7828521781023333,0.7327700919938238,7461.564999544317,media,92.5908203125,119.451904296875,87.776123046875,99.93961588541667,31.057785412812187,0.1266776962387216,-0.026693900496711193,-0.29286116486462527,15.823991402116402,0.8667396168481367
data\images\sat_patch_0246.png,periurbano,0.21341006577907506,0.5170787675294263,0.09996173531589252,0.1330442268184463,18.843465531291983,0.3313408537161335,0.2589584642398098,579.9675298018572,baixa,81.093505859375,135.57275390625,80.0810546875,98.915771484375,35.761759865926585,0.2514431543442151,-0.0062817057614923,-0.55588175931698,13.455770502645503,0.7841462915500996
data\images\sat_patch_0247.png,centro,0.6753126542385253,0.08005541448601834,0.020660582081502846,0.8088615825248344,6.051741927038587,0.726336741024424,0.7463006383190769,10469.369330374995,alta,90.89306640625,98.168701171875,87.432373046875,92.16471354166667,31.87859025403426,0.03848284515871609,-0.019406616075537945,-0.09771615406285443,16.563120039682538,0.9296780923223221
data\images\sat_patch_0248.png,residencial,0.5286488282948137,0.29789114559220325,0.07104691162538078,0.6894757059797354,3.5508457286660633,0.7751132153302916,0.7075381176792702,8995.013451119408,media,93.752685546875,113.637451171875,94.266845703125,100.55232747395833,29.179065008189273,0.09588096060752185,0.002734610335942903,-0.19519871737190353,15.987103174603174,0.8992381777937217
data\images\sat_patch_0249.png,industrial,0.6711029671238675,0.16607444715803166,0.07148609742756422,0.5088358118182948,9.754980533239014,0.8428746305877011,0.5071378552118784,9462.185269614267,alta,101.53857421875,103.170166015625,85.46728515625,96.725341796875,25.635443166346818,0.007970308385644163,-0.08594002899306198,-0.09994522685152302,14.863591269841269,0.914186958086103
data\images\sat_patch_0250.png,industrial,0.7191358355919482,0.13776914433757198,0.04165894213945799,0.552453182345205,5.247328354830566,0.7769635093257888,0.5895992022000194,11656.108465424135,alta,96.14453125,106.1552734375,84.978271484375,95.75935872395833,27.78730926104529,0.049484685135901534,-0.061650214856439824,-0.16284436440745145,15.400545634920636,0.9086992107248356
data\images\sat_patch_0251.png,centro,0.8590599415712632,0.1929916383420848,0.04153338294002172,0.7262901916302443,2.870828226963548,1.0,0.7418948930786959,13232.129253713952,alta,91.24853515625,107.7685546875,87.771240234375,95.59611002604167,30.57597651238323,0.08300804449111361,-0.01942408259011266,-0.1909980102350983,16.644675925925924,0.9015074456396099
data\images\sat_patch_0252.png,industrial,0.5022383055548931,0.17184585884732578,0.001994995660408194,0.651052283022094,9.0703435196537,0.6734803325118717,0.6511292359711985,8881.782457031792,media,98.21826171875,102.8115234375,93.575439453125,98.20174153645833,28.686502687155432,0.022848662412543665,-0.02420737601417359,-0.07041293436310829,15.832217261904763,0.9367460368229911
data\images\sat_patch_0253.png,periurbano,0.355861255652833,0.588049491728228,0.03790098268195851,0.2561680882588882,7.574579265744469,0.4680332519246349,0.5708854048550327,4339.802644205847,media,85.779052734375,142.648681640625,92.40771484375,106.94514973958333,37.16125543508228,0.24896113780968662,0.03720064156429606,-0.5007735038119893,14.374421296296298,0.7837468138012001
data\images\sat_patch_0254.png,industrial,0.7737256043989107,0.24902434224258974,0.09432124802790946,0.5235208746875082,3.0412355661535937,0.8313192885578093,0.5454012997987033,11571.421991531712,alta,94.580078125,112.82275390625,97.71044921875,101.70442708333333,28.72876604781521,0.08795769814051345,0.016279382664932732,-0.16397998148822,16.744708994708994,0.9053078286799182
data\images\sat_patch_0255.png,periurbano,0.21978342039366322,0.36217838232206667,0.006923899685039471,0.33589901174615994,18.591417859938893,0.43395255150382095,0.3486970561132646,1623.126228412742,baixa,83.397705078125,119.235107421875,89.54296875,97.39192708333333,24.684378888886382,0.17685883014080542,0.035533940630117215,-0.33642182830364903,13.54728835978836,0.8597529514843203
data\images\sat_patch_0256.png,centro,0.8377900802738412,0.07832423511776845,0.04222639682908045,0.6343534177710904,5.005398362616036,0.9404717130278205,0.8595955662188749,12847.149945891439,alta,95.692138671875,105.01708984375,95.816650390625,98.84195963541667,30.744009152418556,0.04646000183638323,0.0006501618996671896,-0.09371217702434999,15.726810515873016,0.9277549298437711
data\images\sat_patch_0257.png,parque_urbano,0.04436833798269725,0.7136175244676844,0.15930334333938498,0.06271915133087573,20.655096963683093,0.15930460836090052,0.0,100.0,baixa,76.50390625,159.01171875,90.26513671875,108.59358723958333,41.44365092949808,0.3503284002905183,0.08251669579234769,-0.6964241488988594,12.360987103174603,0.6989110013363816
data\images\sat_patch_0258.png,parque_urbano,0.21074946735147707,0.9235360011251689,0.1094501758886595,0.14327193480257544,14.522673596609696,0.25191704657159664,0.183710171268767,365.0947940705199,baixa,72.431396484375,170.84814453125,85.634033203125,109.63785807291667,53.48091291229968,0.40454181733272926,0.0835264020812495,-0.8374427452695556,14.99669312169312,0.6458487145231824
data\images\sat_patch_0259.png,industrial,0.751638072165652,0.10895764367442672,0.0805793805083019,0.3350396409881261,7.065537638285868,0.6381734645663348,0.5282027826566731,10230.35234363476,alta,104.874267578125,107.283203125,89.69970703125,100.61905924479167,29.55464766486223,0.011354469524626775,-0.07798864416143356,-0.09934713955778506,15.833457341269842,0.9167077671842233
data\images\sat_patch_0260.png,industrial,0.5452770863658177,0.21842827690326033,0.002954907157408204,0.6311679984059151,7.078769035669378,0.7828021904191216,0.5084643997838321,7270.7260740403235,media,95.3095703125,100.663330078125,84.792236328125,93.58837890625,26.02700736439004,0.027318877904213723,-0.05839660424375795,-0.1133947052875929,14.913359788359788,0.923235117701459
data\images\sat_patch_0261.png,residencial,0.49344756008690116,0.2805800260680241,0.03235050747260099,0.3774038366360515,7.521943007647497,0.5956929668297177,0.5399164408695202,7011.484229898258,media,93.2900390625,116.2919921875,87.753662109375,99.11189778645833,28.637783633015793,0.10975155111370478,-0.030580334398315635,-0.2600105730703999,14.671833664021165,0.8809881451331253
data\images\sat_patch_0262.png,centro,0.6891751433237552,0.17171762439437394,0.06610199692083993,0.5691670045610128,6.035974572280242,0.843898924274969,0.5823153643621102,12254.21236226534,alta,99.515380859375,114.528076171875,88.662109375,100.90185546875,32.6743366451879,0.0701385384565604,-0.05767571569363338,-0.20256645189692524,16.73623511904762,0.8922806840714658
data\images\sat_patch_0263.png,residencial,0.5566128296198151,0.42807154411947534,0.05849813774496924,0.5958858647066934,8.754226806576053,0.6711648338509298,0.6275706524648896,8983.086513319795,media,97.021728515625,128.475341796875,83.6181640625,103.03841145833333,35.05151049300328,0.13948568421831398,-0.0742004669490579,-0.3703026337215917,16.500124007936506,0.8310457816924461
data\images\sat_patch_0264.png,industrial,0.5068563840275118,0.10490765215086488,0.07590321789672072,0.5890479427424993,6.902130085151823,0.6057183045639972,0.572877147869217,9116.118936921339,alta,102.438720703125,97.532470703125,96.07421875,98.68180338541667,22.061061116390896,-0.024534783940442503,-0.03206089204359881,0.017470282735246326,15.134920634920634,0.938282201690684
data\images\sat_patch_0265.png,residencial,0.44133449459859364,0.20905204108826572,0.01634655593804696,0.43379589972024735,8.732676800807834,0.4253354722928991,0.41654076571342663,7094.198371432728,media,92.008544921875,106.45947265625,77.653564453125,92.04052734375,28.70195234599745,0.07281237469847836,-0.08460922970380091,-0.2349879814680429,14.220651455026456,0.8877938060238024
data\images\sat_patch_0266.png,residencial,0.5723028367880233,0.28990771889733613,0.016349607408739388,0.48743101580719284,10.381329409046518,0.6201485177500019,0.47411027547101764,7011.5913068730715,media,92.820556640625,115.78076171875,84.483154296875,97.69482421875,29.18016836509781,0.11006740105305628,-0.04702328142283313,-0.277690309484205,15.229414682539682,0.8750580338441314
data\images\sat_patch_0267.png,industrial,0.7641515595692261,0.2186032850179212,0.0828283499181442,0.6461134705078178,1.5888420901402611,0.8906421370495791,0.7404423363211595,10905.223558984186,alta,95.219482421875,110.01708984375,84.360595703125,96.53238932291667,27.593385928977817,0.07210024600597562,-0.060468214356846746,-0.20953641273760237,15.782118055555557,0.8925376847397642
data\images\sat_patch_0268.png,residencial,0.6758117973424582,0.2559265776346723,0.07706008796237152,0.44338494194380007,3.3248575201551267,0.7192780601503557,0.6259979092162324,9984.55398331225,alta,105.660888671875,116.64208984375,90.08349609375,104.12882486979167,32.62402101599191,0.04939745385240401,-0.07958027770347717,-0.18025649770034283,15.532944775132275,0.8912436514905874
data\images\sat_patch_0269.png,residencial,0.4487399933954825,0.21668902649969382,0.028076085155246233,0.7252370255837565,12.509107026838162,0.5548302422775776,0.5749212055508588,6381.462609103523,media,84.391357421875,107.73193359375,80.59228515625,90.90519205729167,27.26055281848892,0.12148748820094525,-0.02302696305665003,-0.2776531401102717,14.779141865079366,0.8817115085142088
data\images\sat_patch_0270.png,residencial,0.5066310866841511,0.35205039896648427,0.07776246703868821,0.36456043638613134,8.59845159448155,0.5562776014353136,0.2422353268567044,5662.789434038411,media,84.683349609375,113.384765625,91.22412109375,96.43074544270833,27.924401910076085,0.14490679550696828,0.03718302253478869,-0.26372325437246974,14.494833002645503,0.8786787953250159
data\images\sat_patch_0271.png,industrial,0.730185454602065,0.10071077684962225,0.09666829695097313,0.5466858605304803,5.80636124241156,0.833249559209731,0.6709917470515466,11842.408253407859,alta,96.903076171875,101.365966796875,91.547119140625,96.60538736979167,27.35792716304615,0.022509265872605985,-0.028421074300015132,-0.07391791763509888,15.532200727513228,0.9349223020467567
data\images\sat_patch_0272.png,industrial,0.6478368042317822,0.16715072873145015,0.08768735483798915,0.48330643385063593,5.314668544633554,0.7762906264518327,0.5618886944090378,9637.485364963803,alta,100.60693359375,110.678955078125,88.1357421875,99.80721028645833,28.307228344141965,0.04767010944278747,-0.066075100867113,-0.16339117161279298,15.171048280423282,0.9050685766217335
data\images\sat_patch_0273.png,centro,0.9493067618240876,0.13315781411367472,0.05122853621827691,0.9255691902550137,1.5313502149703218,1.0,0.9667410826556938,14537.72463117446,alta,97.83642578125,99.611083984375,91.345703125,96.264404296875,32.43373396375039,0.00898799988029002,-0.03430938566695758,-0.05214824228922924,17.348131613756614,0.9362014481893495
data\images\sat_patch_0274.png,periurbano,0.14443978582928035,0.450678615494728,0.1081184359116533,0.2835916802878604,12.226875288592819,0.3448030220697251,0.2899362946653366,1578.2011610869788,baixa,78.800048828125,131.258056640625,89.419921875,99.82600911458333,33.026923409244844,0.24973093728379434,0.06313086929783211,-0.47230247141946785,13.1827876984127,0.8073884067113568
data\images\sat_patch_0275.png,periurbano,0.228692030079906,0.6697445737057064,0.0160301049901562,0.3946581718469372,17.727751605468644,0.4173991863591261,0.33284769348104165,1225.7342581813057,baixa,72.241943359375,143.7138671875,80.588134765625,98.84798177083333,43.05441841606389,0.33095624200236645,0.05461092118799229,-0.6808315783340153,15.094907407407407,0.7362080354115292
data\images\sat_patch_0276.png,residencial,0.4292522901563538,0.3694731652854879,0.03358180728975903,0.6449057893584029,12.261699709968271,0.7642136730440926,0.6489033497738587,6561.201790395313,media,88.540283203125,120.39208984375,85.732421875,98.22159830729167,30.839519703951517,0.15245031693115635,-0.016111882298231253,-0.33857865825056566,15.103877314814815,0.8539480998435179
data\images\sat_patch_0277.png,centro,0.8559203709999649,0.09623379835855918,0.02737650324868249,0.8177588435671737,4.035306581020313,1.0,0.8064581235638822,14982.699151274937,alta,94.900634765625,98.994384765625,86.895751953125,93.596923828125,26.072122654856372,0.02111322915247435,-0.044032133492575426,-0.08650061336007879,15.453993055555557,0.9308536082613177
data\images\sat_patch_0278.png,centro,0.921111843860535,0.09226042303048386,0.06652291812036706,0.673014560731027,0.2,1.0,0.9607042668256555,14614.857061944698,alta,95.1611328125,89.9716796875,86.86376953125,90.66552734375,29.770409607502398,-0.02803097423353316,-0.04558367085398537,0.011479241376380787,16.072089947089946,0.9351254553317871
data\images\sat_patch_0279.png,residencial,0.5678963576459908,0.4310924024524646,0.08567894748871999,0.4861002501134185,10.230151393522355,0.7083063895210392,0.7330000434938186,7837.330064869624,media,82.916259765625,126.738525390625,83.331787109375,97.66219075520833,34.23974188903408,0.20902105994537354,0.0024994419426953526,-0.44658532815283697,15.29348544973545,0.8165976083989097
data\images\sat_patch_0280.png,residencial,0.4935655681349209,0.43068815859155374,0.00029393344377406374,0.48977835102081646,10.096941888726473,0.6092499406324536,0.6609148637988156,6821.683667122768,media,78.439453125,124.56201171875,77.346435546875,93.44930013020833,33.30791236144003,0.22720308152479293,-0.007016152620928475,-0.4994052049440775,14.898396164021165,0.8077802742657905
data\images\sat_patch_0281.png,centro,0.7277474488679478,0.08149232131628625,0.06591535953388829,0.6506592501311421,2.0627490135819917,0.8319895765224238,0.7302750088694497,12611.830225372549,alta,92.50390625,99.677490234375,89.878173828125,94.01985677083333,23.3579015612291,0.037327150693439184,-0.014396877184169448,-0.09026231688201033,14.844618055555555,0.9321590258935744
data\images\sat_patch_0282.png,parque_urbano,0.0631466047230382,0.9293167923742832,0.1717342975008565,0.10720320774419176,19.16819098688801,0.31980789912756297,0.0,100.0,baixa,68.589599609375,177.881103515625,97.73583984375,114.73551432291667,52.77494999339919,0.44342594100279664,0.17523621254193641,-0.8255367444202688,13.84548611111111,0.6260003068720895
data\images\sat_patch_0283.png,centro,0.743588835698954,0.14952726955126902,0.07276658121691758,0.9370301635928429,2.323576903283603,0.8581566274959269,0.9464325659700568,13260.844105225544,alta,101.24609375,106.738037109375,86.146240234375,98.04345703125,28.709948316215552,0.026405588302709008,-0.08057882152375147,-0.13302131910760007,16.211185515873016,0.9071303222981145
data\images\sat_patch_0284.png,industrial,0.47745080447801375,0.06603575516132225,0.05386884562578992,0.5581115901572569,12.679818555539978,0.629913735324934,0.725424777843189,7591.632405248557,media,93.2373046875,106.8056640625,88.4208984375,96.15462239583333,30.86970715409024,0.06782722428064733,-0.02651356305760793,-0.16615490691727167,15.780795304232804,0.9134929613971826
data\images\sat_patch_0285.png,residencial,0.3952637596644706,0.39801200862663544,0.004754471476784806,0.44135817925334814,9.589587370901953,0.647960146569173,0.4759802076258785,5712.01020793092,media,94.42578125,126.330322265625,81.640869140625,100.79899088541667,32.26275777651797,0.14452393552435971,-0.07261404705772553,-0.37993432626634444,15.435185185185185,0.8331430952627339
data\images\sat_patch_0286.png,centro,0.7582424756902109,0.15383273964386615,0.07179668465172764,0.9214124346393936,6.74839126744277,0.9700725916282977,0.7440552811315269,12919.077961396379,alta,92.6806640625,103.553955078125,93.652587890625,96.62906901041667,30.18442565509654,0.055409646920777884,0.005216051417132198,-0.10749693752038325,16.840484457671955,0.9220193073307584
data\images\sat_patch_0287.png,industrial,0.7598014725306704,0.14117703508948093,0.07160879294062379,0.5752830977012304,0.303208553070486,0.9928262244196883,0.5630652935800549,11351.984170478396,alta,98.2685546875,104.770263671875,88.441650390625,97.16015625,29.724125998619975,0.03202199956091694,-0.05263185394784009,-0.11748808828541187,15.608176256613756,0.9210530512156737
data\images\sat_patch_0288.png,industrial,0.6507557297708167,0.08790606192672402,0.07406584987804561,0.5018016746929368,7.532207339978225,0.8675820178044014,0.6870202722605321,10856.687174493176,alta,93.90869140625,102.13818359375,89.250732421875,95.09920247395833,24.4297130206272,0.041977165642262004,-0.025431172808857545,-0.11102586871380894,14.711970899470899,0.9277380752615225
data\images\sat_patch_0289.png,periurbano,0.38963532735312423,0.6779031268340445,0.002960738366222637,0.430764607564077,12.60251901204367,0.4818389835500701,0.36455041565311547,3944.757117095202,media,84.83447265625,139.154052734375,82.70068359375,102.229736328125,40.10532444318956,0.24251054709558792,-0.012736365891941765,-0.541784377588705,15.482225529100528,0.7760892809644708
data\images\sat_patch_0290.png,parque_urbano,0.15269383296776712,0.6911450517426871,0.09951901674019345,0.08747758827587102,10.824307561454837,0.2074730813444561,0.3413152394368788,100.0,baixa,67.5849609375,147.132080078125,87.283203125,100.666748046875,42.53321918396682,0.3704741756587553,0.12719361774287438,-0.6923636524153617,13.444733796296298,0.7217191157635825
data\images\sat_patch_0291.png,industrial,0.45770373376017476,0.2348399809723955,0.07970391577180386,0.49620914923332676,9.052805029914582,0.5889619993535214,0.4458413114912271,6827.999836183454,media,93.1318359375,116.046142578125,92.225341796875,100.4677734375,28.195010141252585,0.1095445452417393,-0.004890526208990513,-0.23258755199632916,15.048445767195767,0.8900400556045198
data\images\sat_patch_0292.png,periurbano,0.36428077129893666,0.3863351652043668,0.00915937741207443,0.38741819328610494,10.569412592136226,0.6832725912072184,0.5670942488404411,5992.360279624508,media,74.4130859375,116.31494140625,78.71826171875,89.8154296875,33.930537329774836,0.21969427269090253,0.028114268038703687,-0.44256613004982315,14.53145667989418,0.8326797391493304
data\images\sat_patch_0293.png,parque_urbano,0.20779344246964473,0.7806005561693801,0.16320869087106135,0.17506725513232227,13.501156840381572,0.3117656558600202,0.3525440174635554,1436.3395692623253,baixa,78.61083984375,152.8681640625,91.762939453125,107.747314453125,42.74235663139113,0.3207950727489283,0.07719556135021227,-0.6281481272125703,14.234705687830688,0.7258804862674471
data\images\sat_patch_0294.png,centro,0.7760758996537669,0.06710868254188586,0.03126301157983757,0.6544894293137306,4.8547259967863035,0.8564740143207739,0.6701333795377519,13781.662728497164,alta,98.63525390625,92.941650390625,86.5693359375,92.71541341145833,29.057156487789957,-0.02971967579704856,-0.06514913001767625,-0.00366018391768155,15.839575066137566,0.9294868496698967
data\images\sat_patch_0295.png,industrial,0.6987117341401443,0.23733248865098594,0.09177804076581786,0.6653180947190892,0.35912915991278105,0.9412572305396326,0.701608473950831,11460.348311807586,alta,95.989013671875,109.58251953125,90.156982421875,98.576171875,30.026969083219598,0.06612542885409063,-0.03133041451900131,-0.16747983820907697,16.409763558201057,0.9069559248554439
data\images\sat_patch_0296.png,centro,0.8860368019043632,0.05286709470259368,0.04312571141096021,0.6117530905496263,6.009823385825651,1.0,0.7015283738501673,14756.665414771112,alta,95.959716796875,96.391845703125,90.198486328125,94.183349609375,29.29406780068905,0.0022465578048186754,-0.030948034204721354,-0.03517335196923064,15.805307539682541,0.9397146806110185
data\images\sat_patch_0297.png,industrial,0.7440075949590931,0.29069950939021955,0.0412949269506459,0.6705380403415849,5.997980502469134,0.9082464104288095,0.6473601546627135,10412.301116349907,alta,99.017822265625,105.227294921875,91.19140625,98.47884114583333,26.694138425152882,0.030402061558943178,-0.04114635254848182,-0.10279041105166765,16.177662037037038,0.9268950636362362
data\images\sat_patch_0298.png,centro,0.7463076802794962,0.04618790809030683,0.012648064457728375,0.5632836291983343,5.411924243417703,0.914444709299595,0.6475362339022747,12495.871633142113,alta,101.368408203125,101.3759765625,92.33642578125,98.36027018229167,25.857740198675714,3.732956326469684e-05,-0.04662755280529552,-0.045989702101664205,15.671792328042327,0.9355447131582584
data\images\sat_patch_0299.png,periurbano,0.2093160131950046,0.5640514913617252,0.08404712489724002,0.128866030904028,14.864222820070196,0.4093191013467152,0.191381837361361,1342.3657988014074,baixa,79.7763671875,137.300537109375,88.14306640625,101.739990234375,34.4282947051112,0.26499442602244944,0.04982567526499646,-0.5242856782798472,13.433201058201057,0.7856566004085772
data\images\sat_patch_0300.png,industrial,0.4643783978215101,0.21362183867567114,0.02899121295440518,0.4015577674661252,7.014584471790068,0.5388283312335136,0.42258370291780184,6659.471073741567,media,99.450439453125,117.45263671875,81.328369140625,99.41048177083333,26.286949333017837,0.08299650470776851,-0.1002444387880654,-0.2722372094727947,14.408068783068783,0.8662559101466805
data\images\sat_patch_0301.png,centro,0.7506276917952123,0.1832602777721649,0.05828594049819376,0.8526527931983572,8.455507170586081,0.8957807866368915,1.0,12033.328760450677,alta,98.40869140625,109.640380859375,85.513671875,97.854248046875,33.57481534974097,0.05398577016868049,-0.07011121013826911,-0.18066869237615993,17.39389054232804,0.8975811009479981
data\images\sat_patch_0302.png,centro,0.7657945601978347,0.18602714712011734,0.04226185111904953,0.5530695924702493,5.066034965670516,0.8934403265431557,0.5507970633371702,10860.998154252991,alta,88.859130859375,100.36962890625,87.926513671875,92.38509114583333,23.992335046996104,0.060828480830837736,-0.0052754124052178395,-0.12964003566418664,15.11698082010582,0.9217523562130104
data\images\sat_patch_0303.png,residencial,0.642006780757951,0.28418648163496985,0.017928210111326028,0.718124826341971,9.064728236437578,0.5263718190149862,0.6560191653950117,8748.65677316475,media,81.677001953125,101.3330078125,92.937744140625,91.98258463541667,28.570850166859927,0.10740399269495597,0.0644890673606975,-0.1524814144844458,15.893973214285714,0.9009290466156683
data\images\sat_patch_0304.png,centro,0.6783636377136646,0.18589295683495868,0.024228640156460184,0.6130707842480156,4.174867619559012,0.8110508493489768,0.7592822740218087,10727.661561226561,alta,92.987548828125,104.723388671875,87.600830078125,95.10392252604167,27.672935601813602,0.059358576378160284,-0.029828711862836588,-0.1517203358576363,15.96701388888889,0.9151601602664179
data\images\sat_patch_0305.png,parque_urbano,0.13158150303220287,0.6404804209880217,0.17464810461529964,0.025981620876401833,17.307675733119112,0.2612240353156287,0.3245777262178329,100.0,baixa,66.176025390625,142.8291015625,92.60986328125,100.538330078125,39.50282033803761,0.3667521315030438,0.166474728612533,-0.6309648921590748,13.219659391534393,0.7329788239302344
data\images\sat_patch_0306.png,industrial,0.7937115135982792,0.10288845729174158,0.0588272413318987,0.49412788685991527,1.8063316717191915,0.783093331872089,0.5378188448153476,12647.634879129495,alta,95.88134765625,100.233154296875,82.8896484375,93.00138346354167,27.075245652117122,0.022190131658264778,-0.07267229824722056,-0.11663972867256067,15.357597552910054,0.9201052681995668
data\images\sat_patch_0307.png,residencial,0.5088514675074944,0.4468432420223425,0.06834807871436646,0.6502590092631769,4.11442094238417,0.7584311393496154,0.5821507943437384,8178.4768300156475,media,89.19384765625,116.332763671875,88.28076171875,97.935791015625,29.347383321265355,0.13204575168249982,-0.005144882051413829,-0.28177092783374164,15.656911375661375,0.8718237778057654
data\images\sat_patch_0308.png,residencial,0.6656949616045864,0.3395431785302931,0.06937964065250772,0.6301572206013614,9.390788320529055,0.7524194530920474,0.6578824737524875,8444.845116817416,media,91.30126953125,114.15576171875,92.61962890625,99.35888671875,29.494185996815908,0.11123733238631943,0.007168078119626665,-0.22338527543531997,16.353546626984127,0.8896894229545815
data\images\sat_patch_0309.png,residencial,0.5934826951524295,0.3696459108741162,0.09740594838408867,0.6264365738436102,9.097795498051749,0.7610792043643311,0.6744906233173749,8057.321293842517,media,94.237060546875,110.609130859375,86.518310546875,97.12150065104167,26.977556257531088,0.0799237228682825,-0.04270274189138134,-0.2083106723904635,15.641493055555555,0.8953375058310777
data\images\sat_patch_0310.png,centro,0.8369469222834739,0.07161210505054492,0.031259488602855566,0.717239314737068,1.7882302267656316,0.927994054803411,0.543467327981648,12820.338330168988,alta,95.569091796875,99.984619140625,84.784423828125,93.446044921875,27.555646569441283,0.022579614061027008,-0.05979738111330547,-0.10495747820431914,15.413070436507937,0.922416112881107
data\images\sat_patch_0311.png,periurbano,0.302813262972655,0.6979509313135981,0.10141444901178685,0.4089490284964191,9.486058812731297,0.44263356976360446,0.39094374324728687,2249.4966679892623,baixa,75.35888671875,141.8818359375,98.374267578125,105.20499674479167,41.11905966983559,0.3062176745646103,0.13247546687358752,-0.5229338906742775,15.985904431216932,0.7643123300216883
data\images\sat_patch_0312.png,periurbano,0.15131493533119517,0.5377975809672068,0.002506256987580153,0.15607834279980554,14.319955107706392,0.3582479469475129,0.40225537352082374,1650.5997787926945,baixa,82.36083984375,132.358642578125,80.997802734375,98.57242838541667,32.51475969277623,0.23285172792699338,-0.008343832193508255,-0.5141328219770981,13.420056216931217,0.8011625245834539
data\images\sat_patch_0313.png,residencial,0.4839322668959477,0.3407417301470441,0.020454643882015025,0.6408001680565225,12.046109697726433,0.5934721072640584,0.5543800068015486,6781.55408536102,media,101.4375,127.783935546875,89.397216796875,106.20621744791667,30.860269561120298,0.11493879431074608,-0.063092729363536,-0.30475218514921526,15.98714451058201,0.8531635816638965
data\images\sat_patch_0314.png,residencial,0.682422443171466,0.40032628824582084,0.005062184088302335,0.3740135271222431,7.4267208478869975,0.7004203529267157,0.5474362539386346,8496.804315345327,media,90.268310546875,120.395751953125,77.27197265625,95.97867838541667,33.67598753614487,0.14301177384366745,-0.07757142082239937,-0.3816015242769377,14.9952876984127,0.8369009724879859
data\images\sat_patch_0315.png,periurbano,0.20059449158022225,0.5750794402069428,0.004334802671862592,0.21012482394817078,11.431346828150527,0.3828208607308425,0.3229519597656201,822.8626093937365,baixa,83.706298828125,133.35205078125,78.2216796875,98.42667643229167,36.33193409181977,0.22872076477937053,-0.03387073164891661,-0.5322546985239401,14.038979828042327,0.7904680915320991
data\images\sat_patch_0316.png,industrial,0.6797764654609542,0.12278899234863656,0.013251188907718814,0.5818136553587296,7.661537718743171,0.9460617669164534,0.4708440133278722,10566.495594224169,alta,100.006591796875,97.96142578125,90.630126953125,96.19938151041667,31.160373446340262,-0.010330789944325815,-0.049184988369744546,-0.0274748791237179,16.30510085978836,0.935019731473336
data\images\sat_patch_0317.png,centro,0.7173303631991589,0.08047410928770339,0.00403973601013191,0.7713429985832971,5.480484798860458,0.8504995254760255,0.8541205197928716,11529.49415374741,alta,96.47900390625,95.880615234375,84.49072265625,92.283447265625,25.234576162081687,-0.003110781105917897,-0.06624467755724342,-0.05846933610016482,15.425429894179892,0.9288564032342082
data\images\sat_patch_0318.png,residencial,0.689654300656299,0.22615585005670386,0.054956952942144616,0.6233957759614239,5.799319906935087,0.9127009699762799,0.7646582910004934,10056.562177869513,alta,93.30517578125,119.523193359375,87.781005859375,100.203125,38.75188692482438,0.1231885465307168,-0.030505750584173527,-0.289213557459899,17.114955357142858,0.8662983321284623
data\images\sat_patch_0319.png,periurbano,0.32920178234183917,0.7131499618748787,0.03582659492164137,0.2845073688505637,9.070966523344037,0.4695889065993506,0.2252534455904439,2786.7407815294255,baixa,72.9677734375,145.4501953125,95.916748046875,104.77823893229167,43.13734038138989,0.33185191657061447,0.13588559964989222,-0.58225767687772,15.156828703703702,0.7456301293783985
data\images\sat_patch_0320.png,parque_urbano,0.24806563378780994,0.7375825951340189,0.14974942190901633,0.22760232067999214,12.327279653460582,0.41298949467479495,0.5019802444267444,667.5265317246224,baixa,76.942138671875,157.36279296875,103.678466796875,112.6611328125,46.74171411384128,0.34323073522410025,0.14802479433389443,-0.5951696735625732,15.322751322751323,0.715750248926692
data\images\sat_patch_0321.png,residencial,0.5570943535346401,0.21446303909213033,0.040734520740155836,0.5480506121512988,8.496304408310545,0.9091052820243253,0.5641672051166858,9216.12308306443,alta,93.712890625,103.85205078125,87.549560546875,95.03816731770833,25.319605965548725,0.05132064440563037,-0.03400224373154162,-0.1391106902556863,15.098048941798941,0.9203314923979578
data\images\sat_patch_0322.png,residencial,0.6915084840748595,0.4261417876707392,0.09302303944021152,0.36417642897030505,7.023583907410365,0.7166176011599971,0.46503320098225165,7705.817399955288,media,84.817138671875,123.369873046875,85.6025390625,97.92985026041667,32.160784234152366,0.18518318636466902,0.0046086249924761685,-0.3896670288838866,15.109292328042327,0.8342875785557755
data\images\sat_patch_0323.png,centro,0.8467960031954853,0.15094529273118362,0.04813621411016448,0.870828148701559,0.2,1.0,0.7799963591889747,15678.716065205062,alta,97.04736328125,104.072509765625,85.440673828125,95.52018229166667,26.90358066449402,0.03493014560429592,-0.06360246717194953,-0.1343013671965669,16.49280753968254,0.9125587760589512
data\images\sat_patch_0324.png,residencial,0.35801664847838527,0.18854215711151354,0.03539832743337231,0.5611916252953644,11.143499507099918,0.5384519360421001,0.515967391405834,6236.267538040423,media,97.164794921875,110.602294921875,83.955078125,97.24072265625,23.941908900952697,0.06467578645602537,-0.07293355776879704,-0.20611074912696115,14.505208333333332,0.8947760059075555
data\images\sat_patch_0325.png,periurbano,0.37267690268650056,0.5575217196824811,0.08710691263089118,0.17185713803460284,9.77247374320251,0.5931595149688806,0.3195762298856557,5058.49904198707,media,96.478271484375,142.644287109375,86.532470703125,108.55167643229167,36.772351374913406,0.19306424163170696,-0.05434544774816978,-0.4711020338448711,14.73623511904762,0.7923536798187423
data\images\sat_patch_0326.png,residencial,0.370921048176305,0.22478538601689863,0.0013442937747285113,0.4832932355944978,6.119655577652603,0.4778367315629451,0.47771898048318,5940.3488723834735,media,94.7138671875,110.75,84.533935546875,96.66593424479167,20.7031184356807,0.07804843233003829,-0.05679250416764107,-0.21854750155071578,13.650834986772487,0.8952643554973151
data\images\sat_patch_0327.png,industrial,0.714160571497035,0.12155947913653516,0.007348599902868547,0.37235824347138297,3.654239722874812,0.6998475224373558,0.3999018554237112,10025.891515955034,alta,107.257568359375,105.662841796875,95.4921875,102.80419921875,29.661673117985583,-0.007489777771139669,-0.05802907506091531,-0.04171000657622389,15.75545634920635,0.9312029770327261
data\images\sat_patch_0328.png,centro,0.9268401765262713,0.04077963161214039,0.03483354069648672,0.685173070754758,2.0105520133838852,1.0,0.8599678410275153,14349.38070621996,alta,100.725830078125,97.38134765625,88.7646484375,95.62394205729167,29.399598018116695,-0.01688218692145089,-0.0631228633290714,-0.027567451353246484,16.293196097883598,0.9307393632563463
data\images\sat_patch_0329.png,centro,0.7608779089666984,0.08853304691799921,0.06742506321820996,0.939829854509945,2.424545815415117,0.9212968316609048,0.7628836031262305,12556.941291020876,alta,100.50537109375,100.84228515625,89.888427734375,97.07869466145833,28.40109405883512,0.0016732951706593547,-0.0557630730042642,-0.058152674010728406,16.58552414021164,0.9312919669883928
data\images\sat_patch_0330.png,periurbano,0.1341590992957195,0.5771729746247514,0.04966488363846042,0.3135569322813483,16.621181403110974,0.3159277654372925,0.3467206385635901,478.91531609084706,baixa,74.46923828125,138.21044921875,84.40478515625,99.02815755208333,36.462253796822914,0.2997052110949467,0.06253726441548398,-0.5935022761136008,13.718998015873016,0.7660537183450453
data\images\sat_patch_0331.png,centro,0.9291083346525608,0.11616423334938894,0.03735513669115564,0.624959953198913,1.8962066084600027,1.0,0.808642856728877,15999.633389878316,alta,96.46630859375,102.44091796875,84.68994140625,94.53238932291667,25.54040773938938,0.030037165809486118,-0.06500668413313543,-0.12548918871328069,15.638599537037036,0.9178038546470322
data\images\sat_patch_0332.png,residencial,0.39892258742750875,0.41465964419773993,0.006597352947867785,0.6262174163896899,6.979795867109792,0.5804755733601463,0.4865773093584057,6829.452632514399,media,102.405029296875,122.463134765625,89.377197265625,104.74845377604167,29.614602757802118,0.08919940029383455,-0.06793034055777851,-0.25367459158407196,16.157366071428573,0.871830935517263
data\images\sat_patch_0333.png,centro,0.7280252723896175,0.10185696283515144,0.013311543377158737,0.923696052411239,7.903209118441035,0.6988332505847347,0.6177031093972398,11057.711531310753,alta,92.117919921875,96.47265625,81.55615234375,90.04890950520833,30.624991503755425,0.023090953924788313,-0.0608137264217403,-0.10700429425662164,16.510664682539684,0.9231911088257401
data\images\sat_patch_0334.png,centro,0.8685404347029968,0.19179545658656724,0.03198150825150754,0.5785217998249145,0.2,0.9399152095562056,0.7251483889181658,13663.55714853927,alta,98.180908203125,107.51953125,90.949462890625,98.88330078125,30.28370982081114,0.04539913976996605,-0.03823524076246964,-0.13100640320225806,16.657076719576718,0.9188676033242744
data\images\sat_patch_0335.png,residencial,0.3675069076790017,0.31524964620218165,0.03904870723806893,0.739454699308286,10.97488793186531,0.6593963101308944,0.5532913696925557,5812.192878712492,media,84.71630859375,109.8876953125,79.887451171875,91.49715169270833,26.18541145632708,0.1293467045083489,-0.029336252096637597,-0.30149370355090727,14.600694444444445,0.8735141761324936
data\images\sat_patch_0336.png,residencial,0.5401240364622661,0.3515752367773777,0.07110551227387939,0.38091394148567287,10.298342818152516,0.6218780750969083,0.6636220108993676,7347.442306202086,media,99.155517578125,111.5595703125,96.678466796875,102.46451822916667,25.79414218367913,0.058866466562408924,-0.012648727831927269,-0.13314441162299057,14.821635251322752,0.9199514178386529
data\images\sat_patch_0337.png,periurbano,0.19393765819793543,0.44231752876630387,0.05393245195289039,0.42688385080697766,14.273687856416629,0.48803159378564964,0.360554954366203,2937.903870813908,baixa,89.339599609375,135.955078125,84.447021484375,103.24723307291667,31.844505053615446,0.20690891936504716,-0.02815278912758127,-0.47518723400837964,14.322255291005291,0.8042945634638909
data\images\sat_patch_0338.png,centro,0.7985465621959715,0.04003928191199106,0.03180409290458898,0.6240351079430283,1.6429868692167418,0.8146428811402203,0.8430245381954955,12574.528918984151,alta,99.060546875,103.813720703125,91.519775390625,98.13134765625,26.760581904864246,0.02342916063943613,-0.03956741889804072,-0.08685868162446408,16.054439484126984,0.9304016158805972
data\images\sat_patch_0339.png,residencial,0.41987025695079266,0.36156578572971365,0.0392312028605597,0.6451471588940854,8.090231614784864,0.6325934246121876,0.631458778041101,7003.066040423648,media,88.221435546875,115.8115234375,93.507080078125,99.18001302083333,25.274546860631293,0.13522368098143492,0.029085388630321684,-0.25153520970222576,14.48921130952381,0.8813523747742319
data\images\sat_patch_0340.png,parque_urbano,0.18954950245935617,0.6734187696512339,0.029812383213024766,0.16775519474488185,12.523960895646074,0.4314217508852371,0.3047373986129682,2006.6380173454263,baixa,71.01611328125,157.872802734375,89.45458984375,106.114501953125,46.14039473901932,0.3794709267080667,0.11490244691727154,-0.7316384566789194,14.031787367724867,0.693959249452998
data\images\sat_patch_0341.png,industrial,0.5201474165701888,0.27895393503459875,0.03395409679208649,0.4311043214228063,7.167667184942414,0.5944306704836224,0.5345471608579176,7103.320695585714,media,91.53564453125,110.836669921875,82.359375,94.91056315104167,27.115806917257814,0.0953738427482471,-0.052769018360712454,-0.25170180337599235,14.491650132275133,0.8840164717154833
data\images\sat_patch_0342.png,centro,0.8645001223696085,0.04752157285547864,0.06963597168840215,0.8025516857031387,1.4913287104596002,1.0,0.8106845998614394,14611.124615800774,alta,92.80078125,97.52734375,86.431396484375,92.253173828125,27.285135653357628,0.024833757360696127,-0.03553706042409121,-0.08575590918742686,15.642691798941799,0.9317643091903969
data\images\sat_patch_0343.png,parque_urbano,0.10193571848407186,0.9201740868037629,0.17173246386856378,0.050772162854335195,14.0612632620445,0.06316097707609852,0.2281028582868173,100.0,baixa,61.131103515625,166.738037109375,92.108642578125,106.65926106770833,53.10224874814841,0.46345430030866297,0.20215081041309968,-0.844916440592774,13.64690806878307,0.6340188871439311
data\images\sat_patch_0344.png,centro,0.6697403315414778,0.07815001036175534,0.000676343412570155,0.6882640528422173,1.4825614170383767,0.8626284521233396,0.8085192018974628,12477.942930122375,alta,103.527099609375,100.387451171875,90.49072265625,98.13509114583333,27.604064094784743,-0.015396882714226633,-0.06719164628126571,-0.03442744043121529,16.29253472222222,0.9282019231395059
data\images\sat_patch_0345.png,centro,0.801183494557597,0.04095389373791705,0.05279332344376563,0.6567870893724762,4.838264865929361,0.8749381165989383,0.6959966208375684,13206.302681627716,alta,106.913330078125,110.874267578125,93.746337890625,103.84464518229167,34.73630485020305,0.018187158150597158,-0.06561852840268853,-0.10154046435133517,18.172453703703702,0.9185241793568618
data\images\sat_patch_0346.png,periurbano,0.1467762791073765,0.3556000127688381,0.021724875410176193,0.3753665906864776,18.939943340166767,0.39275297676084964,0.28957757290918384,1634.2173314256165,baixa,89.35400390625,110.352783203125,74.914306640625,91.54036458333333,23.569316782993074,0.10514804977672783,-0.08790312099546078,-0.30826431323347525,13.41641865079365,0.8707749265607367
data\images\sat_patch_0347.png,residencial,0.6987731334097825,0.2708927568539813,0.0034695194925350673,0.3741965905306624,6.37807495935793,0.8235598462786454,0.6675924719198806,10184.303995169823,alta,94.237060546875,111.310546875,85.13232421875,96.893310546875,30.114642510454395,0.08306341513389259,-0.05075970065494791,-0.22319243864139535,15.48263888888889,0.8905932858822908
data\images\sat_patch_0348.png,industrial,0.5794654217113406,0.11280096460448293,0.05865100077903715,0.6056385209423829,6.3044178187043025,0.7892120459288663,0.5770221414653758,9614.239552048799,alta,93.35546875,103.372802734375,86.905029296875,94.54443359375,25.241321830266333,0.05091964595567025,-0.03578398754708665,-0.1400669829783182,14.95610119047619,0.9206368260878267
data\images\sat_patch_0349.png,periurbano,0.2784946967627554,0.4617709981262068,0.09960859592890856,0.28683438926431315,13.325763800855073,0.3875594897544714,0.32439363453240755,756.8092798425016,baixa,97.021728515625,128.131103515625,90.563720703125,105.23885091145833,27.945663732787843,0.13817003579822681,-0.034427018753155375,-0.3262899421892236,13.45816798941799,0.8545107124080216
data\images\sat_patch_0350.png,residencial,0.4701612357570176,0.3545649698733775,0.02801553288120645,0.6497305169485472,11.486814436431004,0.6915614771519827,0.5257783863672255,7157.82729923713,media,89.089111328125,112.215576171875,75.1298828125,92.14485677083333,28.530291825920635,0.11488289227674893,-0.08500373847538982,-0.32672554746828203,14.810267857142858,0.8599004186769308
data\images\sat_patch_0351.png,residencial,0.47460898864908857,0.2768834963142516,0.045281241413714826,0.7138113955178379,10.473598311894023,0.6060031976119022,0.6561373706535121,6972.441351354044,media,83.9833984375,106.313720703125,83.6982421875,91.331787109375,31.37057766802376,0.11734450972838385,-0.0017005812159074513,-0.24605781684370864,15.428530092592592,0.8914984662100651
data\images\sat_patch_0352.png,residencial,0.44765517860333637,0.33715148253644434,0.02937419356157859,0.4461319257098042,11.775360932833538,0.6321122388613314,0.35471900881189017,6893.398786186561,media,85.412353515625,112.346435546875,87.93017578125,95.22965494791667,28.18196475604828,0.1361966364313703,0.014525126991701649,-0.2696131855446359,14.755084325396826,0.8822259770485759
data\images\sat_patch_0353.png,centro,0.849963716607739,0.1991798092842654,0.0050924519654532395,0.9230563478431637,1.0631297862439095,0.8796332826857955,1.0,14768.611222517422,alta,97.824462890625,105.651123046875,88.15771484375,97.21110026041667,32.639095880695265,0.0384648609400697,-0.0519767437539342,-0.13023239131683956,17.305886243386244,0.9149220201998657
data\images\sat_patch_0354.png,parque_urbano,0.21062845300924926,0.7868286449373161,0.0630995661280431,0.24057207842973566,12.483327153120236,0.3868183476424783,0.4479171232933469,2015.6957226470945,baixa,74.4775390625,160.997802734375,91.2744140625,108.91658528645833,49.478999040219314,0.367428124933271,0.10133741764113878,-0.7172628966391682,15.555886243386244,0.6913312220514172
data\images\sat_patch_0355.png,centro,0.9365970175275815,0.16753677721750987,0.01948940565746546,0.7458801241027293,5.128137460239891,0.9583049110039139,0.8299381074977515,13632.624641909882,alta,91.0966796875,101.90625,90.893310546875,94.632080078125,29.536622684263445,0.05600728586863936,-0.001117474314085174,-0.11530185914229808,17.449239417989418,0.9229363088341497
data\images\sat_patch_0356.png,centro,0.9489842961781243,0.04030035596988227,0.048279448364766414,0.5912450838954146,1.8278184122223804,1.0,0.8662123619890094,14410.881697748899,alta,103.250732421875,97.086181640625,92.140380859375,97.492431640625,23.85083667647433,-0.03077091797748217,-0.05686211270850081,0.0062504851247918705,15.38004298941799,0.9317073044059655
data\images\sat_patch_0357.png,residencial,0.47190989031397496,0.36716684911362496,0.0611164010258303,0.6340330182067033,7.7106864234030725,0.5766047973752617,0.6120895618086332,7868.81392799,media,80.51513671875,112.52001953125,84.423583984375,92.48624674479167,30.567491811393975,0.1657982062358229,0.023696359625363515,-0.3249202980167372,15.277736441798943,0.862232720711433
data\images\sat_patch_0358.png,periurbano,0.35080069947084513,0.43194678501176625,0.11770247624976236,0.3040265582181634,13.306589970214262,0.5620115798531979,0.4114783507225287,4827.339637131775,media,86.177490234375,127.59326171875,90.697021484375,101.4892578125,34.963749109512094,0.19373918514220945,0.025552190536273327,-0.3858142853493016,15.121486441798941,0.8331790273463757
data\images\sat_patch_0359.png,industrial,0.7415458564235204,0.10405671769807238,0.03323065241914767,0.4614200174361476,5.8955759900176545,0.8922104722690044,0.5866368293343908,10535.724559916594,alta,99.406982421875,96.591064453125,87.28857421875,94.42887369791667,28.224978311498642,-0.014367071505456443,-0.06490999762539626,-0.03434633890521259,15.984829695767196,0.9306730064360298
data\images\sat_patch_0360.png,residencial,0.5853967053370848,0.3661944274657162,0.045458027950070784,0.40795958463884185,2.2750388474321577,0.7169516266484655,0.6170551339243434,8583.181513609261,media,82.442138671875,120.595703125,80.087646484375,94.37516276041667,33.73283284898824,0.18791356294744987,-0.01448652732020751,-0.4167495872825318,15.301669973544973,0.8317796056322915
data\images\sat_patch_0361.png,centro,0.767200782624499,0.07296660141542999,0.05558067776591845,0.5637686666914228,4.45251014916825,0.7751770020332631,0.6202631292133189,12284.779945704402,alta,106.451416015625,105.621337890625,98.409912109375,103.49422200520833,28.37981441719377,-0.003914119592433968,-0.03925340102300774,-0.03082948724552896,15.686094576719578,0.9379547900248449
data\images\sat_patch_0362.png,residencial,0.5507685109412401,0.3334649506940838,0.06073213737344277,0.45940182040365024,6.41106303130242,0.7617838863468149,0.5876903071508867,8428.94659497251,media,90.237548828125,115.76171875,86.56982421875,97.52303059895833,30.73789179053971,0.12390417741796489,-0.02074418348865142,-0.2805289353500237,15.487640542328041,0.8750688933231187
data\images\sat_patch_0363.png,residencial,0.3843384529572228,0.4318394401097919,0.04451912666066524,0.5669898235045947,12.16521163413141,0.5677361711770849,0.5498570605804007,5726.451726915054,media,84.2587890625,120.1220703125,101.802001953125,102.06095377604167,32.00652926351999,0.17547279713079642,0.09428753205109305,-0.2654460255063883,15.905588624338623,0.8565852701992223
data\images\sat_patch_0364.png,industrial,0.46312833406418297,0.23372206461550582,0.015907116344165296,0.5112351415837002,11.816106671860767,0.6677759111185214,0.7723099456797893,7238.210261449386,media,102.497314453125,112.1640625,90.01318359375,101.55818684895833,25.516395866983416,0.04503254446165859,-0.06484909093885419,-0.15664727594610853,15.000248015873016,0.9076632980827306
data\images\sat_patch_0365.png,industrial,0.48488633906489376,0.09852436346916875,0.018180391784328388,0.5674786647231631,4.580804133226867,0.5776963506782395,0.5911645090697771,8164.090975206539,media,91.15576171875,102.882568359375,80.10693359375,91.38175455729167,28.68389165387277,0.060435515887340197,-0.06451392137864863,-0.188781891942417,15.023768187830688,0.9044742218258655
data\images\sat_patch_0366.png,parque_urbano,0.05832932848329801,0.8182570904160102,0.06616781168203092,0.18987455496316702,18.681851611625667,0.3200913983117884,0.26285431072411086,100.0,baixa,73.99755859375,175.45703125,81.133056640625,110.19588216145833,52.19372897553432,0.4067252172552752,0.045996710514541635,-0.8883428384468969,13.280175264550264,0.6304019566510949
data\images\sat_patch_0367.png,industrial,0.7300569047043814,0.07294962832684158,0.08111954704507225,0.38470406866349144,9.248934728991044,0.8735923372144234,0.5868071694213685,11079.92077907266,alta,100.839111328125,99.643310546875,85.484619140625,95.32234700520833,34.15042191566025,-0.005964616568882835,-0.08240760351064157,-0.0679950237078283,16.462136243386244,0.9211095168378904
data\images\sat_patch_0368.png,residencial,0.596634735276167,0.34910906483144855,0.09928738574542022,0.6194660132333254,7.80961376551519,0.777137391872332,0.4335154844493524,9195.750036306963,alta,91.330810546875,125.8916015625,86.467041015625,101.22981770833333,34.2093701408769,0.15910324593541406,-0.02735561459911488,-0.36543259933947436,16.07328869047619,0.8394763127941093
data\images\sat_patch_0369.png,industrial,0.6881687431189232,0.11392654277936916,0.012752779619887978,0.4490034782754196,4.201669169979251,0.8392287907109429,0.6755882787440903,10974.477851662568,alta,96.986572265625,104.561279296875,84.41748046875,95.32177734375,25.09718689555098,0.03758267297291636,-0.06928782206421681,-0.1453944016834031,14.966104497354497,0.9115244186710741
data\images\sat_patch_0370.png,residencial,0.6350042664220834,0.20475510230817728,0.050828184977758956,0.5417934090255537,9.301774856964121,0.7292521000080194,0.5204207750013194,9601.654328117995,alta,102.755615234375,103.212890625,90.595458984375,98.85465494791667,32.992303017667396,0.0022201228605167526,-0.06289158845505496,-0.06613096219837455,16.39240244708995,0.9277152790315648
data\images\sat_patch_0371.png,residencial,0.5782719837979764,0.40153416476181614,0.04917791231558995,0.4275163457345663,7.110355423890928,0.6460265497014508,0.7042441769517571,7904.562678014018,media,82.333251953125,126.29248046875,79.30029296875,95.975341796875,41.08115452622277,0.2107085631029626,-0.018764415314138874,-0.47382699225215175,17.00615906084656,0.8111925430054716
data\images\sat_patch_0372.png,centro,0.8438172453402073,0.1943883605728884,0.03584593452249072,0.7010440803268243,1.1714099456605207,0.9496320283011406,0.7907827385075121,13579.136717077772,alta,92.428955078125,101.223388671875,92.327392578125,95.32657877604167,31.063553751843397,0.04541351464193929,-0.0005497104740306542,-0.09278854716628634,16.803075396825395,0.9286550518760724
data\images\sat_patch_0373.png,residencial,0.609055253076809,0.17248100468537322,0.0536424652271894,0.6116853383659594,11.7212093918845,0.6223663055943329,0.759418373791334,8562.644090469375,media,93.131103515625,104.150146484375,86.2451171875,94.5087890625,28.194060250866027,0.055854486490203775,-0.038388512494825486,-0.15302318570842513,15.047825727513228,0.9164121965011965
data\images\sat_patch_0374.png,centro,0.8423250362866779,0.15086107701472354,0.012035528787842394,0.787691274538313,7.3702820202274335,0.924029785281405,0.8915206647610449,12362.910405136812,alta,97.24609375,105.1357421875,91.815673828125,98.06583658854167,28.53479198618155,0.03898397483138024,-0.02872299335140841,-0.10814019090860859,16.82626488095238,0.9256452954542685
data\images\sat_patch_0375.png,industrial,0.5737755927151387,0.08232554150909231,0.07732308899103263,0.39118925000073146,5.626608760316907,0.5751367825127942,0.5175291656835674,8626.985466904769,media,96.7724609375,92.1826171875,86.22802734375,91.72770182291667,27.94088010042079,-0.02429066088752061,-0.05761970164759756,-0.007439116274309665,14.827174272486772,0.9336793193664574
data\images\sat_patch_0376.png,residencial,0.5447520572638127,0.37101111047482715,0.05215559753443351,0.5885053789784449,9.867796347933396,0.7870793773449031,0.602278765230367,6782.936040137151,media,99.656494140625,127.0322265625,88.613037109375,105.1005859375,35.628051399587896,0.12076353960708586,-0.058657696225566526,-0.3130092980076608,16.245039682539684,0.8519820031431495
data\images\sat_patch_0377.png,parque_urbano,0.10213235286061484,0.8751653751400779,0.06855178214195828,0.15494157138573203,12.071651684949295,0.2005148783210644,0.3510058484850444,100.0,baixa,75.30517578125,166.692138671875,90.983154296875,110.99348958333333,47.63528182767448,0.37763626724333105,0.09428189226494328,-0.7527285897012593,13.338665674603174,0.677281779204153
data\images\sat_patch_0378.png,residencial,0.4670422405556557,0.35232027185083054,0.09892626946835072,0.7303565567822201,11.804450119423487,0.6627706711624501,0.7683777156931869,7319.5663679508125,media,94.28759765625,116.517333984375,91.840576171875,100.8818359375,28.088880779629687,0.10545168962446293,-0.013146969751541568,-0.23248235541986262,15.768766534391535,0.8875536468134679
data\images\sat_patch_0379.png,residencial,0.3737365393709904,0.19909143873677806,0.09234022808760686,0.4967990070785151,7.541391726834721,0.4893557915207673,0.4218729099774104,5954.9631253112175,media,88.559814453125,106.0146484375,87.638427734375,94.07096354166667,26.526648783556713,0.0897077326353924,-0.005229261666187633,-0.19044694004189475,14.31436011904762,0.9090770481960804
data\images\sat_patch_0380.png,periurbano,0.1888343605906489,0.6061300455199647,0.07539985720379784,0.4051008237540784,13.503472450274067,0.5160078916937605,0.47120425677932115,886.4668259023144,baixa,78.587158203125,148.35400390625,86.29931640625,104.41349283854167,40.18127264608394,0.30742261451044317,0.04677253349386593,-0.6312475924183006,14.439484126984127,0.7394496387475337
data\images\sat_patch_0381.png,parque_urbano,0.24694966420541686,0.6534485095443674,0.03733885967361313,0.20058597998097286,14.617711710659945,0.31886781009107246,0.06852985675008597,605.2069972412155,baixa,68.76416015625,155.3037109375,78.220703125,100.76285807291667,47.1654982582184,0.3862202553744155,0.06433684866120135,-0.811918995248761,14.572461970899472,0.6826740878152352
data\images\sat_patch_0382.png,parque_urbano,0.24367146300809361,0.6346065346172044,0.11828671269854163,0.1533700478946689,17.148271360622118,0.5015477618415851,0.29056605080301007,2164.787817793391,baixa,82.396240234375,143.691162109375,74.83544921875,100.3076171875,43.63642363920445,0.27111161864159844,-0.04808694095850274,-0.6487574778335428,14.330439814814815,0.7437342079783522
data\images\sat_patch_0383.png,periurbano,0.21270247292594288,0.47600043234788514,0.01549700532878908,0.37569308204385,14.250932395591162,0.2908779225893755,0.3186064485997036,2869.933928003784,baixa,84.026611328125,122.756103515625,82.048828125,96.27718098958333,27.03663831403626,0.18729559687553837,-0.011908944499733131,-0.4125420267635151,13.504960317460316,0.8366333168509044
data\images\sat_patch_0384.png,centro,0.711575870548717,0.05798623205938942,0.046656941797009334,0.754123197436346,5.1664307018184505,0.8661148065629459,0.7287580155733236,12848.92407265986,alta,94.085205078125,95.494384765625,96.789794921875,95.45646158854167,28.789497759246245,0.007433182449799856,0.014169429362570115,-0.0005959236711944561,16.72821593915344,0.9311724681225426
data\images\sat_patch_0385.png,centro,0.6726119706382343,0.18622670647126607,0.06027002395754983,0.5681534020493146,4.21541935728937,0.9519704146021828,0.5226001012729361,10728.82326457816,alta,98.16943359375,109.39404296875,94.941162109375,100.83487955729167,32.09213214365568,0.054077959700882965,-0.016717215624049483,-0.12732444414304503,15.966683201058203,0.9203427145089421
data\images\sat_patch_0386.png,centro,0.8605576429351974,0.10934820658430512,0.008452294768706584,0.9074445995635904,0.8011717080299197,1.0,1.0,15248.734216076318,alta,95.931884765625,99.52294921875,89.053955078125,94.83626302083333,27.93340201289763,0.018372860683707703,-0.03718084398313224,-0.07412807083301663,16.349991732804234,0.9343183378194425
data\images\sat_patch_0387.png,periurbano,0.28281006191554015,0.6617944328222464,0.05622965359052231,0.34161615998576833,15.884590664737985,0.32172710719589515,0.3878407341002746,1889.7895809685724,baixa,84.12744140625,140.903564453125,91.673095703125,105.56803385416667,37.384650200495884,0.2523035551378712,0.04292167918269079,-0.5020771294232869,15.045924272486772,0.7846530787842466
data\images\sat_patch_0388.png,periurbano,0.26140705423461674,0.443785485538742,0.0032868150088942237,0.3008604399529964,9.940328907434331,0.43003303914011787,0.4672926232072008,2610.2981516359714,baixa,81.432373046875,134.214599609375,90.86083984375,102.16927083333333,32.70296687913014,0.24476219474629404,0.05472337873307285,-0.4704740701536451,14.20796130952381,0.8026415302118762
data\images\sat_patch_0389.png,parque_urbano,0.129468306800703,0.6625783627079503,0.19239266508041702,0.13860679185287722,11.411015215023635,0.31143532277448327,0.26504853337060114,100.0,baixa,69.276611328125,141.998779296875,95.02392578125,102.09977213541667,38.086479087347975,0.3442055764725647,0.1567086434980815,-0.5861767260031949,13.590484457671959,0.7425083225591499
data\images\sat_patch_0390.png,centro,0.7619418039809688,0.14340295909026846,0.010383209295672869,0.7327223904739926,5.342582314962805,1.0,0.7256294211723713,13281.619187508002,alta,96.307861328125,101.416748046875,84.437744140625,94.05411783854167,29.229589416059653,0.02583839568104649,-0.06567306071449257,-0.11742117675312685,16.133349867724867,0.9176903324875474
data\images\sat_patch_0391.png,centro,0.6900726530137239,0.0698893388332194,0.07945658629092024,0.7585674158683781,4.88329212333191,0.8755883656606939,0.8577009473856813,11828.613858941055,alta,90.411376953125,91.0341796875,87.44970703125,89.63175455729167,24.336515909678802,0.003432449614492831,-0.016651590324747997,-0.023469781242518195,15.53042328042328,0.9390808054707827
data\images\sat_patch_0392.png,industrial,0.6467923782016288,0.1592482434835798,0.0026245613378549915,0.5375890618351072,5.114558992435294,0.6517201756380104,0.5376839309424017,10273.814190702149,alta,98.487548828125,98.532470703125,88.517822265625,95.17928059895833,28.128243512103847,0.00022800665068895774,-0.053312514238906206,-0.05284537844531333,15.650752314814817,0.9326960787490306
data\images\sat_patch_0393.png,centro,0.8633384750832509,0.037013555265299425,0.053563059825362,0.9448212419173707,0.9823065976625518,1.0,0.9714851902926915,16009.295947931025,alta,89.567626953125,90.43896484375,94.569091796875,91.52522786458333,30.802235046622,0.004840588764480669,0.027161691869717366,0.017802681855740344,16.849371693121693,0.9265341261427812
data\images\sat_patch_0394.png,residencial,0.6481763369169775,0.2934914592955286,0.04680431702900857,0.45397525602458316,7.834026012047532,0.7365220681804948,0.43462475669050854,10235.283383523481,alta,96.188232421875,116.16259765625,85.9697265625,99.440185546875,29.468937836834183,0.09406304243295532,-0.056096949374331566,-0.2522483015680825,15.067501653439153,0.8786693542381464
data\images\sat_patch_0395.png,parque_urbano,0.1560775348883157,0.7706834579043141,0.07462157124765922,0.20487235196581632,14.799413502092323,0.26414646839827005,0.37412377009324815,100.0,baixa,71.3984375,151.814453125,96.266357421875,106.49308268229167,42.80690486936034,0.3602660000485086,0.14831926872390339,-0.6383706181978743,13.938822751322752,0.7228483287630537
data\images\sat_patch_0396.png,residencial,0.5501345286313214,0.33260707406307954,0.022107727073606632,0.6353766766024005,7.472506943447467,0.8784232441404913,0.5208051023335516,7628.895503092857,media,96.880126953125,117.615234375,92.800537109375,102.43196614583333,30.665055548805938,0.09666925753926278,-0.021507673659862857,-0.22234174524174824,16.274264219576718,0.8873087812407031
data\images\sat_patch_0397.png,residencial,0.6565981642749834,0.3139853094141368,0.09550303777057677,0.5588348728191652,8.2966764373456,0.7344172370388494,0.764125944851031,8937.19680257816,media,87.615966796875,105.15966796875,90.755615234375,94.51041666666667,26.953233192214412,0.09100580113352336,0.017601729962501627,-0.16901710253216776,15.511284722222221,0.9092129441934176
data\images\sat_patch_0398.png,residencial,0.6687281292207077,0.27359506638963077,0.01671069183413153,0.471674461209872,5.083450922225296,0.6509448512107185,0.6263327476934225,9095.921817301081,alta,91.65771484375,111.578369140625,92.99365234375,98.74324544270833,29.00810733726036,0.09801730976271522,0.007234917959792493,-0.19497723885395618,15.291170634920634,0.8990686757647195
data\images\sat_patch_0399.png,centro,0.7825045332448364,0.10328995944882834,0.06215760180000474,0.7744072862216684,5.98811641060173,1.0,0.8115044574072005,13543.813209914537,alta,92.5224609375,94.064453125,90.08984375,92.2255859375,25.829825885120396,0.008264203237314296,-0.013321211724158824,-0.029908194383401022,15.694237764550262,0.9392479738359911
data\images\sat_patch_0400.png,residencial,0.4721622183044709,0.2593989068838935,0.04252647417685889,0.5817036427886243,8.680756738528357,0.7006413178289814,0.5468685792041933,7147.338496860044,media,91.202880859375,110.353515625,96.181396484375,99.24593098958333,27.972676046241013,0.09501377780434675,0.026568480925956258,-0.16787969661944177,15.313492063492063,0.9067611410609864
data\images\sat_patch_0401.png,periurbano,0.2805853035175786,0.4631853555155976,0.11432036152034283,0.29057271801133044,15.020150302356951,0.4453196321869885,0.33746663180495323,3111.058947820994,baixa,85.88916015625,127.869873046875,84.802001953125,99.52034505208333,35.4995815356161,0.19639269538770807,-0.006369153407364,-0.4272924450034839,14.447172619047619,0.8268583720999194
data\images\sat_patch_0402.png,industrial,0.5490020731078363,0.2389561916568178,0.08236021873751212,0.5312704404806736,5.891876809868298,0.7247842550342048,0.5606940081519012,8691.030982616574,media,88.37841796875,115.03369140625,89.624755859375,97.678955078125,30.57585671968184,0.1310407398475918,0.007001773377516608,-0.2665067844435874,15.292989417989418,0.877429430736358
data\images\sat_patch_0403.png,residencial,0.5921856875727418,0.24984939846371582,0.04679443570127696,0.3544891340107568,7.872578232863897,0.6037527382265878,0.3670106326049719,7302.536595179198,media,94.85009765625,107.788330078125,92.5419921875,98.39347330729167,28.300489192275,0.06384885879091992,-0.012316984448796874,-0.14322377835991976,15.319031084656086,0.9196491347379486
data\images\sat_patch_0404.png,residencial,0.5133924311304368,0.3828447224918604,0.06597617589618225,0.3653876818519203,10.483056256337651,0.6434374289745501,0.5859671516639064,6897.81761250381,media,92.252197265625,117.762939453125,90.4306640625,100.14860026041667,26.37270838176632,0.12147096854353284,-0.009971013043649718,-0.26382304352268066,14.493179563492063,0.8792137957102727
data\images\sat_patch_0405.png,industrial,0.7703859003848998,0.2552092354896378,0.010364286630677066,0.5431752360259524,5.937749690955711,0.9096739568960541,0.5248116909006397,12120.249221966435,alta,90.36376953125,98.49169921875,86.609375,91.82161458333333,26.423978545722203,0.04303783045447113,-0.021214487203579976,-0.10896265426788074,15.683118386243386,0.9283451037522117
data\images\sat_patch_0406.png,periurbano,0.3942549454911375,0.41606195681210395,0.0880152897038115,0.2078304391372121,9.065457062396394,0.5754687488736667,0.302542553244149,4712.150840134832,media,85.228759765625,123.9150390625,97.58984375,102.24454752604167,29.654458222517714,0.18497454540209893,0.06761392811812286,-0.31792147134776866,14.255704365079366,0.8487629224217073
data\images\sat_patch_0407.png,residencial,0.6733070306245952,0.3078772454574097,0.08574290124356132,0.41714184862701287,3.3198274448039014,0.8668116625190248,0.5677167235311138,10133.24903398751,alta,93.986328125,110.07958984375,92.696533203125,98.92081705729167,25.690198996166334,0.07886305464468307,-0.006909016209575677,-0.16920765020355283,15.067832341269842,0.9091836649352798
data\images\sat_patch_0408.png,centro,0.9157860403385079,0.18941963141455054,0.02756131190659689,0.6709770034212986,1.2831253767353237,0.9135200020740611,0.6975423333072107,13914.533578988332,alta,101.640380859375,103.99609375,95.364990234375,100.33382161458333,29.238469092077768,0.01145571515775192,-0.03185390610573653,-0.05475130977743236,16.497065145502646,0.936786295706599
data\images\sat_patch_0409.png,residencial,0.5516126879015578,0.3165788710931554,0.024440556861143572,0.411274415033421,6.008176612744786,0.6020254766396836,0.47028727693051214,7933.275142449979,media,88.64892578125,108.205078125,93.12939453125,96.6611328125,30.450083701274984,0.09934343145857483,0.024647981770595767,-0.17914043924147252,16.042204034391535,0.9031350124811212
data\images\sat_patch_0410.png,periurbano,0.30917126980345977,0.7370799338079284,0.09075518246150226,0.17574520875748004,14.252972807225362,0.4994447330265038,0.43925172591455025,2837.4287902362125,baixa,84.22021484375,143.139404296875,86.669921875,104.676513671875,39.42426145282527,0.2591453549081525,0.014334981900955068,-0.551167911143698,14.626612103174603,0.7697100678163992
data\images\sat_patch_0411.png,centro,0.7544131949430061,0.19364093931144108,0.025306485935562062,0.6643907229003673,6.706010361036253,0.9467339287391627,0.7473905974396948,12067.633428628764,alta,94.7861328125,101.795166015625,83.9912109375,93.524169921875,26.612744791661882,0.03565462843746144,-0.06038193424393613,-0.13265548379989073,15.320188492063494,0.9167988220572182
data\images\sat_patch_0412.png,centro,0.9296317930796489,0.12499709238299732,0.044708942084456214,0.8056828142951369,6.381496325549955,1.0,0.7968678238305997,12801.91419444498,alta,96.021240234375,96.9404296875,93.67919921875,95.54695638020833,26.89374483489034,0.004763585683797043,-0.012345996720043034,-0.021876258734435303,17.125330687830687,0.9389236543267804
data\images\sat_patch_0413.png,residencial,0.5488764481269479,0.4229937495340341,0.09501968755883468,0.6188620063449053,8.263901623701514,0.7462855283453406,0.6750441016088,8344.424090814768,media,82.452392578125,114.472900390625,90.5068359375,95.81070963541667,28.69900611014185,0.16260231058779742,0.04656845073796636,-0.29217282647379417,15.919973544973544,0.8667608370461573
data\images\sat_patch_0414.png,industrial,0.45913649690630615,0.08434656339885367,0.06439748006903655,0.38009797349647,6.964877684987699,0.5580882732400545,0.6007623717285845,7354.845937674782,media,98.953857421875,101.7998046875,99.739013671875,100.16422526041667,26.261224338590115,0.014176315498036345,0.0039516075324007435,-0.02449346670183917,15.054811507936508,0.9383238324681216
data\images\sat_patch_0415.png,industrial,0.534963630790271,0.29443640152399003,0.03766612677304912,0.39761947216959315,4.4640756123012775,0.7891831310148502,0.48686011464767864,8135.173895557118,media,92.485107421875,109.911865234375,85.45166015625,95.94954427083333,24.207895278250184,0.0861018694977995,-0.03952779024722421,-0.21827598438529427,14.162905092592592,0.8957329912998733
data\images\sat_patch_0416.png,centro,0.8573972258491241,0.04756532508325225,0.01876952466664025,0.6484271603301041,2.8770008501979114,1.0,0.8019639826491952,14014.331100792931,alta,97.461181640625,96.853271484375,90.885986328125,95.06681315104167,27.70463949728859,-0.0031284865502539468,-0.0349099768714386,-0.028187412441764655,15.95920138888889,0.9384816739756571
data\images\sat_patch_0417.png,residencial,0.4778887076841299,0.1807683486600441,0.0722188111625544,0.45768843674335613,14.027030663781767,0.5543647365465532,0.4653169196293151,5912.071037574667,media,99.591796875,107.1689453125,83.633544921875,96.798095703125,26.702261108879494,0.036646939456145694,-0.08709631380423416,-0.16070847407023744,14.49392361111111,0.902677311015867
data\images\sat_patch_0418.png,periurbano,0.23678179322112594,0.5613450187760961,0.06675159812911813,0.3400570389784835,15.10919606567559,0.5164304812392784,0.28454135914944884,1512.226714749786,baixa,80.01953125,130.83642578125,78.044921875,96.30029296875,38.54516374789021,0.24100288654740626,-0.012492431558574492,-0.5379443518164209,15.050677910052912,0.7905357695148099
data\images\sat_patch_0419.png,centro,0.6678626300804291,0.1898007250584192,0.005779476817698992,0.6620552818988876,8.210135703623221,0.7005744617942536,0.8199570645398091,9891.933074240422,alta,91.999755859375,102.40478515625,86.098388671875,93.5009765625,26.90072955048634,0.05352256273949973,-0.03313547802475302,-0.14284035567112097,15.604497354497354,0.9193338977326379
data\images\sat_patch_0420.png,residencial,0.40847508053784626,0.35943599569545803,0.09412015820721312,0.664712528660706,13.632711470863986,0.5389002738606485,0.6872940978330676,5845.987114905573,media,82.6845703125,120.69287109375,81.88232421875,95.08658854166667,33.37602149774898,0.18688552836320832,-0.004874893526794759,-0.40394154436776913,16.285011574074073,0.835957856139102
data\images\sat_patch_0421.png,industrial,0.7711018037082091,0.08660431694092989,0.05888026701265826,0.3430543393726248,3.420918079086414,0.778280606145828,0.6303035144939093,11519.94911379116,alta,94.698486328125,92.623291015625,83.498779296875,90.27351888020833,28.629638939980154,-0.0110782383706173,-0.0628500495174192,-0.03904420928531613,14.90963955026455,0.9331398084481971
data\images\sat_patch_0422.png,periurbano,0.10251905234569869,0.7226193742247788,0.04640985266916158,0.2965320431045496,15.887886231723364,0.16337870332088017,0.36024674208978236,100.0,baixa,58.384521484375,173.921875,62.102783203125,98.13639322916667,61.60774656852514,0.4973489958381197,0.030860194752746907,-1.158369670591221,14.636656746031745,0.5704973223472556
data\images\sat_patch_0423.png,residencial,0.5668926767732894,0.39725312010144886,0.02296260922685589,0.6351603333136477,6.478252551244532,0.7393057978056232,0.4999975219304774,7727.825691136171,media,93.0791015625,127.30908203125,89.959716796875,103.44930013020833,33.66777021333291,0.1553167676926394,-0.01704220326891673,-0.34596340874758724,15.832713293650793,0.8428071063149732
data\images\sat_patch_0424.png,periurbano,0.24496037424500494,0.4779304065079577,0.11602458909906499,0.39190704624183237,16.781524610912417,0.2522338561947469,0.18229654871148382,2512.064795777424,baixa,75.926513671875,136.067138671875,84.459228515625,98.817626953125,37.03911913358045,0.2836906862606935,0.053201205257843734,-0.5654281400544187,14.459242724867725,0.7758537150759405
data\images\sat_patch_0425.png,residencial,0.5053313891280236,0.39156509414074603,0.0522667562547387,0.37903883168719305,10.491960407842656,0.6402222386900495,0.46942036964274225,6423.513350704548,media,80.01416015625,112.81298828125,82.696044921875,91.841064453125,29.123612101002305,0.1700944510183246,0.016482584776134436,-0.3425252700083643,14.77496693121693,0.8586244562411538
data\images\sat_patch_0426.png,periurbano,0.18896348700198273,0.5147613709698122,0.11470291796878754,0.14172516160783893,15.173525472560385,0.32860054074739314,0.23530281865674893,169.79593461390994,baixa,83.415771484375,141.84423828125,100.336181640625,108.53206380208333,35.097559073277154,0.2593823315478207,0.09208288552261948,-0.4604009129455983,13.95837466931217,0.7922208317268118
data\images\sat_patch_0427.png,centro,0.8347920818605209,0.1242538991592975,0.07546910049227469,0.6884483793872055,1.1796476299999057,1.0,0.6498976531392435,14006.982817099706,alta,97.923583984375,105.3740234375,93.45703125,98.918212890625,29.388473201115747,0.036647944414890256,-0.02333858476505802,-0.09789618553990366,16.629092261904763,0.9282248524273583
data\images\sat_patch_0428.png,industrial,0.48334617333583996,0.14898546616232883,0.03118923578986046,0.4715064512116164,14.002534769212383,0.5920438958629416,0.34530414755157424,6548.363071066745,media,94.3037109375,95.6201171875,86.0380859375,91.9873046875,23.672292727906758,0.006931232673987401,-0.0458331074514913,-0.05923881245649404,14.755001653439153,0.9344454939911457
data\images\sat_patch_0429.png,parque_urbano,0.15334236750166103,0.7295404996799459,0.020652493169356387,0.09963354213492367,13.915820411829477,0.15604488585562085,0.07575513767217754,100.0,baixa,79.411376953125,157.593994140625,91.960205078125,109.65519205729167,41.77922237112331,0.32987698336463883,0.07322584003155116,-0.6557665088185112,13.383184523809524,0.7193134104395507
data\images\sat_patch_0430.png,parque_urbano,0.19115025736821536,0.8742893939467019,0.058450515187669264,0.24518235589335005,17.415730456356798,0.4631698275960535,0.3401255602721278,100.0,baixa,80.295166015625,158.41162109375,86.6904296875,108.46573893229167,44.144709044186776,0.3272485700839483,0.038298295171198544,-0.6907141673394254,14.466352513227513,0.7083906999774929
data\images\sat_patch_0431.png,residencial,0.5905653525608923,0.28266928523095897,0.020868353830938137,0.4612581450409586,5.865861512021797,0.5479641948811649,0.4261239501630951,8065.515286865009,media,87.98486328125,116.158935546875,93.72021484375,99.28800455729167,26.77438735711683,0.13801091333337395,0.03156406849009703,-0.254878686930342,14.449239417989418,0.8750424309702648
data\images\sat_patch_0432.png,centro,0.6753464482069871,0.15868754842568275,0.028371622409580625,0.6621235367142534,9.415208368483125,0.7588943753270361,0.6437250181505176,10805.38847986971,alta,91.186767578125,111.7080078125,81.258056640625,94.71761067708333,31.805244482361754,0.10114227975424216,-0.0575761605191992,-0.26906923909791924,16.10631613756614,0.8780698896441704
data\images\sat_patch_0433.png,centro,0.7217782306145413,0.18678485427446473,0.01674604942664261,0.8524140449303124,6.719211918944476,0.7305371529223011,0.8501338550139934,11506.165179028207,alta,96.804931640625,103.902587890625,89.768310546875,96.82527669270833,30.439686818606518,0.0353631803691925,-0.037715060174402536,-0.10964044772034216,16.338334986772487,0.9243351059104785
data\images\sat_patch_0434.png,parque_urbano,0.06902677562821737,0.7281527251383256,0.05628190199775808,0.11632883748320239,17.383282115991413,0.25396063442535965,0.02410455050064858,100.0,baixa,78.33251953125,164.0673828125,94.588134765625,112.329345703125,42.60079398255731,0.35369182123669596,0.09400620883877005,-0.6908885161521506,13.05601025132275,0.699396147637829
data\images\sat_patch_0435.png,periurbano,0.22523916202055416,0.6101535027113008,0.08322570325212704,0.3529815990415308,13.3455016959545,0.34094610149448346,0.40673809986580634,1761.8890420051703,baixa,77.84375,141.890869140625,90.297119140625,103.34391276041667,36.7144840437198,0.2914748668172378,0.07406509274163739,-0.5594953052035386,14.037491732804234,0.7668938741860208
data\images\sat_patch_0436.png,residencial,0.42686008037920337,0.2627400112293239,0.07821067624763044,0.37779796205296057,9.416188672750021,0.5796473332144346,0.46142637340129633,6238.9277335578945,media,95.52685546875,108.025634765625,74.652587890625,92.73502604166667,33.51230831101694,0.06140322440212053,-0.12266033454689124,-0.24732739955564137,15.01500496031746,0.8746172734824812
data\images\sat_patch_0437.png,centro,0.7682005247965502,0.027855862047253585,0.05728534197667857,0.5521241209558904,1.7509444127717169,0.894805277482097,0.6524241812888973,12303.17070924911,alta,107.75,102.16552734375,94.787109375,101.56754557291667,27.161835254017955,-0.02660342805657079,-0.06400254551375324,-0.00883129194822139,16.386243386243386,0.9293304799093526
data\images\sat_patch_0438.png,centro,0.6634551175536841,0.1606775399440726,0.05447765292926618,0.9036583833538918,7.55812450785689,0.8347335782957502,0.5878416437619034,10748.415783811613,alta,84.68212890625,100.123291015625,78.76025390625,87.855224609375,24.731019534092088,0.08355362105910641,-0.03623218691421887,-0.20945936319365982,15.268477182539684,0.9000511649096818
data\images\sat_patch_0439.png,periurbano,0.3105304857662117,0.3980102006141233,0.0633603386805694,0.10007354841402176,11.780215703670248,0.3977765334010071,0.1884543266356838,4054.454230307092,media,83.84521484375,117.12158203125,86.191650390625,95.719482421875,26.36447641294983,0.16558141712641347,0.013799569463017072,-0.33538782561718145,13.236235119047619,0.861960781394235
data\images\sat_patch_0440.png,residencial,0.5059646632364816,0.369965875219853,0.037911056785997294,0.5714858408590817,8.263340259674607,0.6974185309080503,0.7801859421983361,9396.180572848392,alta,94.908447265625,117.32275390625,84.553466796875,98.92822265625,32.01999127892616,0.10561268282536901,-0.05770015585281,-0.27890723046715526,15.462301587301587,0.8718701112994305
data\images\sat_patch_0441.png,residencial,0.5699016621281552,0.2976943368941569,0.02272451790096791,0.6428885979871113,8.281528753419018,0.6557594515428905,0.5718966823249557,8213.711624653915,media,92.95263671875,113.264404296875,85.37109375,97.196044921875,29.795795798199148,0.09849703680933404,-0.04251561419394487,-0.24797859659716331,16.553695436507937,0.8865869450689664
data\images\sat_patch_0442.png,residencial,0.48111714903163705,0.42728468510683304,0.0926802035605588,0.7486554101060634,10.809152446421336,0.6988254357304331,0.7378879713747902,6928.824191706576,media,87.9140625,112.8447265625,86.322509765625,95.69376627604167,28.33250225089439,0.12418217929455848,-0.009134435466362539,-0.26884133796797954,15.838045634920636,0.8808072393904249
data\images\sat_patch_0443.png,residencial,0.3943246449389999,0.44225869374804305,0.0146205304890913,0.4409610371548379,17.431624553536622,0.5679627204502947,0.5937994191600378,5060.77113582145,media,81.569091796875,121.64794921875,70.22705078125,91.14803059895833,32.27692842304155,0.19722193091853688,-0.07471890094353804,-0.5019294122662145,14.547660383597883,0.8089524167715099
data\images\sat_patch_0444.png,residencial,0.39029528917925826,0.19443635539639814,0.053486538882018035,0.44395612202817675,12.438506228328665,0.6208610756102142,0.5301669011000048,5955.862846404509,media,95.236328125,113.3876953125,93.4658203125,100.69661458333333,26.064521709104323,0.08700516269130751,-0.009382552439268369,-0.1890492643021939,14.68605324074074,0.9063932176630486
data\images\sat_patch_0445.png,residencial,0.6445989323155239,0.2438877752419678,0.051701430707305845,0.43285382226492025,7.429680581744369,0.7377186030329008,0.7942655777965216,9993.042271504813,alta,97.2109375,118.48779296875,94.15087890625,103.283203125,32.48789394561057,0.09864154195006264,-0.01599095700086122,-0.220818912027774,16.371114417989418,0.8883011774681947
data\images\sat_patch_0446.png,centro,0.906166879982783,0.13352265196005417,0.02305210820830699,0.8234984904216246,0.2,0.965792009760265,0.7390227619781944,14700.865055766868,alta,91.421630859375,98.989501953125,80.694580078125,90.36857096354167,32.56144749741826,0.03974489801212028,-0.06232446473517137,-0.1430961694248311,16.691178902116402,0.9135442442358745
data\images\sat_patch_0447.png,residencial,0.6663072825173851,0.3373225898737173,0.006218590431601778,0.3577644393080237,4.230525735818836,0.6213014465493568,0.40129384367606524,8912.840979543726,media,91.267333984375,114.156982421875,92.30810546875,99.244140625,30.11237846403825,0.11142618715501491,0.005669448384849472,-0.2253963037922794,15.404224537037036,0.8896470182854378
data\images\sat_patch_0448.png,periurbano,0.27875150543494975,0.3892101366610714,0.0743850788514733,0.27888110865769156,13.662953363061197,0.5189039700886713,0.44458507195813063,3982.326514233776,media,86.869873046875,132.9033203125,90.69482421875,103.48933919270833,30.491512068478794,0.20945888055096798,0.021541168989306237,-0.42633349094244377,13.772321428571427,0.8194238897295525
data\images\sat_patch_0449.png,residencial,0.6774054479180955,0.2804186737546128,0.006375753040333787,0.5410566217486997,5.78917771962933,0.7487677696763322,0.868728142433665,9912.14274118656,alta,92.576171875,111.758056640625,84.822265625,96.385498046875,27.798616759288834,0.09387504389791042,-0.04370898817127976,-0.23923555014650943,15.22151951058201,0.886325406583371
data\images\sat_patch_0450.png,periurbano,0.17634181095676538,0.4944364215186727,0.06907440128800939,0.19133853369680562,13.856972704370845,0.3783263780745444,0.199303900683506,1221.5254350366827,baixa,94.745849609375,148.61181640625,80.92822265625,108.09529622395833,39.32285672745336,0.22134485203384402,-0.07865490163840108,-0.5622333425618014,13.802662037037038,0.7593918098516574
data\images\sat_patch_0451.png,industrial,0.665560974171371,0.18034966013720005,0.0008001471887851275,0.5231656897129625,5.63329132990719,0.7864962095620917,0.7393412674395602,10527.104197264218,alta,92.604736328125,99.835693359375,81.596435546875,91.34562174479167,22.935337702580316,0.0375750407823198,-0.06319303480895119,-0.13941672342040198,14.461185515873016,0.9172126043010881
data\images\sat_patch_0452.png,periurbano,0.29150641807646527,0.47652084846906617,0.062279662590239905,0.2558169640096275,12.048668408636406,0.4023719939693475,0.5144520372969658,2915.049734465644,baixa,87.52392578125,135.249755859375,92.158447265625,104.97737630208333,32.61978839506973,0.2142345967998184,0.02579285535912365,-0.4325557610881211,13.761739417989418,0.8144708452706355
data\images\sat_patch_0453.png,residencial,0.42189709155302063,0.19294888612783656,0.06349909571124689,0.4169038324177263,8.93734402151333,0.4524577294997899,0.43766149672547283,5049.149453282821,media,92.001220703125,105.447509765625,93.310791015625,96.91984049479167,21.928224020620465,0.06810015421460497,0.007066839830224869,-0.13198023963893293,13.649098875661377,0.9214345330432528
data\images\sat_patch_0454.png,parque_urbano,0.10011795245474125,0.9157966651817251,0.15214843711797327,0.09276567463973989,15.532066393741463,0.3249184989259332,0.16992061248158657,100.0,baixa,77.5126953125,178.8486328125,84.90380859375,113.75504557291667,55.743710149997966,0.3952855832269043,0.04550715634175416,-0.8583388939741481,13.767567791005291,0.6070859900905781
data\images\sat_patch_0455.png,centro,0.8212170302516881,0.11918304796363778,0.04804470520470994,0.6635709409743721,0.6502293215176134,0.919993754888522,0.8071841033178326,13534.703367874412,alta,94.758544921875,107.680419921875,90.7109375,97.71663411458333,28.3496142522989,0.06383096725545213,-0.021823576295126563,-0.15294917486067827,16.610987103174605,0.9143396744087804
data\images\sat_patch_0456.png,industrial,0.6202737281233217,0.08954307547302824,0.0012730823514137458,0.3594605185316953,4.392463095548776,0.720385350802601,0.5424107479186986,9517.11619131047,alta,97.814208984375,104.3837890625,93.63623046875,98.61140950520833,25.81157856315939,0.03249082636372674,-0.021822767843921165,-0.08780494358186047,15.521040013227513,0.9321752623389793
data\images\sat_patch_0457.png,residencial,0.6927245653121967,0.4470485568057524,0.08790588729268928,0.7005393562986695,6.5165546876873375,0.8258665111070826,0.8071884359386023,10605.723681850392,alta,88.87353515625,125.0029296875,90.0927734375,101.32307942708333,34.706795232472786,0.16892646130427813,0.006812669289642542,-0.3505595688653252,17.952835648148145,0.8400366657745846
data\images\sat_patch_0458.png,residencial,0.4057771890782815,0.40262207171742415,0.03118786332297482,0.5139158749235627,14.57324720073165,0.49792577675478467,0.5222950498421061,5344.180307281817,media,90.8310546875,120.257568359375,89.095703125,100.06144205729167,27.25484745691374,0.13940359791885543,-0.009644766425812148,-0.3027558720673218,14.953910383597883,0.8649063921816117
data\images\sat_patch_0459.png,centro,0.6849107693076071,0.08501138691858788,0.04801433216205076,0.8862538218415342,0.27015957836260185,0.8272180661429476,0.9130025084385707,11926.929123545873,alta,89.63037109375,95.117431640625,86.707763671875,90.48518880208333,22.277384146943724,0.02970027483933793,-0.016573881816236865,-0.0767900721986718,14.538731812169313,0.9354333458187345
data\images\sat_patch_0460.png,industrial,0.5973359196515028,0.18084877960091,0.01790193817011675,0.4939586545008722,8.807554663214354,0.8344299616494321,0.5965278009941273,10648.684998037395,alta,93.321533203125,104.0537109375,76.651611328125,91.34228515625,29.198522896018403,0.05437448716898914,-0.09807385644890117,-0.20874383020432374,15.37057705026455,0.8920259753919353
data\images\sat_patch_0461.png,residencial,0.6054354123444808,0.3671107800975191,0.058011293118645384,0.6545122605259852,10.49591365294896,0.8570926762354885,0.5578663793692694,8832.937795927819,media,92.2548828125,115.84326171875,96.945556640625,101.68123372395833,35.65576658544356,0.11335218219283816,0.024792087253555466,-0.20891801766429743,17.179439484126984,0.8890636053627375
data\images\sat_patch_0462.png,parque_urbano,0.1353164827548925,0.7322392134502916,0.051991261418782866,0.16014861629357768,16.679559470958257,0.21777625593836825,0.08548482362138757,100.0,baixa,68.493408203125,169.594970703125,81.03662109375,106.375,52.244652774131666,0.42463879396302284,0.08388423961208238,-0.8914684386671592,14.06382275132275,0.6372866374566858
data\images\sat_patch_0463.png,residencial,0.6658440254685503,0.25320486671562514,0.0122456280389176,0.6847591706145479,5.262486917117431,0.8669048844628982,0.6912593553447526,10853.033324800894,alta,95.061279296875,109.164794921875,81.5634765625,95.26318359375,32.56490272277652,0.06905834923328712,-0.07642078593275388,-0.218892713707952,17.089657738095237,0.88961747774133
data\images\sat_patch_0464.png,industrial,0.5917315321581628,0.0912782939777667,0.0012454280967950093,0.3853517985786521,10.114822783040701,0.7475483625728897,0.5481832171795766,8609.518658529005,media,97.821044921875,104.378173828125,79.15673828125,93.78531901041667,27.42332420130344,0.03242905147882006,-0.10546129687782267,-0.16942184794803375,14.974785052910054,0.8966317480184911
data\images\sat_patch_0465.png,residencial,0.6613378585681196,0.26345214055731303,0.09538327585892932,0.7129685295789243,6.965065737286073,0.8199771249220978,0.7077147369510504,9703.31416890282,alta,97.279541015625,111.09228515625,90.798828125,99.72355143229167,28.946525860498994,0.0662889236424058,-0.03445751303448351,-0.17100374154356243,16.708333333333332,0.9058344735905997
data\images\sat_patch_0466.png,residencial,0.5447587448472483,0.411240541524599,0.09659299922049495,0.7066717787514065,7.068812752218613,0.5206572331438662,0.6354688058529038,8432.56390558666,media,83.846923828125,122.604248046875,80.529052734375,95.66007486979167,34.30135237091333,0.1877311893123339,-0.02018464706917688,-0.4224987216259148,16.184275793650794,0.8265716991034429
data\images\sat_patch_0467.png,industrial,0.554969052046862,0.26274947957100997,0.007684839537136079,0.5869057431740696,7.22727298993532,0.6877425225737634,0.4656121705097451,8503.25618868428,media,97.670654296875,114.18896484375,86.145263671875,99.3349609375,35.56954897368228,0.07796818731153546,-0.06270072086063122,-0.22430175061016142,16.423197751322753,0.887341896648949
data\images\sat_patch_0468.png,periurbano,0.38293431767758435,0.4918670698602703,0.024887347087697832,0.16842403048575227,8.622252954961903,0.4691336626694216,0.27787281432124744,4373.1959931027495,media,97.611572265625,127.185791015625,84.314697265625,103.037353515625,35.71886375238923,0.13155945508773362,-0.07308936175721778,-0.35154877976323673,14.303282076719576,0.84256825808885
data\images\sat_patch_0469.png,industrial,0.5738561383613356,0.09101281592119002,0.003463473078745538,0.35048965480344596,5.742537944778084,0.5333377081463117,0.38178469856426067,8056.654625014389,media,100.78857421875,106.089599609375,86.991455078125,97.95654296875,24.448648075843273,0.025623898678674577,-0.07347490102548253,-0.1245407858083417,14.684482473544975,0.914061433161422
data\images\sat_patch_0470.png,centro,0.7353628578041282,0.09114346708978235,0.04615649958145,0.8530688075019521,7.09814163893166,0.8496641357169046,0.7297914802172404,11734.700034830978,alta,101.2314453125,97.612060546875,93.172607421875,97.33870442708333,31.83736328884781,-0.018202177294050045,-0.04145406299827593,-0.00421244743176349,17.59354332010582,0.9369946235644229
data\images\sat_patch_0471.png,residencial,0.44474747994257985,0.43919985606655887,0.05278893310348433,0.36020596293221496,11.438613333567218,0.527159481441946,0.4844321185579785,3601.4391044334816,media,86.4775390625,128.65673828125,92.3505859375,102.49495442708333,32.95911896151469,0.19605987266870795,0.032841852153614806,-0.3828742167624817,15.273602843915343,0.8325198909435694
data\images\sat_patch_0472.png,periurbano,0.2529798500214767,0.6345855266442263,0.06589111612732075,0.1611491536463663,14.581038868702846,0.43505436518504836,0.17957745149441695,1906.6994094915253,baixa,72.977783203125,146.2822265625,86.962890625,102.07430013020833,43.74663971840705,0.3343265518568855,0.08743934234930319,-0.6496433373944782,14.815848214285715,0.7357190083532089
data\images\sat_patch_0473.png,residencial,0.5848398049521689,0.3916134338411372,0.03682772907567727,0.42856729953475775,4.013675848126974,0.7744539629886169,0.4570335536823422,7551.972361534183,media,97.36865234375,126.32080078125,83.853515625,102.51432291666667,34.83031023404603,0.1294301000945768,-0.07457772299966542,-0.3483388021551333,15.823660714285715,0.8401270293910705
data\images\sat_patch_0474.png,periurbano,0.29458193594900617,0.6429717465440257,0.048153315621693185,0.34339943707502607,14.419263815674093,0.3987473388703713,0.5814333134468498,2997.951901373113,baixa,74.31396484375,141.2353515625,84.189453125,99.91292317708333,41.25425998737679,0.3104690264113523,0.06230457579717582,-0.620376623831634,15.208333333333332,0.7508512957995822
data\images\sat_patch_0475.png,industrial,0.6471838817838873,0.060315130284364096,0.03635679035504702,0.5295102606288632,3.246828436251366,0.685076942004044,0.593254119664325,10540.3898169569,alta,98.19873046875,107.79833984375,95.607666015625,100.534912109375,27.318272390563713,0.046600708028694635,-0.013369344287687386,-0.10837172147062328,16.335234788359788,0.9272000453355236
data\images\sat_patch_0476.png,centro,0.7046775080000037,0.12513885598709373,0.02446367198401248,0.8660581089923675,2.2198154489678044,0.8813812645441188,0.8407031201371322,12459.0764238107,alta,92.92236328125,98.611083984375,76.370849609375,89.30143229166667,31.82525925824942,0.029700925632768285,-0.09776832332197563,-0.15637461823768534,16.582589285714285,0.9007242787136801
data\images\sat_patch_0477.png,industrial,0.5652688202997135,0.11270907439415202,0.07613209389862188,0.5997418469788491,4.804021325939107,0.862416362860501,0.7031607504285387,9937.510004356565,alta,103.98876953125,107.026123046875,89.940185546875,100.318359375,28.738327819308072,0.01439402434644011,-0.07244191000912456,-0.10029714869941125,15.688078703703704,0.9173638447517862
data\images\sat_patch_0478.png,centro,0.9158581367542971,0.14060534674389236,0.027298888450912332,0.6476623610093745,0.2,0.9789226905494841,0.8001691937866049,14679.700366571178,alta,91.96240234375,100.922607421875,85.59130859375,92.825439453125,23.723245222817493,0.04645361006829382,-0.03588262774389456,-0.1308450775330106,14.972718253968253,0.9215460068565597
data\images\sat_patch_0479.png,centro,0.9148954883105864,0.16924687298953325,0.0028958981728682254,0.6149111045408873,0.2,1.0,0.8875766945396081,14111.889223511493,alta,99.740966796875,106.444091796875,90.912109375,99.03238932291667,30.17306729509383,0.032510236256726284,-0.04630849684065538,-0.11226179308291252,16.411995701058203,0.9213586704707554
data\images\sat_patch_0480.png,residencial,0.5875040853570647,0.3668412375071779,0.014336940637965402,0.516850008714661,9.809753582575567,0.6650430442578921,0.6840439553836779,8054.270770689931,media,95.697998046875,115.831298828125,84.8740234375,98.80110677083333,33.52007413280597,0.09517972679674598,-0.05994270020601671,-0.2585526484701887,16.084656084656082,0.8771649071318868
data\images\sat_patch_0481.png,centro,0.8332575461534307,0.07923580991806271,0.050316316861046165,0.6698159766893073,3.244204188688752,0.9391960772915015,0.6584743018472627,13601.000995647508,alta,95.660888671875,93.8876953125,84.4697265625,91.33943684895833,29.58229056018191,-0.009354822456317304,-0.062128039881980644,-0.0418481631300744,15.28753306878307,0.9324102901960705
data\images\sat_patch_0482.png,centro,0.7844821645173119,0.03708848492477597,0.011811963787391138,0.6145245091150648,3.3888313402933754,0.9004282805982111,0.9004027364334602,12920.398939192362,alta,95.74169921875,102.94384765625,92.417236328125,97.03426106770833,33.91173219899761,0.036248979930996905,-0.0176683762761212,-0.09135309213386025,17.77455357142857,0.9311246776246643
data\images\sat_patch_0483.png,residencial,0.49801084943654894,0.23336456712392395,0.09447990962604036,0.4140358211069159,7.442727940755036,0.6063154049592224,0.5917162759008401,7065.51823259174,media,96.4306640625,101.864013671875,87.93115234375,95.40861002604167,25.262291654628115,0.027400380302959243,-0.046102342872987215,-0.10149089651988548,14.887400793650794,0.9268177312235945
data\images\sat_patch_0484.png,industrial,0.5814301820936524,0.2566177894399123,0.010401531024204337,0.3253263771677185,12.289290066520685,0.6466628296287541,0.49122458485596443,6683.654987419707,media,89.607666015625,112.924072265625,82.911865234375,95.14786783854167,30.881583944143795,0.1151247025910402,-0.038811841731329524,-0.280240713387624,14.946428571428571,0.8763354936710023
data\images\sat_patch_0485.png,centro,0.8249272142710817,0.054510665369313496,0.07989665780255732,0.682759318151514,0.2,1.0,0.7254610899558335,13929.113304015234,alta,95.66796875,96.369140625,96.6552734375,96.23079427083333,24.55019416387001,0.003651231127310697,0.005133569251104276,-0.002156477359102708,15.160796957671957,0.9355790521070053
data\images\sat_patch_0486.png,parque_urbano,0.16372459948892204,0.692016498961725,0.08629849328760797,0.19020790661906187,15.93245247515262,0.2619769032051725,0.2847433681843529,376.7169273811312,baixa,81.49755859375,151.536865234375,86.752685546875,106.595703125,39.177282872292395,0.3005534769907177,0.031233992846386165,-0.6324058152006931,13.330977182539684,0.7397941378250877
data\images\sat_patch_0487.png,residencial,0.4903459661351978,0.23038266598266882,0.018090010943054593,0.5533170894777959,11.86608332486934,0.7177107021339874,0.5536018909038644,8213.265303584725,media,93.032470703125,115.4501953125,81.7802734375,96.75431315104167,27.14969424759465,0.10752800187314793,-0.06436714472147537,-0.2898457137364306,15.317005621693122,0.8710668953138418
data\images\sat_patch_0488.png,parque_urbano,0.09031914450973104,0.7341254707972191,0.13081664938627569,0.1654664628931224,19.800525670152734,0.2741205734444461,0.28698254662545736,100.0,baixa,82.27978515625,161.658447265625,73.068115234375,105.66878255208333,47.94048090147507,0.3254047592125293,-0.059297034845112555,-0.7947900434466267,13.871651785714285,0.6734742541696542
data\images\sat_patch_0489.png,periurbano,0.24827391394759132,0.7063927994838437,0.10467240472009591,0.13902318805758734,11.744268723414693,0.32816459526172165,0.3033504648540136,972.872625900258,baixa,69.544189453125,159.84716796875,84.771484375,104.720947265625,49.399787857628795,0.39366338443119664,0.09867626823286088,-0.7896159500479862,14.657366071428571,0.6768243836412207
data\images\sat_patch_0490.png,residencial,0.3634865737809577,0.2799997321699904,0.07113042945417414,0.46801334064626277,10.540149001183533,0.46005097540338846,0.369337988612656,5449.558577514945,media,89.59326171875,109.989013671875,82.802490234375,94.12825520833333,23.40026533586821,0.10219220023929465,-0.03939059616057615,-0.25275234720864015,13.93576388888889,0.8884222186181033
data\images\sat_patch_0491.png,residencial,0.36877772536593634,0.21939295820547697,0.03288982433535237,0.6328861302887545,12.266029499681125,0.44288888727463827,0.670419559016149,6802.415284808712,media,93.29248046875,101.830810546875,95.49072265625,96.871337890625,25.887139842258605,0.04375864095938516,0.011644267813382734,-0.07679473691154846,15.739583333333332,0.9322639925596792
data\images\sat_patch_0492.png,parque_urbano,0.12465161111237469,0.9260517018588598,0.027725242242246553,0.0324034848178585,14.262394811132173,0.19785971614700404,0.0,100.0,baixa,66.579345703125,181.46875,89.755615234375,112.60123697916667,55.373164459148285,0.4631738998359651,0.14824751446522544,-0.917407937827137,13.422743055555557,0.6019562115866972
data\images\sat_patch_0493.png,residencial,0.5503214135599663,0.2790262279928314,0.09192738518864206,0.5717939574325392,5.133848197855588,0.6648481304329793,0.5722764880899835,9961.019459221287,alta,101.9833984375,117.424072265625,87.294189453125,102.23388671875,31.178399496764996,0.07037442120028349,-0.07760669961229923,-0.22287402767070563,15.4890873015873,0.8806437958344329
data\images\sat_patch_0494.png,residencial,0.6818785392953806,0.375491250396628,0.08541374299001585,0.4065133282437328,4.401073691062102,0.6482396482606987,0.6024358882080512,9715.476952632709,alta,84.564453125,114.693359375,93.904052734375,97.72062174479167,27.598592048816098,0.15120564519292992,0.052331919920942556,-0.26052951496023313,15.110532407407408,0.8760034607761823
data\images\sat_patch_0495.png,parque_urbano,0.06512834479137587,0.7954833841448006,0.03471714184584458,0.21249766358966937,18.879138471474278,0.3103329912927014,0.3573168605456016,100.0,baixa,51.78369140625,163.271728515625,69.105224609375,94.72021484375,55.725814320875344,0.518415376982644,0.14328470823248568,-1.085589486804336,14.083953373015873,0.6070840829752405
data\images\sat_patch_0496.png,residencial,0.4699615930310181,0.43428222176545983,0.0949976795900665,0.5775175526958053,11.248522314032941,0.7009761686263619,0.7309122218377521,5285.41029894327,media,83.71630859375,124.938720703125,95.404541015625,101.35319010416667,34.40652337130735,0.1975625128745932,0.06525333249653098,-0.34905951665672896,15.997313161375661,0.8403350729824051
data\images\sat_patch_0497.png,periurbano,0.32925839107992405,0.6895917393126015,0.10440984799328593,0.2706715702755233,10.391538213198707,0.4098253286919516,0.10337957124367841,1569.6913452966587,baixa,71.7470703125,146.322998046875,91.797607421875,103.28922526041667,44.745582603770174,0.34198149224905966,0.12259975234009637,-0.6249505540581741,15.781001984126984,0.7348660214230268
data\images\sat_patch_0498.png,industrial,0.45270952546158233,0.09346696231417685,0.03221415558688603,0.36686199450207774,12.852111891754298,0.5377809710111809,0.4634610551030786,6643.7295879160565,media,95.626708984375,106.915283203125,88.856689453125,97.13289388020833,25.173806606995193,0.055734487654122096,-0.03669717466120074,-0.15106709217790307,14.051008597883598,0.9169235245081734
data\images\sat_patch_0499.png,centro,0.69480031835496,0.08183413891475022,0.06947779399003112,0.903807918407981,6.043847472444038,0.8241302966658397,1.0,12201.843016409573,alta,97.266357421875,91.672607421875,85.59228515625,91.51041666666667,28.139615222644256,-0.029606121611917557,-0.06384205874652756,-0.0026585621508000037,15.668526785714286,0.9306092214494105
data\images\sat_patch_0500.png,centro,0.9129301816807627,0.14206487894656236,0.0727506435990634,0.6700148980759434,0.4551104678484854,1.0,0.7837134954665658,14051.053957390348,alta,97.18115234375,104.61865234375,89.98681640625,97.26220703125,32.95459704233634,0.03685583330797378,-0.0384378585027634,-0.11345278080880707,16.91898148148148,0.922826665667766
data\images\sat_patch_0501.png,residencial,0.367490724917475,0.3491836426500634,0.02340260103839812,0.4500870347536239,13.830609579169348,0.5020171647392235,0.38446558418536564,5838.356332103945,media,86.796142578125,125.05322265625,89.581298828125,100.47688802083333,29.750677617509865,0.18058623803386836,0.015790886929775025,-0.36689533595612567,14.42146164021164,0.8454161464658925
data\images\sat_patch_0502.png,periurbano,0.1030447288839682,0.5210231232711346,0.06561893127232549,0.22987052067250432,13.577145202744433,0.20433771749886917,0.38611668638021535,100.0,baixa,78.8349609375,138.71728515625,85.03076171875,100.86100260416667,34.98474671396977,0.2752549101133617,0.03781023049241992,-0.562996815409233,13.508680555555555,0.7768427364186787
data\images\sat_patch_0503.png,residencial,0.35419622021350716,0.39404076311389336,0.06447895917890989,0.6031218277373566,11.68804258317807,0.537420771182734,0.6738775735057057,4989.546566402775,media,95.8427734375,119.979736328125,90.4501953125,102.09090169270833,33.068861459239685,0.11183709616295225,-0.02894676128807593,-0.26283685661877804,16.14885085978836,0.877269894681713
data\images\sat_patch_0504.png,periurbano,0.3205327325257762,0.7133211379780116,0.0028145394496804687,0.31266900123357366,13.385380555835667,0.4654912047976497,0.3469386921270479,1919.8401590132898,baixa,71.356201171875,135.78759765625,83.274658203125,96.80615234375,39.86742990659167,0.31104670541834295,0.07707683319064634,-0.6040129263386859,14.951182208994709,0.7613807572807985
data\images\sat_patch_0505.png,residencial,0.47959723256744746,0.15066810040994164,0.03124847636411107,0.41004681227202044,0.2,0.5686635383436349,0.41256774878166275,7104.825042169555,media,89.98486328125,102.1064453125,84.0322265625,92.04117838541667,31.002379838371404,0.06310322969261695,-0.034207195913273106,-0.16403419090713178,16.31278935185185,0.9147017812847504
data\images\sat_patch_0506.png,residencial,0.5123987332009562,0.4354612330477037,0.013629339057131751,0.4272512552678377,10.04189120893914,0.7114996010168926,0.5317085145571631,7266.466369709473,media,86.21337890625,133.1259765625,88.6123046875,102.65055338541667,36.04550061974642,0.21388134993882774,0.0137218154576342,-0.44532769490935514,15.850901124338625,0.806878590664642
data\images\sat_patch_0507.png,residencial,0.5931979185145907,0.2529585007580414,0.07692230863130388,0.48962705510506177,6.821190675365918,0.8313691101254881,0.728103727746592,8021.152844841069,media,98.750732421875,111.75830078125,90.12060546875,100.20987955729167,28.01035040602502,0.061791021979720355,-0.04569315282994149,-0.17286351145817264,15.412450396825397,0.9062702429996738
data\images\sat_patch_0508.png,residencial,0.6667810060536157,0.33984441227487727,0.058574809131564556,0.4100169501376292,3.96891062530756,0.6300050858170045,0.516562088716154,9844.246079667646,alta,95.74072265625,114.098388671875,90.194091796875,100.01106770833333,28.640445271860138,0.08748448185826842,-0.02983105044559732,-0.2112864277746867,16.030547288359788,0.8936534536821532
data\images\sat_patch_0509.png,residencial,0.5320915109325529,0.3678008760293307,0.06765205655852198,0.37969777579580066,12.661066290355635,0.6643904138152227,0.3596303371612085,5304.293093385019,media,87.54638671875,124.59521484375,92.0390625,101.3935546875,30.393993185154148,0.1746419734624418,0.02501692523407407,-0.3432416389621251,14.875372023809524,0.8459899585484407
data\images\sat_patch_0510.png,residencial,0.667603901004842,0.40357440153859336,0.03298557325293707,0.47939703116718135,7.395664158126711,0.7715775141310035,0.7550508465611538,9521.622304353712,alta,99.20556640625,123.694580078125,98.131103515625,107.01041666666667,30.174547377911168,0.10986539914062483,-0.005444821206345255,-0.233867371634258,16.292906746031747,0.8803569887201422
data\images\sat_patch_0511.png,centro,0.6538807698252254,0.18956756732558855,0.05586835904868123,0.586995917024795,2.5171569547652886,0.8200591083065545,0.7204023277784721,10151.890388888367,alta,96.489013671875,113.9462890625,92.2861328125,100.90714518229167,27.842848395213988,0.08295792141731455,-0.02226395219594716,-0.19382884721543028,16.082382605820104,0.8994312575535136
data\images\sat_patch_0512.png,residencial,0.685462777931077,0.3455213048271949,0.08631966367854904,0.743924840651995,8.674825550994823,0.98138698651922,0.7489838312739283,10090.635184482135,alta,91.774169921875,111.415283203125,90.492431640625,97.89396158854167,29.447421297792282,0.09666403881949008,-0.007032216891245814,-0.207183179489038,16.097883597883598,0.895843761668735
data\images\sat_patch_0513.png,residencial,0.5545471108110053,0.21724555730180672,0.08319154361183849,0.6049476282652743,11.794676862772357,0.8185925986627064,0.5607871031578642,8444.463359641324,media,86.042724609375,106.36083984375,87.22412109375,93.209228515625,28.0136642879811,0.10560155258310466,0.006818364314087172,-0.21164660511307545,14.816550925925927,0.8958531398988692
data\images\sat_patch_0514.png,parque_urbano,0.18497414363936596,0.7619919260600121,0.07493969907510592,0.14915435510077574,16.25972070351507,0.20191516398298734,0.21420136424730538,100.0,baixa,88.602294921875,156.31005859375,94.4248046875,113.11238606770833,40.29130761071375,0.2764571179178932,0.03181228214968926,-0.5728506883182983,13.853339947089946,0.7466253265873681
data\images\sat_patch_0515.png,periurbano,0.1947146602016836,0.6484368148832069,0.001147836729094398,0.3050009876916894,15.663478784002665,0.4081275840799471,0.32846663173734264,1122.230053905203,baixa,63.020751953125,136.7275390625,81.334716796875,93.6943359375,42.34893296018582,0.3689983346821779,0.1268671348267356,-0.6889403009549955,15.496899801587302,0.7394532574142488
data\images\sat_patch_0516.png,centro,0.90628075245596,0.059571784869264274,0.026849908598648133,0.9252766687678711,4.203241061102416,1.0,0.8709227862986972,14878.047167402658,alta,101.078369140625,100.8046875,92.62060546875,98.16788736979167,27.079855518425,-0.0013556444202077855,-0.04366447290320954,-0.04029016270996411,17.688450727513228,0.9357548211263949
data\images\sat_patch_0517.png,parque_urbano,0.03338570244264848,0.8003623887094081,0.1762314543664942,0.24052836757222604,16.887934405083442,0.37708790885908444,0.3616411530680818,100.0,baixa,60.0947265625,166.191650390625,87.000244140625,104.42887369791667,53.32095435023632,0.46886129332143395,0.18291255823772934,-0.8871508508260382,13.880745701058201,0.6222908672312502
data\images\sat_patch_0518.png,periurbano,0.15942038320447557,0.6108153523679886,0.02322633193533816,0.3214748765985872,14.743795911232056,0.35588289844493426,0.45173205472488154,1125.0607441948187,baixa,85.439208984375,148.58349609375,81.842041015625,105.28824869791667,39.591118021973266,0.26982119883826666,-0.021503712742738875,-0.6168102450185856,14.360615079365079,0.7462202370020689
data\images\sat_patch_0519.png,centro,0.7915379470677417,0.044486545270966245,0.03897359529898279,0.6353901876477506,3.8713187342055453,0.9896612308232546,0.796959064274965,14362.119426589035,alta,95.559326171875,102.054443359375,91.158203125,96.25732421875,31.255637956025012,0.03286773573541467,-0.023571022173854553,-0.0903378386130728,16.27294146825397,0.9316474438777886
data\images\sat_patch_0520.png,residencial,0.5394793781170107,0.38398799386385984,0.09756899903849867,0.5306602320841101,6.05565781030905,0.6837809399807938,0.804694015698694,8495.51531427873,media,87.55126953125,120.318603515625,92.7080078125,100.192626953125,31.10886233986849,0.15763387616709632,0.028607338987656588,-0.3013092426108822,15.953621031746032,0.8603999212375153
data\images\sat_patch_0521.png,industrial,0.5905815486136696,0.2781546325300536,0.051754781600295875,0.39764902994468826,7.4891624573307904,0.6481507727615886,0.7128416835537813,8436.965979907776,media,93.15869140625,116.923583984375,92.98046875,101.02091471354167,27.991438692012885,0.11312183486595882,-0.0009574699657123485,-0.2361293573490387,14.870453042328041,0.8865609282833077
data\images\sat_patch_0522.png,periurbano,0.220366734218747,0.5549104525396902,0.008906602032862074,0.16470161240515163,19.58153970555199,0.3021127177738175,0.19564792935438363,629.3049514988578,baixa,96.912109375,133.32177734375,76.28173828125,102.171875,34.29124621615977,0.1581420890274305,-0.11911722762565631,-0.45731619448413574,14.13888888888889,0.8015743459671795
data\images\sat_patch_0523.png,parque_urbano,0.03993391322306876,0.76991062816251,0.030870087299050438,0.16209751548954554,18.046767897821965,0.16483281337983907,0.23747089831526635,100.0,baixa,71.548583984375,164.90966796875,92.356201171875,109.60481770833333,46.08561103531144,0.3948311501856639,0.12694941786302782,-0.7568761699372046,13.363756613756614,0.6780608542503008
data\images\sat_patch_0524.png,centro,0.8666162802594429,0.02092040476015155,0.027998243368933303,0.6366572244109894,6.702149469023022,0.922850575807964,0.6474355280905765,13698.145637856644,alta,97.630859375,92.864501953125,83.64013671875,91.37849934895833,23.043215810373844,-0.025020858059867257,-0.07718125282344124,-0.024393089159242366,15.04050925925926,0.9271964894530199
data\images\sat_patch_0525.png,residencial,0.5047276656652389,0.3906972304906784,0.08544910538293211,0.6435921738905406,2.9787293322648507,0.7127042200538325,0.7128743503744372,8572.500018491553,media,100.71337890625,120.01611328125,100.333251953125,107.02091471354167,33.105125750950045,0.0874497290609152,-0.0018907402208602298,-0.18214007721386016,18.072503306878307,0.8997303610067547
data\images\sat_patch_0526.png,parque_urbano,0.09357835927616305,0.7489723812965338,0.03632186956130727,0.16999810397397666,12.98148094720483,0.28870995563731644,0.3703470257977918,100.0,baixa,70.509033203125,165.69384765625,90.73583984375,108.97957356770833,47.64102546514127,0.40297905641047144,0.12544154820540174,-0.7806179412084066,13.830315806878307,0.6683974207897604
data\images\sat_patch_0527.png,periurbano,0.3352920342133794,0.6598375092764821,0.07976615828131364,0.19518413853414254,5.899403594481003,0.3221560624898038,0.2176762230685779,3384.858342133314,baixa,92.761962890625,147.384033203125,96.43896484375,112.19498697916667,37.97212006134179,0.22745359478624258,0.019434375812643373,-0.4704628102080532,14.564690806878307,0.7863258038641318
data\images\sat_patch_0528.png,centro,0.8578249714686383,0.16197430388691889,0.014396106474984514,0.835434795034175,1.2880045113208027,1.0,1.0,12973.857120504756,alta,93.279052734375,102.76416015625,95.968505859375,97.33723958333333,32.626070683020245,0.04838273783435759,0.014211296202568419,-0.08363069273990541,17.569857804232804,0.9259010633891112
data\images\sat_patch_0529.png,residencial,0.37383606469686237,0.30195681006357816,0.08117875347805448,0.3626634964552919,18.367272117113636,0.4577964253666145,0.44431859453700967,5607.109325808211,media,94.89599609375,115.6240234375,84.962646484375,98.49422200520833,29.236613843101075,0.09846107411277348,-0.05522864740754181,-0.26087522054038415,14.744460978835978,0.8799003328037531
data\images\sat_patch_0530.png,industrial,0.7588477457460212,0.06687400829736646,0.027221321820263645,0.3210704093559373,4.237639801605959,0.7470258181909848,0.5591595759259201,10731.166588193437,alta,98.18505859375,100.510498046875,93.614990234375,97.43684895833333,29.49302391859138,0.01170353016815281,-0.023827253243522663,-0.04731755629193744,15.359002976190476,0.9386986351460942
data\images\sat_patch_0531.png,residencial,0.4269049720868662,0.3856491248278213,0.020773506009314414,0.6297133030368067,12.885677171840804,0.6283243987344004,0.6410515835572653,5936.4415608748595,media,86.48583984375,120.240478515625,85.03173828125,97.252685546875,30.13165611353961,0.16328176681361803,-0.008477857313041178,-0.35455770608974496,15.069857804232804,0.850569927367117
data\images\sat_patch_0532.png,parque_urbano,0.18600743311278337,0.8087902448325067,0.08205586665259604,0.020471348796970653,11.615566959908314,0.39172811567909194,0.11402482735741201,557.1158612217775,baixa,79.037109375,160.5263671875,106.39990234375,115.32112630208333,42.80214370218245,0.34015726704935717,0.1475584219545793,-0.5879916621912872,13.42013888888889,0.7203346854623132
data\images\sat_patch_0533.png,industrial,0.7685079318890713,0.26354562535288434,0.07802215705351181,0.3055340728896723,5.431545726593942,0.8119585961649255,0.5113967239950005,9699.086150809866,alta,94.904052734375,114.35498046875,88.670166015625,99.30973307291667,31.10456150491636,0.09295143604406698,-0.033958399644784545,-0.22724732176988696,16.14963624338624,0.8889999469730174
data\images\sat_patch_0534.png,periurbano,0.16902763427821826,0.4199337431881354,0.10704737075361845,0.2966925966988461,11.293220303255348,0.4775638906253119,0.5177849097132313,2613.767972582212,baixa,80.162353515625,136.8583984375,92.158447265625,103.05973307291667,41.59325514270613,0.26124711185626087,0.06961489051814103,-0.4919282831741563,14.59188988095238,0.7932989196439764
data\images\sat_patch_0535.png,industrial,0.5899128583819644,0.19021498215793142,0.046212174405445505,0.6704395399710019,8.242503711546256,0.581090150153119,0.6389040594471432,8689.608337084983,media,93.265625,101.141845703125,89.73291015625,94.71346028645833,24.91431294243542,0.0405139814541315,-0.01930460711846162,-0.1018078950344374,15.350446428571427,0.9301795305714038
data\images\sat_patch_0536.png,residencial,0.38551443964638166,0.4371240108161647,0.042730732894872614,0.5288087166102879,14.409244942951398,0.6024984600924571,0.37445684685934194,4733.330384728908,media,84.798095703125,131.562744140625,89.812255859375,102.05769856770833,34.514569985992765,0.2161419240890831,0.028716282182954946,-0.4336524196296735,15.668154761904763,0.8135986146745624
data\images\sat_patch_0537.png,periurbano,0.16332119953526855,0.3626311085494244,0.09644593299300892,0.25006334623032883,11.158328578280925,0.288459194261634,0.3338346652991921,481.9327752307522,baixa,92.547119140625,128.172607421875,75.889404296875,98.86971028645833,29.53744479526375,0.16140599970232442,-0.0988960969087854,-0.44456836306292724,13.197089947089946,0.8164287627984548
data\images\sat_patch_0538.png,centro,0.830330021857619,0.18280231118273113,0.05981700677129686,0.850393146629848,3.6291838158824063,0.9898288461237764,0.8272560974018223,13741.2267093732,alta,99.72021484375,95.27978515625,87.830322265625,94.27677408854167,29.72468571786398,-0.02277143417809521,-0.06339567296357795,-0.01595850727975694,16.15963955026455,0.9306152540320578
data\images\sat_patch_0539.png,residencial,0.5579125982912738,0.4004702257804975,0.04714704562158668,0.7205682900758188,12.314997588937729,0.9410776397080992,0.47618421219368845,8266.711953657805,media,84.077880859375,121.328125,90.91650390625,98.774169921875,31.439824924299526,0.18134934177522496,0.039079099691999054,-0.34250788745112254,16.23962466931217,0.8481263545534385
data\images\sat_patch_0540.png,industrial,0.6956165560309089,0.20793136652663452,0.08070159788102056,0.5764787273311233,6.032104356659919,0.8244796073394124,0.5410028850269542,10559.623233942255,alta,97.555908203125,114.783203125,96.19921875,102.84611002604167,32.124799866203425,0.08113104897628975,-0.00700208282205167,-0.17410128073684392,16.757357804232804,0.9041764472997932
data\images\sat_patch_0541.png,centro,0.83603248736121,0.08632272289441144,0.06932763520631348,0.6841469206844436,4.143131016270097,0.8222230434965683,0.7846565470437754,12963.485010258326,alta,100.69384765625,104.543701171875,96.27099609375,100.50284830729167,28.837632381426744,0.01875803681562676,-0.022455030328451545,-0.060309526930349855,17.187251984126984,0.9371279537755695
data\images\sat_patch_0542.png,residencial,0.5786430517750267,0.3440958275619661,0.04997743220545056,0.64324214391523,4.211157103011574,0.7238970699449595,0.7063877262829618,9293.797859894003,alta,88.100830078125,109.10986328125,86.8779296875,94.69620768229167,27.769212192184646,0.10653090224833577,-0.006988850448329622,-0.2283141394918439,15.098131613756614,0.8931292515939779
data\images\sat_patch_0543.png,periurbano,0.3890016646108758,0.5456394047437088,0.0527641815792702,0.18013999246004964,10.84529634154467,0.4231638114831111,0.3693525732216694,3140.989419455394,baixa,84.461181640625,130.264892578125,86.030029296875,100.25203450520833,35.40584598311498,0.21331229051170397,0.009201926823214327,-0.44906107773777965,14.4500248015873,0.8144898407665342
data\images\sat_patch_0544.png,centro,0.8333031651924083,0.1363155155398434,0.046824261732279125,0.7203498244688165,2.6962800396746616,0.9476540109197982,0.6275205981677369,12668.275959043216,alta,95.733642578125,102.624267578125,91.9619140625,96.77327473958333,29.32219647866394,0.034738342221057844,-0.020094926928673585,-0.09069124911540676,16.391575727513228,0.9315988897149559
data\images\sat_patch_0545.png,residencial,0.4990345378977119,0.3409094626946279,0.033611074174168386,0.45821190557382546,5.08357727343582,0.6280042934188664,0.686350884749894,8998.37193903122,media,88.215087890625,116.937255859375,88.396240234375,97.84952799479167,28.552689634939654,0.1400040930741056,0.0010257119101447112,-0.2926083762590109,14.887400793650794,0.8701633650690678
data\images\sat_patch_0546.png,residencial,0.5854081993551232,0.29236219322300366,0.06038119220759666,0.5310964964896802,7.085465989343079,0.8515785233980918,0.6700357716874068,8456.833114012457,media,94.921875,111.848876953125,89.35400390625,98.708251953125,31.775479189755785,0.08186361809574856,-0.03021486640890085,-0.1996888498204949,15.978381283068781,0.900194520663472
data\images\sat_patch_0547.png,industrial,0.6028771372554464,0.18390233483898238,0.08183447909862995,0.48337196296461193,10.58068221298321,0.6937232968638835,0.5278866270340283,8613.492472494789,media,87.67578125,108.528076171875,88.00732421875,94.737060546875,24.511110766242968,0.10627871994769168,0.0018871647673703556,-0.2183572416088133,14.20713458994709,0.8959662415279509
data\images\sat_patch_0548.png,centro,0.8788785044203522,0.1895204453759733,0.009770263936858488,0.9075578746815804,5.3420544364716935,1.0,0.8911736574005351,14181.380580679013,alta,104.881591796875,107.314208984375,88.242919921875,100.146240234375,29.609799917656343,0.011464021281663973,-0.08615515265652028,-0.10736252297115084,16.72829861111111,0.9096454181436024
data\images\sat_patch_0549.png,residencial,0.36293239880522477,0.37984394354837137,0.0056107165820501355,0.5767911169458241,12.254192644727297,0.5738770890988409,0.5832988175266564,5399.973386413556,media,99.261962890625,123.155517578125,90.68701171875,104.3681640625,32.36393093453859,0.1074266039239235,-0.04514344520345905,-0.27001557665176473,15.260871362433864,0.8730374583509037
data\images\sat_patch_0550.png,residencial,0.6700031865473344,0.23358818544440987,0.03841025852307476,0.5736791883828937,2.5939612437580672,0.8047658115540262,0.6237539443753807,10488.598932224619,alta,91.27197265625,117.163330078125,89.056884765625,99.1640625,31.845576250481955,0.12421771627934168,-0.012283601804004413,-0.2722649759828317,16.581886574074076,0.8754507845897553
data\images\sat_patch_0551.png,centro,0.9189970722132755,0.03772734777426377,0.034443190406894496,0.6206886458393468,3.8243340383513695,0.8748109745341831,0.6939577823026795,14122.177724312767,alta,107.030029296875,105.989501953125,97.6240234375,103.5478515625,31.57855906338402,-0.00488465697375035,-0.045960515747141086,-0.03536988450559013,15.490988756613756,0.9355718698190829
data\images\sat_patch_0552.png,residencial,0.5458720494635845,0.3498754365552146,0.06705194492571047,0.5049681026699577,8.778986251750124,0.5405126815784396,0.5690815257780487,7951.901648939233,media,88.88330078125,115.380615234375,94.335693359375,99.533203125,27.9840426841499,0.12972097490472637,0.02975888266355875,-0.23882601161125336,14.737268518518519,0.8813086701166751
data\images\sat_patch_0553.png,residencial,0.3843842820823272,0.33108309951199166,0.09232511213903057,0.5711881216745224,6.730449140130281,0.6399936659561569,0.6490085170797091,5803.590665867549,media,89.533935546875,119.645751953125,88.524658203125,99.23478190104167,29.295500876407083,0.14395191341079944,-0.005668231545728292,-0.30852544020433,14.937086640211641,0.8668976284173009
data\images\sat_patch_0554.png,industrial,0.6284504241069558,0.05678036825694892,0.09638001059447647,0.6655973544262335,8.157144767951285,0.8785779699273861,0.5631607619523854,9779.397498328697,alta,97.358642578125,102.385498046875,96.1328125,98.62565104166667,27.298039165560557,0.025166472607679416,-0.006335318897130286,-0.05718360681083102,15.486193783068783,0.9371488380166169
data\images\sat_patch_0555.png,residencial,0.38166769934800526,0.39516445279948686,0.027951402389149796,0.42213563323533543,11.567205441226111,0.5902315218755669,0.5270102769090506,5435.2413324245645,media,91.057861328125,115.98095703125,90.314697265625,99.11783854166667,26.969077962760075,0.12037885349347868,-0.0040974448624675475,-0.25519803348560427,14.230241402116402,0.8815279690170286
data\images\sat_patch_0556.png,residencial,0.5178054791480222,0.38072312175080913,0.03872864472611599,0.41911608036214076,12.36253360787022,0.6530223007753866,0.5445035087861305,7359.058479045289,media,94.189208984375,121.84375,83.7978515625,99.943603515625,29.586739530152553,0.12801074899693624,-0.05838265619739058,-0.32868756220841283,15.53587962962963,0.8546665160580691
data\images\sat_patch_0557.png,residencial,0.5722010617966107,0.37883814596983234,0.09233033713008568,0.4041555995246345,9.870770485965512,0.7051243972512503,0.6529505471049054,8356.321653860348,media,92.94677734375,115.62353515625,93.32421875,100.63151041666667,28.920505323859597,0.10872476256070833,0.0020263026028686268,-0.2234691379747131,15.154389880952381,0.8894892552740814
data\images\sat_patch_0558.png,industrial,0.7152472736855345,0.2794512435201838,0.08907468827336674,0.39763293680138667,5.585779060017282,0.8405765451484625,0.4830337554730543,10187.836554258723,alta,96.8818359375,112.7353515625,84.632080078125,98.08308919270833,29.902532866583336,0.07563079983300129,-0.06748659309864666,-0.22407933428183743,14.694031084656086,0.8875161757769696
data\images\sat_patch_0559.png,residencial,0.5330500379584409,0.18490574936775817,0.018040867357671877,0.3993979927792226,8.096904950234173,0.7228386420572309,0.7600573071623453,8143.795235752332,media,103.48046875,107.90087890625,92.073974609375,101.15177408854167,21.446157184573238,0.020912016052270086,-0.058328994659221436,-0.10008383162530674,13.964533730158731,0.9239909143536473
data\images\sat_patch_0560.png,industrial,0.4542044391212413,0.13117666376768755,0.07680665957220967,0.3284356433184092,8.991250065804348,0.5383829265231586,0.5462300095371226,5690.060806598111,media,88.50244140625,95.41748046875,85.41455078125,89.77815755208333,26.773195103171176,0.03759809679346028,-0.017754967863726483,-0.09422096099345431,14.180514219576718,0.9337649329956779
data\images\sat_patch_0561.png,centro,0.7736289027497109,0.1650432654474442,0.021784288605997723,0.5567637624571642,5.010367347077272,0.883823068949725,0.8316897642026331,12038.477490515614,alta,99.43701171875,114.335205078125,96.722412109375,103.49820963541667,32.40654125428118,0.06969190623980506,-0.013838741685511842,-0.15706062031665632,16.874379960317462,0.9084559288290284
data\images\sat_patch_0562.png,centro,0.6862996271111735,0.09501049080176414,0.06312002990690226,0.8852004357033117,8.804314149635633,0.9715643755972094,0.901763987865636,12519.6272998402,alta,94.84521484375,104.500732421875,83.393310546875,94.24641927083333,30.398508567294527,0.04843598609418031,-0.06425044309319058,-0.16320481650508525,16.05654761904762,0.9066671832077814
data\images\sat_patch_0563.png,residencial,0.6148567766177222,0.22999644641790262,0.00882386131191999,0.5045598985898925,6.472981563653629,0.7737890824388877,0.7755606830982651,8875.996469973828,media,94.945556640625,107.978759765625,91.9140625,98.27945963541667,27.49047292301322,0.06422691618032064,-0.016223377412110693,-0.14803652870343023,15.155505952380953,0.9159761968733072
data\images\sat_patch_0564.png,centro,0.8007481378441117,0.07031896047094861,0.016101801714827398,0.6471992465999312,6.2765196549469024,0.979682091856996,0.8109288197207781,13406.83044592859,alta,104.063232421875,102.786376953125,87.311767578125,98.05379231770833,32.628052323788,-0.006172868619066646,-0.0875321476484277,-0.07239777996271518,17.000124007936506,0.9157180428132733
data\images\sat_patch_0565.png,industrial,0.7895354013659099,0.11012512351185465,0.07304609267536463,0.5008269823136031,5.98606291878804,0.8093076744185971,0.7152962913255567,12565.352931707017,alta,95.1591796875,100.395263671875,88.13232421875,94.562255859375,29.03352382537108,0.026775581611188162,-0.038337049348490526,-0.0925264689035662,15.901083002645503,0.9315770258902851
data\images\sat_patch_0566.png,residencial,0.4251815173304899,0.3396613266860209,0.07501721075549474,0.6826845830053936,10.529642612092015,0.39606448545257084,0.5605993508096769,5666.722695811979,media,93.10302734375,114.02001953125,89.683349609375,98.93546549479167,28.01898686625159,0.10098824057534886,-0.018708602756229275,-0.22870292986265608,15.942584325396826,0.8889822445581305
data\images\sat_patch_0567.png,residencial,0.5502477474113998,0.2626028198212037,0.034364533430270926,0.560427704250793,8.508840741944248,0.8144549811287135,0.48299071378819974,8370.545530490086,media,83.314697265625,106.01318359375,92.3564453125,93.894775390625,28.68735950029717,0.11988982343860217,0.05146973978030676,-0.19359556520017931,15.71730324074074,0.8971757987385646
data\images\sat_patch_0568.png,residencial,0.4931669759312024,0.37120534471025224,0.028623512510873486,0.6737241023086352,7.707754149065414,0.5672115253894109,0.5579611135350322,7497.279600677193,media,86.650390625,117.3603515625,94.4091796875,99.47330729166667,29.981845696245728,0.1505310968318733,0.04285213427965489,-0.26972629006748056,15.276165674603174,0.8708957101328829
data\images\sat_patch_0569.png,industrial,0.7426514204045201,0.25195848269108384,0.07791501226199812,0.5030106341871559,0.58565063700952,0.9085115439966048,0.6650933204936291,11558.3654690912,alta,95.409423828125,105.712158203125,86.78271484375,95.96809895833333,30.03798254017665,0.051226398578014254,-0.04734951244280658,-0.15230153429664023,16.254960317460316,0.913496689302665
data\images\sat_patch_0570.png,residencial,0.5436645475539705,0.4260201308196472,0.020663477632614904,0.5340555453301696,13.23322181973325,0.7116241977381877,0.6266702761003631,7302.521650606307,media,96.488037109375,130.889404296875,85.8720703125,104.41650390625,35.351405481934684,0.15129630636813954,-0.05821430404239419,-0.38029764184877096,16.166708002645503,0.8290374643437868
data\images\sat_patch_0571.png,periurbano,0.1866774070117116,0.6339321022962118,0.015602231468684885,0.20816374279488997,13.912605888804281,0.415745166973129,0.3304340055373687,668.3334845597133,baixa,78.581298828125,146.96337890625,88.2099609375,104.58487955729167,39.391100658470485,0.3031864039614913,0.05772881663689317,-0.6078101221200424,14.399140211640212,0.7496433876979033
data\images\sat_patch_0572.png,parque_urbano,0.03307202811210288,0.8100630477436604,0.12973101523308858,0.24036739052882636,16.395443294955037,0.10952692431000816,0.24005712118117628,100.0,baixa,65.365478515625,167.354248046875,77.262939453125,103.32755533854167,52.46168662576513,0.43824720232993375,0.08341578083472091,-0.9294716962804686,14.247519841269842,0.6287577901094148
data\images\sat_patch_0573.png,periurbano,0.3272938648238566,0.39369015124780926,0.048252773193877656,0.1168592047732594,12.272685175549334,0.4037039595605269,0.4069057711723026,3241.1778964770683,baixa,81.865234375,125.26220703125,92.809326171875,99.97892252604167,33.20914472506481,0.2095182181177771,0.06265418215426913,-0.37932921680172055,14.361193783068781,0.8336263574220302
data\images\sat_patch_0574.png,residencial,0.5117969282760206,0.4018128768280764,0.014896048686363461,0.4364182770238116,7.57502555282274,0.5437709247818879,0.5199332993943723,6667.362617133738,media,83.396728515625,114.975341796875,84.74951171875,94.37386067708333,31.5281146288245,0.15918880653065068,0.00804527768919549,-0.32744470905964257,15.298569775132275,0.860479935856535
data\images\sat_patch_0575.png,periurbano,0.3811346178022602,0.6738392231715231,0.07822055224186876,0.34085202949138915,11.390655176889673,0.47924638719821827,0.5382503109922316,4877.363476216087,media,78.65185546875,145.087890625,87.466064453125,103.73527018229167,43.24717355316019,0.29693443395380437,0.05305995244498821,-0.5979540994794379,16.020213293650794,0.7497524854025263
data\images\sat_patch_0576.png,centro,0.9032706527750127,0.06157389935345317,0.031679719954541746,0.6882305803481964,0.2,0.9361895959729859,0.6745377671194372,14435.192318326708,alta,95.31689453125,103.038330078125,89.97802734375,96.111083984375,28.765096481374616,0.03892731095514963,-0.02881280881668626,-0.1081131187137703,15.809895833333334,0.9267647287631872
data\images\sat_patch_0577.png,residencial,0.6910746910045078,0.31305697567436563,0.08273080534987876,0.5838142618352976,8.179972836457141,0.8762484055975861,0.7304108038177384,10227.271201325038,alta,90.520751953125,112.2529296875,88.6962890625,97.15665690104167,28.683430964069906,0.1071745477586993,-0.010180186382419673,-0.23307110051842075,14.923983134920634,0.8882079137446661
data\images\sat_patch_0578.png,industrial,0.5761829966975436,0.1574405061446384,0.06619598074139132,0.46304848299204693,7.374928859146593,0.631183509868771,0.4769539471317889,8058.486419178472,media,89.118408203125,105.6689453125,90.00537109375,94.930908203125,27.484202288080805,0.08496720513778212,0.004951675814093312,-0.1696713515046823,14.972056878306878,0.911499743225889
data\images\sat_patch_0579.png,industrial,0.704434793833163,0.21345645260971763,0.06460514529587424,0.5129056442666783,3.0137997019859073,0.8286647029180635,0.7288647420821247,10880.893842029025,alta,98.459716796875,111.045166015625,99.23681640625,102.91389973958333,30.215637908956285,0.0600723428958991,0.003930770018338118,-0.11851556812452314,15.675512566137566,0.920471647842055
data\images\sat_patch_0580.png,centro,0.7410054639442001,0.04202236635806036,0.009159606028527927,0.7088686494848306,10.599523542736092,1.0,0.826102194243656,12519.808440798774,alta,100.67919921875,90.728515625,81.123291015625,90.84366861979167,26.483262156159196,-0.05198684676783325,-0.10756677793767984,0.0019013927212586782,15.828455687830688,0.9110648160601299
data\images\sat_patch_0581.png,centro,0.7317686313087683,0.1901148655469421,0.06214747580859478,0.5772946576877903,2.5890520776053387,0.8434390059811355,0.824790770510069,12028.525238234302,alta,95.1767578125,101.829833984375,84.65380859375,93.88680013020833,26.375995888246017,0.03377083008960365,-0.058515909561570316,-0.12690336274985156,15.309482473544975,0.9191366341280556
data\images\sat_patch_0582.png,periurbano,0.26611541131067273,0.447115820450789,0.04519541867139661,0.17446156305772126,14.492926533467301,0.43431417219132784,0.2869204904326406,2040.5748902738346,baixa,72.330078125,120.581298828125,82.87939453125,91.93025716145833,32.48888435510825,0.25012117592591887,0.06796825063406946,-0.4674909367111718,13.570188492063492,0.8208030450811384
data\images\sat_patch_0583.png,residencial,0.4580708138598264,0.4163954900313308,0.012662453763085191,0.5372486869249679,6.52969966128982,0.6516236923873207,0.4021437891070776,6477.571817675204,media,87.91552734375,128.7734375,85.17236328125,100.62044270833333,33.91436124272321,0.188555563949259,-0.015848387988012157,-0.4196909756223086,15.626116071428571,0.8226728438698654
data\images\sat_patch_0584.png,residencial,0.6635756509089152,0.2610357047168513,0.0364524100370982,0.41745187366784425,9.442569481856971,0.7334081071067032,0.5866517089278511,9410.716725425502,alta,94.001220703125,112.0390625,95.53955078125,100.526611328125,30.816170042820843,0.08754521896840511,0.008116090580203865,-0.1717821416427173,16.372685185185183,0.9042569798908421
data\images\sat_patch_0585.png,residencial,0.4837297899823497,0.3440170922421456,0.06381543210328178,0.48179334471037516,8.677462862974902,0.4879784112496647,0.5577753919930898,6914.721895437208,media,90.63720703125,120.527099609375,90.68798828125,100.617431640625,26.580243072420288,0.141548033908239,0.0002800562251287043,-0.2968124028744796,14.405671296296296,0.8673746829713396
data\images\sat_patch_0586.png,parque_urbano,0.13577017710663458,0.9208868868711106,0.14906256428709283,0.10048534516168657,12.934269899450618,0.22472365335412187,0.1356592163146183,100.0,baixa,70.599609375,168.62841796875,93.379638671875,110.86922200520833,48.42388824180293,0.40977141881088897,0.13892019526423807,-0.7814503574291528,13.859002976190476,0.6554153546566603
data\images\sat_patch_0587.png,residencial,0.4394338659313775,0.18850216252874624,0.05858375054279985,0.3876632610078905,15.882873046049234,0.5501000260443561,0.4788164173499704,6313.71674060492,media,102.0654296875,107.88916015625,88.065185546875,99.33992513020833,23.636559418414258,0.027738047762356718,-0.07363487489761684,-0.12909061883389994,14.490823412698411,0.9138945848632134
data\images\sat_patch_0588.png,industrial,0.5681818575002424,0.11453489660111481,0.0787001574936495,0.38699536870553514,3.9196083437760247,0.8159866054984458,0.45012199434027855,8505.203294058034,media,92.0048828125,107.0361328125,88.2392578125,95.76009114583333,24.452209362346498,0.07551835423107481,-0.020891802452222975,-0.17662955539183822,14.198826058201059,0.9093058539726672
data\images\sat_patch_0589.png,industrial,0.5089624495778354,0.08915061944932214,0.03001814925235671,0.5637269041638531,10.526350269714268,0.679427339107462,0.5959732280575311,9298.756288792543,alta,93.8046875,107.98486328125,93.544677734375,98.44474283854167,27.30304780244062,0.07027210108788003,-0.0013878337079599537,-0.1453625669190881,15.28187003968254,0.9182002271636927
data\images\sat_patch_0590.png,industrial,0.6343847705719151,0.283223561038717,0.0334666156844449,0.3903228083147164,2.8801142795199204,0.7589495181824578,0.6169866194045218,10952.81760350845,alta,80.5673828125,113.461181640625,88.337158203125,94.12190755208333,35.75376193794734,0.16953070158152436,0.0460009855146834,-0.30820572573451505,16.239459325396826,0.8629219870893416
data\images\sat_patch_0591.png,periurbano,0.3061300189968831,0.697511640447007,0.03953123898572687,0.2000670993343892,9.695316499400201,0.47787439941038146,0.38084337909797783,2971.6089575225838,baixa,78.328125,148.871826171875,90.612548828125,105.9375,40.554554306514085,0.31049170784379937,0.07271442380955795,-0.6079196568721449,14.521329365079366,0.7410838866712328
data\images\sat_patch_0592.png,parque_urbano,0.029862820773795,0.8307387193099454,0.18796863846848966,0.1955918203675223,23.126677523038616,0.2272416675771053,0.21651251721286774,100.0,baixa,66.94921875,166.61328125,80.877197265625,104.813232421875,50.82925484866682,0.42671260186582777,0.09421846782738999,-0.884431003755682,13.419229497354497,0.6424073372556034
data\images\sat_patch_0593.png,periurbano,0.28092654077743845,0.6296693652720773,0.0989236843541759,0.3585411413693468,11.050589619166619,0.3561817152667554,0.37464806252352084,2596.248326844644,baixa,84.936767578125,136.090576171875,93.685546875,104.904296875,33.71670021612359,0.23143656117123942,0.04897920662757784,-0.44592471321864324,14.547949735449736,0.8062039307912892
data\images\sat_patch_0594.png,centro,0.8189909904226211,0.18850660983376413,0.010333338834909691,0.6823752582645861,0.2,0.9165911055569202,0.8540470444930259,13857.731362404622,alta,90.63427734375,108.544921875,83.25390625,94.14436848958333,30.09444482894031,0.08992226352741403,-0.042443200560133225,-0.22944367459505946,16.54460152116402,0.8898798606951164
data\images\sat_patch_0595.png,residencial,0.4787459159901311,0.24141585841351815,0.03444373706609769,0.6440509285993761,9.92270290712586,0.6193276787294719,0.5710751880752508,7172.646372339832,media,97.6923828125,98.42333984375,98.02783203125,98.0478515625,26.571190158250023,0.0037271719861239447,0.0017139221786767308,-0.005744464637978389,15.244833002645501,0.9377742734160383
data\images\sat_patch_0596.png,residencial,0.538809898703132,0.41332173046330734,0.005519607298283425,0.6691632981910673,7.822604162841924,0.7783200154599136,0.8348752718328204,8829.29561912005,media,97.9150390625,117.468505859375,87.381591796875,100.92171223958333,30.478701215724435,0.09078440376298537,-0.056846404383750625,-0.24593508802972414,16.12161044973545,0.8799023425179594
data\images\sat_patch_0597.png,parque_urbano,0.18925537666869385,0.710129977800313,0.049198133883363096,0.22080741324456837,11.630660338554943,0.31673226814348054,0.08260941464876861,496.21821388558374,baixa,69.94140625,144.028564453125,78.310302734375,97.4267578125,40.9485593383217,0.34625025938648085,0.05645058991398508,-0.7174898437858006,13.944031084656086,0.7261753284064283
data\images\sat_patch_0598.png,centro,0.7533122311760607,0.04841916569351999,0.057119612019452044,0.7066454953182396,2.909610026710132,0.9032766470378223,0.837381800449441,13238.670326020349,alta,92.504638671875,99.408203125,84.473388671875,92.12874348958333,29.80385958575902,0.03597239430417845,-0.04537992696133245,-0.11852098401666154,16.809854497354497,0.9238552871644674
data\images\sat_patch_0599.png,industrial,0.6196942405083907,0.166094566143758,0.023839868611510908,0.6819413975662317,6.259515260213801,0.6928800087529348,0.7055336180619769,10976.978167337496,alta,84.097900390625,100.430419921875,88.478271484375,91.002197265625,32.30699015709395,0.08850955460430794,0.025382247275368548,-0.1554065094460152,16.076471560846564,0.9098102901769306
data\images\sat_patch_0600.png,residencial,0.4983529493566883,0.3144024166776351,0.019907389069895344,0.5213643594368926,7.741615748374384,0.7127548678352613,0.5650966280456637,8157.171093946094,media,87.519775390625,109.44091796875,81.593994140625,92.8515625,31.584392224546768,0.11129704152102361,-0.03504020536816659,-0.26799799879648767,15.094907407407408,0.8835716174285717
data\images\sat_patch_0601.png,residencial,0.479762858124944,0.21563725835036884,0.08219743130481934,0.5210763861838905,10.746628083697967,0.6868990559103627,0.5437761980355086,7475.246798521736,media,99.510498046875,107.425537109375,93.807373046875,100.247802734375,27.194396336600818,0.03824872269479269,-0.02950128168819412,-0.10739987472471808,15.438905423280424,0.9281723368564373
data\images\sat_patch_0602.png,industrial,0.6447026594332536,0.17454179547414145,0.0802260066411077,0.375921850580989,4.9928445312869645,0.485342740151937,0.46719702801507695,8335.941031336872,media,95.989990234375,105.021728515625,92.651611328125,97.88777669270833,25.54984890319658,0.04493140147491326,-0.017696938856019,-0.10931832335562475,14.105034722222221,0.9272103923941091
data\images\sat_patch_0603.png,industrial,0.7874881215285171,0.11051969132787783,0.0043096862963663,0.4729789750725525,6.8849929318648115,0.9016682256666388,0.4342703287921681,11719.48332762025,alta,100.65771484375,99.446533203125,83.423828125,94.50935872395833,27.402016675475476,-0.006052753234346749,-0.09362093747798886,-0.07836008772443967,15.529307208994709,0.913257690158917
data\images\sat_patch_0604.png,industrial,0.6978821759878137,0.08276410587739873,0.08865563414078759,0.3755902384143779,2.685387813685823,0.719094953157231,0.5793462726182982,9370.782571767748,alta,89.836669921875,99.004638671875,86.12109375,91.65413411458333,28.265387572113795,0.04854853405604336,-0.021116295599707034,-0.12029742926659469,14.800967261904763,0.927782081578462
data\images\sat_patch_0605.png,residencial,0.5312211302765788,0.15779856393516428,0.016050065311577145,0.5206341650241834,12.716286042544898,0.6995118593086231,0.5707956068882868,9133.826260469328,alta,94.792724609375,108.144287109375,87.161376953125,96.699462890625,26.086415380803988,0.06579165782096096,-0.04194105848000148,-0.1775318666455333,14.950396825396826,0.9072106140060864
data\images\sat_patch_0606.png,centro,0.7398463235001078,0.15082903634006195,0.05694179582876415,0.6569610586665535,3.4867238900436677,0.7866346118686287,0.5413129659424262,12567.142753918692,alta,96.0,104.218505859375,89.100341796875,96.43961588541667,25.693932302084914,0.041047683295067874,-0.037275231903252236,-0.12099109616747092,15.577422288359788,0.9219277819896738
data\images\sat_patch_0607.png,centro,0.8346834936198457,0.18703557928661102,0.056599097380227746,0.6502548840728093,1.3779725529256974,0.868206945411111,0.590711775868201,11816.736601610173,alta,92.65771484375,102.93505859375,86.454833984375,94.015869140625,29.50981627584146,0.05254459823250801,-0.034631190641455534,-0.14230346599649693,15.775132275132275,0.9165525188919776
data\images\sat_patch_0608.png,centro,0.7417275762682903,0.09807807279477408,0.004008808797138226,0.7235883562590755,5.0398883425362095,0.7810223910714866,0.8255593898274152,12510.755697980896,alta,94.8388671875,95.008056640625,85.8935546875,91.91349283854167,25.25719434379819,0.0008911888000196636,-0.04949478548288399,-0.0505023311514958,15.294270833333334,0.9354569957457921
data\images\sat_patch_0609.png,centro,0.6997782851871865,0.1955449228470285,0.020773993272725264,0.792624539455669,4.70317768411446,0.7906104359927418,0.7615744144908189,11916.882895887738,alta,95.855712890625,105.251220703125,93.7080078125,98.27164713541667,28.61310712313624,0.04671896487050325,-0.011329726272670003,-0.10653490147164214,16.919766865079367,0.9263026762467581
data\images\sat_patch_0610.png,residencial,0.5840784034813514,0.40409542663217046,0.040895899037221434,0.4429530561606787,5.901845436044688,0.6800720913037843,0.6557147672617017,8309.632184740996,media,86.9599609375,117.966552734375,91.521484375,98.81599934895833,27.651619454815986,0.15130590517543446,0.0255574096453326,-0.29070019001662434,14.73582175925926,0.8663190613516449
data\images\sat_patch_0611.png,residencial,0.5375074574430632,0.44334002005808315,0.08510534204231232,0.5399267651139764,6.726907517691732,0.6182206518395933,0.3659491861574564,7041.00336648082,media,94.638671875,129.148193359375,83.59375,102.460205078125,36.524495628927255,0.154207090277732,-0.06196920681904297,-0.39070761180541613,16.178571428571427,0.8257365802758715
data\images\sat_patch_0612.png,industrial,0.6326065214314882,0.06567304425065447,0.0443585378850507,0.4965804519932078,4.795697454974581,0.7258352147051889,0.47587158682097686,11059.833341906764,alta,96.81201171875,106.351806640625,95.69677734375,99.62019856770833,32.934083357141645,0.046956170404535105,-0.005793160793530142,-0.10135908333040576,16.01843584656085,0.928654968028416
data\images\sat_patch_0613.png,residencial,0.6958890501070172,0.30349743573974347,0.06732411169320789,0.6536212417828087,6.233416379873175,0.9335008058590404,0.9649158514802556,10839.887221428777,alta,93.8486328125,114.54736328125,92.12109375,100.17236328125,32.65939345737216,0.09932403096705535,-0.009289356311604076,-0.21525397902618948,16.255787037037038,0.8926076246124636
data\images\sat_patch_0614.png,industrial,0.7523449280914576,0.1966451304300746,0.035806505562654245,0.679613575487557,1.7984475442268524,0.8923152028375565,0.6715989635415658,12486.28874332202,alta,98.715087890625,104.60400390625,90.201904296875,97.84033203125,26.517822002267113,0.028963910543847914,-0.045063090673376695,-0.10369453474018273,16.27951388888889,0.9256303763915559
data\images\sat_patch_0615.png,centro,0.9023130969703212,0.14581350144155628,0.05765081976205957,0.7588465384206466,1.8392303323484611,0.936227562101965,0.7115681458865922,14779.564099146526,alta,96.19580078125,100.849853515625,93.288818359375,96.77815755208333,32.70598691675785,0.02361915936366657,-0.015341521753678998,-0.063108701763793,17.91149966931217,0.9351647727100081
data\images\sat_patch_0616.png,periurbano,0.10944607235303497,0.6167201114375647,0.08395974718332738,0.20754967143554376,17.150324148404103,0.35397693939749025,0.09465335226792732,100.0,baixa,67.5673828125,147.14013671875,72.15478515625,95.62076822916667,44.27978963933291,0.37060999870597655,0.032832315570308745,-0.8081827134141377,13.86904761904762,0.7019648116629793
data\images\sat_patch_0617.png,residencial,0.6270172741754853,0.2748156457916697,0.04915114203015926,0.6658338402589339,9.17279577995745,0.7855250601988262,0.6114351899318017,9803.124843741654,alta,93.77392578125,111.861328125,86.68505859375,97.44010416666667,32.09168069423625,0.08795866424751012,-0.03928242848517124,-0.22200136073847387,16.21866732804233,0.8925521568050726
data\images\sat_patch_0618.png,industrial,0.4555990776075761,0.2898747767324216,0.0374693978170455,0.39904356796556545,10.928555153182034,0.6964092564128554,0.43922056277595045,5781.453412752331,media,99.75048828125,103.566650390625,82.191650390625,95.16959635416667,25.68104985611122,0.0187695051953502,-0.09650781244131583,-0.13234879000080216,14.11739417989418,0.9063573301059354
data\images\sat_patch_0619.png,industrial,0.6089047269167771,0.07557171846912768,0.034459560762651435,0.6812743716468357,1.0500235206321626,0.6539638671824987,0.6343657504692845,10124.926117888315,alta,102.328369140625,108.235595703125,88.184326171875,99.582763671875,30.011461337844764,0.028054309002156077,-0.07424199668850089,-0.13033628951396956,16.20262896825397,0.9102320363733208
data\images\sat_patch_0620.png,residencial,0.6626953389814616,0.3811467702259008,0.09988355621713885,0.35120138072094137,5.3923105405630976,0.8556625604931984,0.48710603711166167,7502.21560959156,media,86.33837890625,116.453125,79.465087890625,94.08553059895833,36.90044706722987,0.14850102378633648,-0.04145444668289709,-0.3566052190104644,15.721023478835978,0.852678528992883
data\images\sat_patch_0621.png,centro,0.7083438569359042,0.050835286765198134,0.027424821692865413,0.5684737017580913,4.060422933921805,0.8028477161702857,0.4976376346055674,10512.678542808106,alta,92.952880859375,103.26806640625,90.219482421875,95.48014322916667,27.69071410013326,0.05256923706693791,-0.014922548214222061,-0.12234883870291109,15.394923941798941,0.9243791119686141
data\images\sat_patch_0622.png,parque_urbano,0.034343198941590936,0.9218717540310765,0.044838004683106454,0.08401753429399339,18.919581155608753,0.25882831004251095,0.16821971690279594,100.0,baixa,64.553466796875,181.26220703125,83.9775390625,109.93107096354167,55.91241771885868,0.474781522032629,0.13077452766488798,-0.9733072023262691,12.797329695767196,0.5930890343185431
data\images\sat_patch_0623.png,residencial,0.6713590327236036,0.3951282971314739,0.018182188369671805,0.7020462163711575,3.518644130649448,0.8565652327290358,0.6513558909743843,10882.874724997442,alta,88.92626953125,117.30029296875,84.42236328125,96.88297526041667,30.949255603290776,0.13758665690756178,-0.025981781055578343,-0.3161130855453788,16.080481150793652,0.8611730391897048
data\images\sat_patch_0624.png,centro,0.8781081281608589,0.12649639766645873,0.03371220635876939,0.926052262317612,0.2,1.0,1.0,14958.42460864588,alta,91.5029296875,100.106201171875,86.459228515625,92.689453125,25.587550367620405,0.044900112019134235,-0.028341424909989702,-0.12002575886690713,16.213210978835978,0.9244713468539822
data\images\sat_patch_0625.png,periurbano,0.35082741775862225,0.5754076853060581,0.11686651637012559,0.3787450424112402,14.273327153912213,0.5486535369932339,0.45843019185697,3243.9614174870526,baixa,86.38330078125,135.374267578125,83.628173828125,101.79524739583333,36.03654246424506,0.22092128326623844,-0.016205535204313427,-0.49480237110457487,14.774512235449734,0.7955595889182477
data\images\sat_patch_0626.png,parque_urbano,0.16854533839267258,0.8696725073490391,0.10953372807563427,0.1806047470159795,17.4505992820824,0.39092502344649405,0.2696495736958277,100.0,baixa,78.389892578125,168.177734375,92.654052734375,113.07389322916667,49.45575287987924,0.36415097367909377,0.0833947091596516,-0.7309889013924974,14.14905753968254,0.6788305621488988
data\images\sat_patch_0627.png,residencial,0.44857028229379226,0.43149860503690307,0.09086198017567707,0.6001651317152845,8.246993367380165,0.6385353427831241,0.5174214830923446,6821.637408516943,media,90.123291015625,117.917236328125,89.424560546875,99.155029296875,29.16241459312801,0.13359870566457824,-0.003891611393718977,-0.28383139476244984,15.792700066137566,0.8698058575066283
data\images\sat_patch_0628.png,centro,0.9136161905579605,0.03908704585344527,0.015279550825287968,0.7515059969647762,4.29927614709818,1.0,0.7430216183868608,14710.30321113235,alta,99.379638671875,100.98779296875,89.10205078125,96.48982747395833,30.11619577706012,0.008026026364071617,-0.054528309173781604,-0.06992393238639072,16.710482804232804,0.9304736589249816
data\images\sat_patch_0629.png,residencial,0.4489567326143953,0.19381634338307296,0.049795280537718034,0.4636238378504647,13.822812853619682,0.6140973456755794,0.6458846101083545,7466.848996702775,media,94.289794921875,114.932861328125,91.94384765625,100.38883463541667,32.18526760577683,0.0986655397535823,-0.012596796263833367,-0.21731540067156543,15.165054563492063,0.8959339427422467
data\images\sat_patch_0630.png,industrial,0.5976609730933047,0.22579937342499456,0.04311126520377806,0.3559181602350934,10.830732936619146,0.613504319335286,0.6881264119626291,7415.86633599973,media,91.659423828125,107.925048828125,96.294921875,98.62646484375,22.145899736359294,0.08149744668021996,0.02466289355998133,-0.141421228645256,14.416377314814815,0.9146006533951013
data\images\sat_patch_0631.png,periurbano,0.3984729988852229,0.6057997969463587,0.053440776261013456,0.25797457913884014,13.615891105451958,0.5472751297823133,0.4588140396874581,3844.1429123476178,media,71.668212890625,137.259521484375,81.12353515625,96.68375651041667,39.27736849959799,0.3139425623698143,0.061883722940590205,-0.6295126402630771,14.421006944444445,0.7555308747334292
data\images\sat_patch_0632.png,parque_urbano,0.16297917693111869,0.6986815846584119,0.1660904911736828,0.233240870846977,15.696917230801501,0.4006517310464278,0.2734359912189908,100.0,baixa,86.873046875,151.809326171875,89.60888671875,109.430419921875,39.57954529815321,0.2720614773344014,0.015502095724685512,-0.5809020822498981,13.981481481481481,0.7413252257006453
data\images\sat_patch_0633.png,industrial,0.7122714693748211,0.06927230774338979,0.02150973147270866,0.3434244656152834,1.3137210308067417,0.7669292936704522,0.622111274958955,11128.146714990444,alta,99.46337890625,95.579833984375,94.124755859375,96.38932291666667,23.52423444135802,-0.01991120246845803,-0.027577222259831106,0.01259717725053518,14.330605158730158,0.9374143680395941
data\images\sat_patch_0634.png,residencial,0.6433238052937605,0.1685171013924411,0.09067818866463317,0.44582284707309217,7.673695833889852,0.8032756942772167,0.692546178018393,9892.27248628504,alta,95.30615234375,106.114990234375,85.855224609375,95.7587890625,26.456404309776875,0.05366287619369308,-0.05216855734460356,-0.16222324600878466,14.731316137566138,0.9107868079990051
data\images\sat_patch_0635.png,residencial,0.4312613632278872,0.26790280508160824,0.022049641763741048,0.4619559012580037,8.224028463865974,0.6347072063315521,0.4478590072695687,7784.1185825319935,media,97.040771484375,113.9677734375,81.284423828125,97.43098958333333,25.48379457104995,0.08021950902117561,-0.08835738292775137,-0.2545922568654784,14.287161044973544,0.8761059558794192
data\images\sat_patch_0636.png,residencial,0.6391337234853285,0.41770065734568773,0.03897952040227586,0.531475625424406,3.5695669093547195,0.7964892260213977,0.7282742086762505,9763.321187019903,alta,84.98046875,113.219482421875,88.76220703125,95.654052734375,30.214576013780693,0.14247739902271367,0.021766317587079552,-0.2754524612664829,15.843998015873016,0.8731178864481514
data\images\sat_patch_0637.png,centro,0.8567880295557471,0.150219061451107,0.03179565399255827,0.9375292908534872,4.51375846187223,1.0,0.8384577800269489,13766.339762676203,alta,88.126220703125,101.270751953125,85.91064453125,91.76920572916667,27.834970831528643,0.06940201311694105,-0.012730499116729034,-0.15530611894684426,16.02335482804233,0.9160373933526601
data\images\sat_patch_0638.png,parque_urbano,0.032752868129482526,0.9431375093118773,0.0334756156306588,0.022489398009774186,23.20651896155757,0.07794053859397318,0.04006362988379175,100.0,baixa,57.85009765625,174.930908203125,83.347900390625,105.37630208333333,55.67717881225736,0.5029654786982021,0.1805818985147957,-0.9900889111395387,13.070601851851851,0.5988726023442388
data\images\sat_patch_0639.png,periurbano,0.2434597124041523,0.35088859044236437,0.06036038996923684,0.26653371003879706,11.482657498523466,0.4115094875943187,0.2991080086368304,3467.300091485642,baixa,86.360107421875,125.009765625,94.5673828125,101.97908528645833,25.367962041157984,0.18285320165613458,0.04536223508451364,-0.3387559328662059,13.531415343915343,0.8527691182397151
data\images\sat_patch_0640.png,centro,0.6969981476207737,0.06168713658079138,0.008404214539037627,0.8801554872961541,9.366128445807535,0.9865566011489885,0.8673189704401018,12592.202227740874,alta,98.442626953125,87.902587890625,86.67138671875,91.00553385416667,25.78076013375817,-0.05656189784522183,-0.06358913589141366,0.05114435020651272,15.6297123015873,0.9261398810412618
data\images\sat_patch_0641.png,industrial,0.6332876562441239,0.1947948033601563,0.07242732855096255,0.5448311316300966,6.22984401455521,0.8950205686193068,0.5881992441042704,10274.552084002276,alta,99.033447265625,113.134765625,89.44287109375,100.53702799479167,27.46307765229409,0.06646291685635994,-0.05088478066885571,-0.18795668257007517,15.581845238095237,0.9008781321611573
data\images\sat_patch_0642.png,parque_urbano,0.15198104760949907,0.9422782045073004,0.04780180281098553,0.2202196536840109,17.393336102487822,0.32814292107212517,0.34805386506895086,100.0,baixa,61.252197265625,173.302490234375,80.455322265625,105.00333658854167,59.409779330874635,0.4777149997952397,0.13551239149488356,-0.9756711817123188,14.652075066137566,0.6035094523715667
data\images\sat_patch_0643.png,centro,0.6570636851996976,0.1634350707500383,0.06662474076527229,0.815516970535239,8.50442113937328,0.7561644876739891,0.7878430701206527,11501.367150757742,alta,96.256591796875,104.65234375,93.143310546875,98.01741536458333,28.147971338181307,0.04178884273356426,-0.01643760738541441,-0.10153698135754068,16.575934193121693,0.9286947174417428
data\images\sat_patch_0644.png,residencial,0.6099625663554857,0.18374222125299491,0.09028819298217186,0.4694857957528864,8.839227134992045,0.6280179283196125,0.47255045098634746,8667.879850724676,media,104.508056640625,113.753662109375,97.730224609375,105.33064778645833,31.784841828899907,0.04236017877683748,-0.0335140901902612,-0.11995104587259826,15.778563161375661,0.9219777964415556
data\images\sat_patch_0645.png,centro,0.7795065733731577,0.06862237602437725,0.06224630900792264,0.6787208577186932,3.616660536196141,0.9144841252530523,0.744159634519583,13075.467803966072,alta,97.033447265625,104.65966796875,95.252197265625,98.98177083333333,31.953319728250708,0.03781101133002003,-0.009263562004739006,-0.0860445872545681,17.055968915343914,0.9311150302939637
data\images\sat_patch_0646.png,residencial,0.5007504130325156,0.17173978639355375,0.08716660688451017,0.6124860361063644,11.78368121684713,0.6817433261467694,0.6056694818747561,7510.742316079297,media,89.091064453125,107.87255859375,86.986083984375,94.64990234375,28.397513496377137,0.09535514098864889,-0.011954875890907013,-0.20955102619562996,15.218584656084655,0.9000434525308874
data\images\sat_patch_0647.png,residencial,0.6109105835035646,0.41244762371964483,0.06381736477543863,0.5557055927947844,1.3416075964234189,0.7129371450458482,0.6104147437077104,7681.949072738022,media,86.787841796875,121.513427734375,78.75390625,95.68505859375,34.567838808340035,0.16670846917513332,-0.048531174722577695,-0.4048965833895776,16.107184193121693,0.8317302368875434
data\images\sat_patch_0648.png,residencial,0.5598809877714092,0.449168780349819,0.04191100213532435,0.5565095520198085,6.666120381452004,0.7094131246025364,0.6130156057183053,7913.670344520306,media,91.84814453125,118.3193359375,86.19189453125,98.78645833333333,31.741191346286882,0.1259528411401077,-0.03176953902062932,-0.2965924338616678,15.599413029100528,0.8663579440162682
data\images\sat_patch_0649.png,residencial,0.5743043450189476,0.18134253349368498,0.065339242989526,0.6476562023459538,10.522037516289704,0.9605426509576598,0.5286105216514191,9901.323885053147,alta,93.441162109375,105.425537109375,86.089599609375,94.98543294270833,26.999756449785192,0.060263357247932366,-0.04094876214343744,-0.16486902886021054,15.161458333333334,0.9122135122591705
data\images\sat_patch_0650.png,periurbano,0.2681976106178236,0.5221096594469651,0.0640271624830144,0.3349207790661386,14.870026591255215,0.37452223672381846,0.33597110363954585,2305.845567109363,baixa,90.53662109375,123.191650390625,89.12353515625,100.95060221354167,29.260519130401086,0.1527875976224077,-0.007865327288641233,-0.3304742240623861,14.231894841269842,0.8589068716582091
data\images\sat_patch_0651.png,residencial,0.41826068516596415,0.26567930755147606,0.09094978109338821,0.48985143064683345,5.778323973648177,0.5022302623050484,0.5307670589082433,7878.571067948343,media,91.062744140625,116.817626953125,84.505859375,97.46207682291667,27.48985420056019,0.12389280696921713,-0.037346567649237425,-0.2978935586420031,14.1922123015873,0.8680558220662118
data\images\sat_patch_0652.png,periurbano,0.154010021425106,0.6391734739073576,0.04451256709104475,0.3947972023028612,20.623490030452,0.4936184378797147,0.4064779862837597,402.03420761864743,baixa,77.496826171875,136.155029296875,101.1474609375,104.93310546875,32.80721065093169,0.2745504022034075,0.13238953798032935,-0.4463118201512003,14.247933201058201,0.7965515896508691
data\images\sat_patch_0653.png,residencial,0.3943520603259242,0.25681703088656227,0.043534612457726156,0.7260191004352723,6.722562213835636,0.5561166083372818,0.5588448519741497,7412.2901594595305,media,81.284423828125,102.173583984375,83.238037109375,88.898681640625,24.75176047677071,0.11386344096647967,0.011874447162066861,-0.22398929797555217,14.129050925925927,0.9002139015130003
data\images\sat_patch_0654.png,residencial,0.6564219047032092,0.32326440348703733,0.0382994972805238,0.6961424387798417,6.338944431838517,0.6960326605733909,0.9297432430083673,9903.919947174794,alta,92.57373046875,118.880615234375,88.68603515625,100.04679361979167,32.811302177626565,0.1244092882259782,-0.02144819771583991,-0.28237518782322213,16.365286044973544,0.87064060662012
data\images\sat_patch_0655.png,residencial,0.45068783053971906,0.26726075758568324,0.00390293047295619,0.5461720578418124,8.642822889049537,0.681692015290209,0.579514200262034,7070.909284320544,media,100.288818359375,110.595703125,90.22705078125,100.37052408854167,30.158233424390406,0.04887454349044826,-0.05281327781616373,-0.15281148067281022,14.996775793650794,0.9125639326171355
data\images\sat_patch_0656.png,periurbano,0.22751379260361526,0.5949940271175382,0.01600719171693742,0.1072442564205778,5.930596280735937,0.4139159130645984,0.20938773938538668,1707.333255222892,baixa,66.391845703125,136.092529296875,79.855712890625,94.11336263020833,40.103444006465296,0.34422746569715584,0.09206216654076319,-0.6690734192374399,13.99363425925926,0.7497188083012349
data\images\sat_patch_0657.png,industrial,0.7702294508474801,0.2101453809964206,0.09243447645075184,0.5142397504075599,3.321836341570152,0.7865598884652122,0.7878388935868859,11689.106567810908,alta,98.537841796875,107.544189453125,93.072265625,99.71809895833333,30.67947097579733,0.043702731179030285,-0.02852446677730196,-0.11772321922592423,17.21875,0.9230049591249532
data\images\sat_patch_0658.png,centro,0.6824573265623042,0.05573499222525932,0.04504236740401369,0.554587159213327,0.9689551189865586,0.8097961264845103,0.6111839125803459,10612.40321662661,alta,95.541748046875,99.29931640625,88.668212890625,94.50309244791667,25.60252425541798,0.019285299793636156,-0.03731359088268038,-0.07612804697726644,15.095072751322752,0.9336886484507454
data\images\sat_patch_0659.png,residencial,0.3820784054173262,0.39886496655355375,0.08557011157624068,0.6238719608013068,5.260554233114193,0.5174675752179487,0.6704263206898287,5383.699953824681,media,78.068115234375,116.11865234375,86.92333984375,93.703369140625,29.52501557389047,0.19594814511817035,0.053670807082167746,-0.3588230044898921,15.359375,0.8481322675096301
data\images\sat_patch_0660.png,residencial,0.5196368713953514,0.39419696954801886,0.012312652198572728,0.5349070058241837,7.505963818562446,0.6889831773454499,0.3630409559239931,7091.17223894975,media,88.673095703125,114.689208984375,82.556640625,95.30631510416667,27.770416766030763,0.12792986976272822,-0.0357207525606614,-0.3050620568371901,14.93597056878307,0.8681208953929838
data\images\sat_patch_0661.png,residencial,0.5349813973893158,0.32391806368094966,0.008383129141478863,0.5855463158738096,13.310398351986601,0.847201490669141,0.6038805324585683,8989.39474002916,media,90.116943359375,111.343017578125,86.962890625,96.14095052083333,30.16602264159425,0.10536125399117806,-0.017811473195992668,-0.23718405346753998,16.094535383597883,0.8915694764459897
data\images\sat_patch_0662.png,periurbano,0.3626853308581647,0.45214585926254325,0.03749138731021483,0.4136274306598505,11.762627980297296,0.5047684545980372,0.3688300222520501,2792.1153878336104,baixa,95.300537109375,124.43017578125,92.873779296875,104.20149739583333,31.695687803894906,0.13256971752421837,-0.012896328499817892,-0.29119559742663276,14.968874007936508,0.8672442079432681
data\images\sat_patch_0663.png,periurbano,0.28463398946726,0.5849062868988655,0.11984035162859404,0.2847877268713235,9.448358325885089,0.37796301452802866,0.5499181140781109,3711.9478473291965,media,83.545654296875,150.65185546875,87.19189453125,107.12980143229167,39.60751040022334,0.28653678236158564,0.021355819139056004,-0.6093830061522592,14.399512235449736,0.7445823572535158
data\images\sat_patch_0664.png,centro,0.7235126894600422,0.15236251783372434,0.016459304324600712,0.6496851367397912,1.3975273050215273,0.8327981646765888,0.628382014819952,12451.03564607563,alta,98.741455078125,103.809326171875,85.03759765625,95.86279296875,25.801927738287805,0.02502024942809126,-0.07456702569424406,-0.12434229497393115,15.432746362433862,0.9152414203702584
data\images\sat_patch_0665.png,centro,0.7417430947067397,0.19499895901084385,0.036015185033906355,0.8643552023845584,3.2344790059514277,0.8025854565968901,0.9304508617811644,12477.365691689818,alta,97.231689453125,110.111572265625,96.0830078125,101.14208984375,28.908310612269783,0.062118646362630404,-0.005942029503864463,-0.13302299290606265,16.889219576719576,0.9161086701513683
data\images\sat_patch_0666.png,parque_urbano,0.023984899035034854,0.6884429907614353,0.02222355524045501,0.2195524445681419,16.80813661770601,0.23004250657982242,0.1530903352420002,100.0,baixa,82.2236328125,163.019287109375,85.84912109375,110.364013671875,44.58108575323523,0.32945152501512326,0.02157094576852909,-0.7156581825251224,13.707051917989418,0.6989341370781917
data\images\sat_patch_0667.png,residencial,0.6766765316005401,0.2679817625383675,0.03139802522384144,0.38604604981663665,3.6210869103417225,0.720136868499411,0.46475708830642787,9313.891344450556,alta,91.373046875,116.209716796875,84.830810546875,97.47119140625,33.42251392388085,0.11964707166866284,-0.03712879154133669,-0.2883702085923716,15.800388558201059,0.8673913016644026
data\images\sat_patch_0668.png,periurbano,0.19529987624526862,0.7201169425648928,0.01056758208506122,0.1306908923711252,11.96914564932785,0.33603390319391196,0.3161743417227451,1341.2025893374653,baixa,75.771240234375,139.4296875,76.4580078125,97.21964518229167,38.28272337476381,0.2958093519391794,0.004511403573392968,-0.6512579088988208,13.648685515873016,0.7527682560337743
data\images\sat_patch_0669.png,periurbano,0.3893785125354219,0.44911315066554824,0.04627326254644129,0.16756772718949953,9.44375511513978,0.35524527021402186,0.24462642349596642,4992.71412052648,media,79.14404296875,130.747802734375,82.37548828125,97.42244466145833,36.09481429906583,0.24585881050736733,0.020006529659201636,-0.5131059559219314,14.254877645502646,0.7969524139110921
data\images\sat_patch_0670.png,periurbano,0.12823607820222974,0.43747344611899736,0.10395602833425503,0.32642190476144,15.940589088346838,0.37527080329423096,0.1744437704168806,976.9227735264034,baixa,77.891357421875,134.810302734375,83.052001953125,98.58455403645833,33.13890498782363,0.2675999096720148,0.032064973163388875,-0.5511879931575449,13.659391534391535,0.786738196452818
data\images\sat_patch_0671.png,residencial,0.4406067852248687,0.3254334193793955,0.0040096699381593996,0.5252373941844108,11.12538718011416,0.6136077900069979,0.49945632435158815,6092.924789604175,media,94.63037109375,125.632080078125,85.531982421875,101.93147786458333,31.90547754579598,0.1407489505300875,-0.050501053321247096,-0.3487725648280069,15.141741071428571,0.8446320927544394
data\images\sat_patch_0672.png,residencial,0.6289412764572644,0.3852162656521866,0.03560416911440345,0.5943588004493339,3.072548088880234,0.759621070305506,0.5693090515934718,9445.021189059255,alta,90.205810546875,121.51708984375,84.9326171875,98.88517252604167,34.3737700755753,0.1478880134894158,-0.030108716844620253,-0.3433060262327622,16.623594576719576,0.8476429710696062
data\images\sat_patch_0673.png,industrial,0.6672813595213201,0.24453851932688686,0.07263568958290749,0.43593679160901044,3.047077922072253,0.7165480429935581,0.5882878461755968,10528.664863133912,alta,82.984130859375,116.267578125,87.08544921875,95.44571940104167,32.12801921564327,0.16704221644188166,0.02411553161579774,-0.32723089054914434,15.382936507936508,0.8565842856602067
data\images\sat_patch_0674.png,centro,0.7216560493987013,0.1811067125812475,0.07198453905314513,0.8683110153375115,4.09541988344035,1.0,0.8791202573744618,12373.313015192165,alta,94.7802734375,102.79541015625,89.990234375,95.85530598958333,26.842341369669107,0.040567424757912474,-0.025924261903509715,-0.10860281581625189,15.900380291005291,0.9271226819918367
data\images\sat_patch_0675.png,periurbano,0.31467875068444134,0.6144823037597451,0.009051159178871745,0.2706044439917329,12.066181143904782,0.5380850207220065,0.47085585495586346,3165.129046158088,baixa,92.247802734375,149.762939453125,95.059814453125,112.35685221354167,37.33633796195268,0.237655303897768,0.015012799511096768,-0.49938325304230324,14.8702876984127,0.7736998396476067
data\images\sat_patch_0676.png,parque_urbano,0.14725191135438825,0.872408486066824,0.08553231230664989,0.03903499354499963,16.071237296805517,0.3065743463457716,0.0,100.0,baixa,65.330810546875,162.43359375,88.3583984375,105.374267578125,49.693133642404156,0.4263299310379877,0.1498321703453751,-0.8122380388752726,13.855654761904763,0.6622039194618269
data\images\sat_patch_0677.png,industrial,0.7422090663194478,0.29320612863928713,0.0006104133090534592,0.3716614817482661,1.5628294067477233,0.7818750011039101,0.3993881962673461,10721.346905709544,alta,99.386962890625,111.092041015625,84.174072265625,98.21769205729167,30.634921694456537,0.055611618508998505,-0.08287646955779086,-0.19661959914121924,15.325024801587302,0.8924412262842244
data\images\sat_patch_0678.png,periurbano,0.3882585825926095,0.4671193215232802,0.041336327884404736,0.4144257803016874,9.383558461913934,0.7069222367906118,0.3832013706170212,5319.753755327046,media,91.03466796875,123.7431640625,95.500244140625,103.426025390625,32.78551315458172,0.15228990642153906,0.023939626622371778,-0.2946618860973175,15.817666997354497,0.8637459146225566
data\images\sat_patch_0679.png,parque_urbano,0.19043991972108096,0.8578887371320739,0.048877107154356586,0.1436925278321117,15.884159960955962,0.3902073167303222,0.1885541373766216,738.7317336977205,baixa,62.07958984375,169.165771484375,75.915283203125,102.38688151041667,54.87762691642331,0.4630846671366985,0.10026237173617913,-0.9783317208700689,14.187789351851851,0.6167595255880424
data\images\sat_patch_0680.png,parque_urbano,0.12958195728257627,0.8107333698924477,0.05291342623032308,0.12428008688283243,14.16126411555179,0.2896155248238414,0.13580518019868848,100.0,baixa,85.343994140625,162.12890625,90.75830078125,112.74373372395833,43.73462343018559,0.31027604104488765,0.030745235956645176,-0.657045457740374,13.995535714285715,0.7168587334866589
data\images\sat_patch_0681.png,centro,0.9491439433373077,0.14068705393492423,0.05749169011434261,0.7446921331743102,0.2,1.0,0.8921828055676113,14244.426023555623,alta,95.326416015625,107.421875,90.345947265625,97.69807942708333,29.518137899627064,0.059657513580646346,-0.026823963648439142,-0.1492935510668604,16.579819775132275,0.9115161823522463
data\images\sat_patch_0682.png,industrial,0.48946943741583177,0.13147096541351322,0.056435752121066995,0.5637362638446414,10.4129693263748,0.683741844677783,0.597852395694519,8161.420389834209,media,92.341796875,107.3603515625,88.329833984375,96.01066080729167,27.54081606922072,0.07520477235624497,-0.022205826389766016,-0.1773192248896627,15.167741402116402,0.9090081618439984
data\images\sat_patch_0683.png,periurbano,0.29886039387410906,0.5081360097478727,0.021607808008937877,0.2297746166730196,14.559633776674474,0.4848822112189891,0.34241742872936926,3166.4754586749536,baixa,84.98291015625,138.521728515625,78.733154296875,100.74593098958333,37.576004570880905,0.23954231302748266,-0.03817435901649141,-0.5624415315838387,14.488839285714285,0.7725569346953687
data\images\sat_patch_0684.png,parque_urbano,0.14086711504254568,0.7266466986691013,0.17896742673925087,0.2180216094713505,16.36425177000996,0.407814792207791,0.19321037748151437,100.0,baixa,80.74951171875,146.606689453125,87.039306640625,104.79850260416667,41.991265341083796,0.28966519103177485,0.037486376898590204,-0.5984081653523164,14.111896494708994,0.7371118835218806
data\images\sat_patch_0685.png,centro,0.6922622702583013,0.12826601397186513,0.006029074767520735,0.6115293695036521,3.9858412415396782,0.9343364770622943,0.5930253652261636,11090.14824276755,alta,94.10595703125,96.650390625,90.302001953125,93.68611653645833,28.03046082983249,0.01333865746369031,-0.02062793318925773,-0.04746072576955877,15.468419312169312,0.9390885225198835
data\images\sat_patch_0686.png,parque_urbano,0.2366478058664738,0.7988161660455266,0.11251514047310032,0.226066054677986,15.295644093546723,0.37154982136131115,0.2535452572420195,835.9003125171664,baixa,70.271484375,143.2412109375,77.599853515625,97.03751627604167,43.60552195540136,0.34175825523602843,0.04955909100170876,-0.7142138828123015,14.630208333333334,0.7270538521449104
data\images\sat_patch_0687.png,parque_urbano,0.11156625469644062,0.9381047942479102,0.14920148402630537,0.17967871388881723,14.205794172863943,0.5203754220699686,0.2180945047155944,100.0,baixa,52.00537109375,170.87451171875,85.828857421875,102.90291341145833,59.893588618965445,0.5333327467318669,0.24539250117323536,-0.9908115629578753,14.57576884920635,0.5818468440200943
data\images\sat_patch_0688.png,residencial,0.37964706759705724,0.25023608480208853,0.04169539463740129,0.360911374089724,8.610188171640182,0.4953035723734727,0.44216739078540546,5216.970094807489,media,91.779541015625,103.29248046875,94.34716796875,96.47306315104167,21.35985141031537,0.05901891673905811,0.013795048294468579,-0.106030901646779,13.84056712962963,0.9274867567578594
data\images\sat_patch_0689.png,centro,0.785842602658062,0.0965140774591225,0.07712264323870428,0.7448996880199191,2.146396371377784,0.9561885739428,0.7127296206522781,12590.573777709422,alta,97.5419921875,103.322509765625,96.011962890625,98.95882161458333,28.923630984725527,0.028778193723327898,-0.007904923918255785,-0.06614399862107798,17.224537037037038,0.9351562953163908
data\images\sat_patch_0690.png,periurbano,0.24460687353079003,0.40635557669123323,0.034281754054992036,0.28996047527475444,15.37862442844422,0.40708594214595273,0.43263049374895124,1602.2641833454438,baixa,85.093017578125,126.92724609375,96.21142578125,102.743896484375,28.09418601672612,0.19731240587010931,0.061324520986846306,-0.3530625691864483,13.820064484126984,0.8426008900900578
data\images\sat_patch_0691.png,periurbano,0.34800834975526584,0.5876934763476681,0.055094233389744,0.23316733421268362,11.059759044182382,0.3230624801652393,0.26628743725737636,3651.1911153186265,media,92.614501953125,139.486572265625,88.685791015625,106.928955078125,33.170405419862355,0.2019468038582938,-0.0216696335758682,-0.4567184378529692,14.376570767195767,0.8026312586147669
data\images\sat_patch_0692.png,residencial,0.6550695360201285,0.44903442269425986,0.07422374280749715,0.3819647203403143,3.69148007042328,0.7361824559129232,0.5724376694593648,9254.04131948987,alta,90.759765625,122.81103515625,83.99365234375,99.18815104166667,33.00048703820046,0.1500732743611579,-0.03871805954457429,-0.3572435360726335,15.812872023809522,0.8424937034120472
data\images\sat_patch_0693.png,periurbano,0.14068366204818744,0.4634780165223235,0.043715971817378636,0.2795537960055944,12.714992231528623,0.2814083773999902,0.41274628654227724,936.9514803275039,baixa,85.46826171875,132.30517578125,79.677001953125,99.150146484375,32.642543449954815,0.21507174789132974,-0.03506767073904044,-0.5015881993836653,13.35763888888889,0.8016201742303108
data\images\sat_patch_0694.png,periurbano,0.3101701470529783,0.38337323467525697,0.06784923566289261,0.37849414681101556,10.84029440375875,0.4109854696967825,0.35859295196384317,4461.310253954666,media,89.2890625,132.4296875,84.529541015625,102.082763671875,33.666779667342844,0.19457364253328308,-0.027382117683191702,-0.4459164667855915,14.425925925925926,0.8146911820144855
data\images\sat_patch_0695.png,centro,0.9173470236025985,0.17652628339513804,0.03209911174955721,0.8737075099565998,2.077351483255929,1.0,1.0,15197.66432226391,alta,96.077392578125,100.196044921875,85.253173828125,93.84220377604167,30.017056556832475,0.020984257346416235,-0.05969329333068042,-0.10156157073989854,16.02930720899471,0.9237264691855283
data\images\sat_patch_0696.png,residencial,0.5633736367635207,0.20277291674844417,0.035885902993038954,0.42224523497906163,4.929145735765886,0.7430868953331615,0.3550354687065102,9608.54403008598,alta,95.035400390625,102.529052734375,92.864013671875,96.80948893229167,26.4151627796178,0.037930165003309396,-0.011556112178570343,-0.08862091628749799,15.128596230158731,0.9330792215743056
data\images\sat_patch_0697.png,industrial,0.665926397187476,0.12115993451007,0.043487551552283024,0.4897794938330222,5.885317071339591,0.7782348235643098,0.5322859388738582,10330.137810364451,alta,93.23046875,112.526123046875,85.755859375,97.17081705729167,33.12814997674782,0.09377903295630419,-0.04176078369527263,-0.23703576284389027,17.174024470899468,0.8883885354236816
data\images\sat_patch_0698.png,industrial,0.6669495933220128,0.18998953814922148,0.09451019251564918,0.47347286704188773,4.409570046280464,0.8160971010207564,0.687950423323894,10048.725792468185,alta,100.80712890625,112.003662109375,96.118896484375,102.9765625,28.717640940795036,0.0526126193933949,-0.02380707369058147,-0.13149253532880323,16.466724537037038,0.9205342583070014
data\images\sat_patch_0699.png,industrial,0.5061404957631819,0.16141111605781272,0.029355695325767484,0.5469488235489688,6.285491590434132,0.6151447762596958,0.5578860577354825,8900.284598164344,media,89.4794921875,102.177001953125,89.599853515625,93.75211588541667,26.23409883122671,0.06625139292205254,0.0006721117222106756,-0.13479513339424404,14.463996362433862,0.9206271276143683
data\images\sat_patch_0700.png,periurbano,0.21591679513708692,0.5527454314425485,0.10333240381362563,0.25871700164981953,14.891511044159245,0.38740466841921883,0.1844134438464521,1311.4290689951356,baixa,71.552001953125,126.33349609375,82.531005859375,93.47216796875,34.04357090802466,0.2768343026875779,0.07125382604392216,-0.527344050441148,13.954241071428573,0.7997776830166563
data\images\sat_patch_0701.png,residencial,0.6911325503347765,0.42576119314027006,0.05170750607046579,0.4282936936527659,5.949440294798309,0.7798804098058145,0.8011085457985012,9325.183171939168,alta,90.600830078125,115.20703125,88.057373046875,97.955078125,31.454411148884397,0.11955909212372398,-0.014236441274594057,-0.2641816015939031,15.838665674603174,0.87607861898909
data\images\sat_patch_0702.png,periurbano,0.36444589935639193,0.5869417260166043,0.03947752672863355,0.28659976933067594,8.404606663067192,0.5401344138779461,0.2888531494042131,3059.916979665574,baixa,84.203369140625,132.10888671875,77.84423828125,98.05216471354167,36.12012650321543,0.22146464686588918,-0.03924236168188073,-0.5209990277732061,14.964285714285714,0.7935232613169408
data\images\sat_patch_0703.png,residencial,0.4740456276736294,0.3983252297568338,0.08391225969666766,0.6985925747250726,13.591911536732894,0.6659191524549051,0.5727340856555567,6497.906345251696,media,88.38818359375,127.809326171875,88.730224609375,101.642578125,35.26448870557705,0.18233855902652182,0.0019311432231346236,-0.3861582656422238,16.970734126984127,0.832587214494909
data\images\sat_patch_0704.png,residencial,0.6286481388938325,0.20958062248039905,0.04607132946085071,0.5654608914548036,4.237167965012641,0.8683677481282926,0.6503631487030166,10064.179555937033,alta,100.72509765625,108.452392578125,92.21923828125,100.465576171875,26.461513668440382,0.03694133090647347,-0.04408452463549258,-0.11924705900887238,15.513930224867725,0.9218354408735384
data\images\sat_patch_0705.png,industrial,0.5259843425918073,0.0731041326514731,0.02115006569254878,0.4534208489542806,8.808699802195926,0.6504297648855699,0.5661732942737443,7221.275091663777,media,101.740478515625,98.4228515625,84.948974609375,95.03743489583333,24.187174947932782,-0.01657459902997972,-0.08994350529841424,-0.05343289149305255,14.24979332010582,0.9207678973392699
data\images\sat_patch_0706.png,periurbano,0.12640780638431387,0.37478754742783704,0.034990502878702874,0.16276837382032275,16.766738794360272,0.30123413272125615,0.06768892032629031,129.21483371084867,baixa,73.51025390625,129.243896484375,83.509765625,95.42130533854167,31.0258811000699,0.274882867728557,0.06368303662754843,-0.5316830031518658,12.898933531746032,0.7978143986182281
data\images\sat_patch_0707.png,residencial,0.389299468824215,0.2990867447732511,0.09190988895613271,0.5154043791588007,12.308955404068277,0.5895936970276943,0.3645831800533428,4544.308392917388,media,90.827392578125,107.74462890625,88.136474609375,95.56949869791667,25.92720153248298,0.08519446051095221,-0.01503609636963553,-0.19109334432246808,14.794766865079366,0.9079616610086159
data\images\sat_patch_0708.png,residencial,0.4071901382820762,0.22036233962834328,0.07221688879848702,0.5963127986337609,11.212953218402431,0.4095614955011013,0.6108826236524317,6758.2870549338295,media,95.527099609375,102.240478515625,79.37548828125,92.38102213541667,28.416916850322732,0.03394580110629142,-0.09234632506340647,-0.1600889887161542,14.959614748677248,0.9045351711230882
data\images\sat_patch_0709.png,periurbano,0.14375296066838197,0.4146679181827149,0.013957806431465233,0.4197598396015608,15.641118810932344,0.46105451915456264,0.2298744885426774,1456.8715131984034,baixa,88.66064453125,125.978759765625,84.537841796875,99.72574869791667,28.753008466223534,0.17386423141994387,-0.023803918833103545,-0.3948781204538306,13.701636904761905,0.8402459201042825
data\images\sat_patch_0710.png,residencial,0.5771165046808939,0.44313774876366896,0.03832284884902648,0.7130875058952202,10.067113149251611,0.74235837941323,0.5232693411674486,7835.821315872493,media,85.24658203125,117.05908203125,82.74169921875,95.01578776041667,34.49837818073174,0.15724967459597286,-0.014911056765091722,-0.34799417904769075,17.2119708994709,0.8493028268881657
data\images\sat_patch_0711.png,centro,0.7239493735676312,0.05708233804965891,0.055132411881629734,0.6295472746541073,2.3628971901611235,0.8147564871921236,0.6499927645410365,10861.034906841389,alta,98.647216796875,104.541748046875,87.644775390625,96.944580078125,28.731511915309138,0.02901009523584478,-0.05906019479418106,-0.1175491381404957,16.639426256613756,0.9199988407030619
data\images\sat_patch_0712.png,centro,0.8550011931138702,0.15293249650183122,0.018579509000645346,0.6333752348299672,1.719791424399032,0.9458136730827887,0.7933808989608039,13192.229690421025,alta,95.722900390625,107.716796875,83.053955078125,95.49788411458333,30.91039156531256,0.05895553614474465,-0.07086457141455844,-0.19192434595419228,16.654183201058203,0.8957349140691895
data\images\sat_patch_0713.png,residencial,0.4947920707334178,0.3553872766627799,0.05898275060458044,0.7056337075329763,11.80483456203157,0.5503613295372877,0.6504503001446595,6875.917568623219,media,97.113037109375,118.931884765625,85.880859375,100.64192708333333,28.826817211707283,0.10099217961661623,-0.061380067252428804,-0.27259947266432416,16.29410548941799,0.8701480927546923
data\images\sat_patch_0714.png,industrial,0.5228324349291714,0.22599649265645982,0.01626033349965175,0.5311809949751407,8.018268987382678,0.6945732320695656,0.5437699690548078,8351.720660653782,media,95.291015625,107.059326171875,86.503173828125,96.28450520833333,26.111950005476697,0.05815809543099397,-0.04833950840217259,-0.16785910923551764,15.083581349206348,0.9087289090694355
data\images\sat_patch_0715.png,periurbano,0.20146509707982813,0.6629075018197024,0.05600759302157519,0.28228368135184956,18.10754064045819,0.3152910289216497,0.315743489763752,716.4639871701008,baixa,87.610107421875,146.77099609375,88.822998046875,107.73470052083333,38.6984968591172,0.25241321732883565,0.0068745069974428434,-0.5435058763127678,14.253348214285715,0.7691064474257735
data\images\sat_patch_0716.png,residencial,0.4983762801237944,0.33721035977938385,0.03296635673083514,0.36437599966069134,7.982832473872121,0.7002845612403856,0.40845576017169105,5604.612287033648,media,94.47265625,113.762451171875,88.435546875,98.89021809895833,31.372881973526578,0.0926346909897381,-0.03300622519301661,-0.22558701773176665,14.43770667989418,0.8931675623217393
data\images\sat_patch_0717.png,parque_urbano,0.1427042108063763,0.80317537659862,0.1945211148929754,0.09046874296731035,16.600715408579145,0.24672304234000764,0.021968733071176638,100.0,baixa,70.850341796875,158.3251953125,89.2763671875,106.150634765625,45.672665397433576,0.38169367567439616,0.11507152924345347,-0.7372715222649303,13.330646494708995,0.6851738402829195
data\images\sat_patch_0718.png,residencial,0.6161927700254437,0.44679503176218727,0.05985394362008376,0.7454593325969191,6.808135391049112,0.7088006174717264,0.5570521251415879,9080.519429114047,alta,84.944580078125,111.34521484375,82.298828125,92.86287434895833,31.914132870788894,0.13449825367454493,-0.01581976811960111,-0.2985424545385723,16.161871693121693,0.8701215623774092
data\images\sat_patch_0719.png,centro,0.7113504379229701,0.1884690883568123,0.016957810274892217,0.9424670731714232,0.460055582241802,0.9618729756143425,0.9983860206352755,13471.930997704187,alta,96.634765625,108.79443359375,80.613037109375,95.347412109375,30.301044734261524,0.05919152659798049,-0.09039168992827293,-0.21154776588877627,16.90777943121693,0.8842885046420643
data\images\sat_patch_0720.png,centro,0.7049484790012833,0.1961674963774019,0.03514983727510651,0.8609553057633725,1.3048800732277508,0.828891908314688,0.8149180009156997,11204.70390897815,alta,84.350830078125,101.874267578125,76.542236328125,87.589111328125,31.441372906807835,0.09409815125052633,-0.04853281670790416,-0.24463924574012977,16.406828703703702,0.8911634647343318
data\images\sat_patch_0721.png,centro,0.739471948329122,0.11244143182211506,0.07346493591103252,0.9315906253354116,8.326437493347504,0.9329747723632608,0.7316652234518197,12580.380751614653,alta,93.43505859375,100.42724609375,91.20654296875,95.02294921875,26.242272436972286,0.036067803254497495,-0.012069412278013898,-0.08531039389787784,16.279224537037038,0.9324421735668326
data\images\sat_patch_0722.png,industrial,0.7732639555065399,0.18803193790042866,0.013299976490138633,0.6252839869918659,3.7094610963152936,0.9203650761571619,0.8725144870584702,11812.68961250971,alta,92.283935546875,108.98291015625,85.864501953125,95.71044921875,33.976379301644904,0.08296932596160021,-0.03603418389631296,-0.2080095889294001,17.120949074074076,0.8979756784232209
data\images\sat_patch_0723.png,periurbano,0.3987077747357112,0.42886586721947517,0.06764864420671242,0.25796198599912534,9.84731766685589,0.46572879107239507,0.43962451677900083,3143.9414733558515,baixa,92.527099609375,130.3740234375,82.194580078125,101.69856770833333,33.61740869280935,0.16979243146466136,-0.05913702003433861,-0.42294777733902794,14.274140211640212,0.8190135728204911
data\images\sat_patch_0724.png,centro,0.920671640927161,0.04996545961882651,0.0008035631453208492,0.6719821096319678,3.8191079106487518,0.9158009169077794,0.8284333395864779,13523.552504294386,alta,103.2802734375,101.50341796875,86.51416015625,97.09928385416667,24.02558192274889,-0.008676742995848875,-0.08833827671047059,-0.06803552860143973,15.716765873015873,0.9156870078004893
data\images\sat_patch_0725.png,residencial,0.45414716715324954,0.4065057287727064,0.038236167527142685,0.6421776297199426,11.193459702106017,0.7291275236548409,0.7738486622555256,6854.262851050932,media,90.58447265625,123.738037109375,89.301025390625,101.20784505208333,32.52876226746223,0.15469007121412684,-0.007134801150872957,-0.33391964560283055,15.896660052910054,0.8525818334840156
data\images\sat_patch_0726.png,centro,0.9490311797179687,0.17975649755505305,0.02340654621092077,0.6735968710923659,1.5599256326894948,0.9913812173457679,0.7776786497847171,14368.762700252806,alta,94.99755859375,96.648681640625,89.46337890625,93.70320638020833,26.32883529220626,0.008615473156375389,-0.030001905728675452,-0.04715113830306517,15.320849867724867,0.9379336281985067
data\images\sat_patch_0727.png,residencial,0.6861074836141304,0.34941068753124144,0.04557475810004772,0.44361725910242344,4.98823099154811,0.8622139186490566,0.6168312556807507,8438.292020890794,media,101.416259765625,129.344482421875,91.53857421875,107.43310546875,34.60174155459913,0.12102674948293733,-0.05119169751654511,-0.3059305135074711,16.92373511904762,0.8515459866066605
data\images\sat_patch_0728.png,parque_urbano,0.10093152665012423,0.7214025968989832,0.19337900181144937,0.16018435365109376,20.194816913886452,0.22395854265333034,0.12481215756154164,100.0,baixa,60.23388671875,148.843994140625,93.18359375,100.75382486979167,43.407626418278255,0.4238138756421582,0.21477152874499253,-0.7159554814273095,13.667700066137566,0.6947467299958461
data\images\sat_patch_0729.png,periurbano,0.20923170013620673,0.37704060403419054,0.03268592420486319,0.3050112317596822,17.512603792736492,0.4339482074953329,0.3744005619382275,2283.256650898314,baixa,83.9736328125,129.0966796875,87.43212890625,100.16748046875,30.929269903295822,0.21177538125225503,0.02017724514563055,-0.43321243772773593,14.146288029100528,0.8228503803938183
data\images\sat_patch_0730.png,residencial,0.3592936928179478,0.19354331227110463,0.04756745967617935,0.3720724024432859,11.641986384838939,0.630126735743415,0.2250084489257827,5165.78334901851,media,98.80419921875,109.490234375,79.98974609375,96.0947265625,24.960215313433103,0.05130254765131704,-0.10522981070128451,-0.20909848259553412,13.657862103174605,0.8864302767993336
data\images\sat_patch_0731.png,residencial,0.6340348017883033,0.347219491947776,0.07761845216957924,0.3940993016243283,10.354700231071183,0.7959135985650705,0.5266335485433917,8684.45171994137,media,94.113525390625,120.66064453125,88.06787109375,100.94734700520833,33.15018320133286,0.12360480325300208,-0.033184805805397954,-0.2929244489665727,15.79212136243386,0.8652720060085873
data\images\sat_patch_0732.png,residencial,0.41003180714286147,0.30222254177816177,0.038868085958387824,0.6181924591609994,10.772846930210786,0.4430142606397568,0.7091190134187291,6984.697111926349,media,84.90380859375,101.867919921875,82.938232421875,89.9033203125,24.343380841584874,0.0908280464721285,-0.011710869030609253,-0.19962443157889423,13.990575396825395,0.9069894230580368
data\images\sat_patch_0733.png,residencial,0.43793558924139375,0.44338659491210863,0.09401769824704907,0.3706353667525085,8.606147363031797,0.675450980779365,0.2879475144413978,5023.066435342195,media,89.0625,126.04296875,98.0126953125,104.37272135416667,28.155496972735744,0.17191784473439686,0.047842768517260485,-0.3114355011594881,14.84651951058201,0.8537774407745675
data\images\sat_patch_0734.png,residencial,0.4589126835467008,0.27007264381809637,0.04234882074234175,0.7363415809515186,10.682709451229996,0.6688566057882334,0.8029329268226681,8491.69794400107,media,92.5341796875,121.257080078125,88.286376953125,100.69254557291667,31.82794785631045,0.13435020817859028,-0.023491813042725875,-0.30634642590427225,16.00822585978836,0.8619285114654998
data\images\sat_patch_0735.png,residencial,0.6603676509322538,0.33733788309766655,0.09170356318124073,0.40747136474976586,6.3066736742875795,0.7787982621921905,0.37637177945207934,8389.728901259567,media,98.97265625,110.39404296875,89.30615234375,99.5576171875,27.57099206479136,0.05455206920115154,-0.0513414330965203,-0.16326865756533193,15.239541997354497,0.9090239097014121
data\images\sat_patch_0736.png,residencial,0.5593272116587154,0.15316343202205274,0.09801361751467681,0.5997761218223141,8.126906965150706,0.5678555506995124,0.7281995628359204,8616.913526316424,media,88.333740234375,109.316162109375,91.856689453125,96.502197265625,27.532382006904292,0.10615953521873299,0.019551255886944226,-0.19917626345380035,14.931712962962962,0.8989159651759171
data\images\sat_patch_0737.png,residencial,0.49704631086482653,0.1560337406509082,0.058627005714842945,0.7051870305245729,7.927203392485167,0.7109419024548155,0.6650754918636901,8715.504981828612,media,95.015869140625,109.76806640625,89.991455078125,98.25846354166667,32.15554279241314,0.07203786348861511,-0.02715791959350369,-0.17570399026084924,17.066592261904763,0.9081315597788817
data\images\sat_patch_0738.png,residencial,0.512784768061445,0.3934771406823534,0.003595867142103826,0.5690002974217147,12.543426573666965,0.7596604142039978,0.7663739639922662,8004.441532205455,media,86.555419921875,108.506103515625,82.67724609375,92.57958984375,27.448410062077155,0.11253210317641733,-0.022916224724904524,-0.25804575598235413,14.887400793650794,0.885358526119874
data\images\sat_patch_0739.png,industrial,0.6189017242634692,0.21231111139784126,0.08199342257643183,0.6020687827417976,9.027461918455746,0.7781778499860105,0.58697870068113,8398.35098338571,media,90.844970703125,113.2890625,89.124755859375,97.7529296875,31.70438135978235,0.10994781876765268,-0.009558356658358571,-0.23839898256605402,15.75843253968254,0.8880515794746526
data\images\sat_patch_0740.png,residencial,0.5978896439875456,0.38415594456037216,0.04062567854590531,0.6127784495145331,7.970398529948101,0.6885360154503295,0.6473589306594587,8981.716931565797,media,98.386962890625,115.940673828125,84.9580078125,99.76188151041667,32.21518993185257,0.08190129431900303,-0.07324419619137072,-0.24326113206643357,16.012690145502646,0.8778561119897094
data\images\sat_patch_0741.png,industrial,0.5861254360622037,0.1040345465234576,0.047900394829334725,0.5099195585764009,3.7450081652485965,0.752446084950503,0.581318525463232,9524.508178479507,alta,95.9970703125,102.052978515625,87.677734375,95.24259440104167,29.66871915003171,0.030577665637451425,-0.045293832795197414,-0.1072584816579166,15.428199404761905,0.9260462880035
data\images\sat_patch_0742.png,centro,0.7399705100210849,0.09655615757897855,0.04706873944234286,0.7365540902584096,4.39134777860249,0.792594234608169,0.7646307586968214,11375.81365153683,alta,94.19580078125,97.501220703125,88.7373046875,93.47810872395833,26.13149109334591,0.017242938252441668,-0.029838754718148633,-0.06455701753673054,15.202835648148149,0.937005942543946
data\images\sat_patch_0743.png,residencial,0.5411177895621078,0.2802267967024908,0.0072336651756388926,0.3618453105844449,4.47748970739593,0.6683128310213144,0.3409420496863149,9373.14233319557,alta,99.445068359375,113.44140625,80.1787109375,97.68839518229167,29.668236438134294,0.06574554748281358,-0.10725950311274117,-0.24188662650852188,14.833829365079366,0.8743145991329699
data\images\sat_patch_0744.png,residencial,0.5563022409727222,0.34293761635457376,0.056810921678574225,0.5560750656559994,10.422899834690185,0.7066213477850317,0.7638404590723616,8569.339863016272,media,91.9541015625,117.770751953125,85.37646484375,98.36710611979167,29.44040395085502,0.12309771510034162,-0.03709251492824227,-0.2958861920637282,15.400380291005291,0.8670591659884295
data\images\sat_patch_0745.png,residencial,0.4370897223278868,0.2895033671014904,0.002858793525868042,0.6180818689762118,10.353229098326118,0.6293383202629778,0.6176039441599821,7499.355771549687,media,85.695068359375,117.23583984375,89.417724609375,97.44954427083333,35.573883646700395,0.15542615764266873,0.02125861946251815,-0.30456215343939697,15.881407076719578,0.8630807332268523
data\images\sat_patch_0746.png,parque_urbano,0.09400326994747452,0.6585257111147041,0.1874438529956158,0.09399654071040381,15.272219359303305,0.30839786869678315,0.3002119074154928,100.0,baixa,72.649658203125,159.581298828125,93.17626953125,108.46907552083333,47.072438574648835,0.37433269604521074,0.12378408783710265,-0.7068220493811621,13.714781746031747,0.6847735367197969
data\images\sat_patch_0747.png,centro,0.7151457404117421,0.043113959601092294,0.07552586224499006,0.782000726710962,3.8955201352971125,0.9362726545666901,0.8340720876642657,12045.158051524384,alta,95.195068359375,102.379150390625,94.842529296875,97.47224934895833,29.65497743942181,0.03636143440343765,-0.001855101648267463,-0.0755122769418923,16.66906415343915,0.9329892077167308
data\images\sat_patch_0748.png,residencial,0.48737311042339226,0.27941895513198434,0.07184188923426194,0.35414539521080823,15.164526707201544,0.6955622483246442,0.5090381317837099,6830.495760242184,media,89.3701171875,110.8974609375,85.336181640625,95.20125325520833,28.285472895905002,0.10749290446339987,-0.023089811591474156,-0.24731093836559853,14.32576884920635,0.8903990774453165
data\images\sat_patch_0749.png,residencial,0.5962705853944681,0.34238777965428,0.0625887856649901,0.6957308343870141,7.85196694796698,0.8166211934803509,0.5519372436595397,8473.455663483164,media,92.359619140625,105.94482421875,84.29931640625,94.20125325520833,26.626563830583606,0.0685068109391707,-0.04562635149927026,-0.18699704780564064,14.905340608465607,0.9037741446588482
data\images\sat_patch_0750.png,periurbano,0.37863636841802606,0.7100822637069755,0.023314858399690067,0.1281222090529383,9.74809346200483,0.4290288220199224,0.14186393904024086,2244.23932683263,baixa,86.36474609375,144.5673828125,76.92919921875,102.62044270833333,42.51475477716345,0.2520335162646191,-0.05778258832046928,-0.6131371867293975,14.58912037037037,0.7499443732639628
data\images\sat_patch_0751.png,periurbano,0.3376926289864211,0.5289166528673285,0.07371680483826829,0.42833020321380844,9.452618073075348,0.5842783244064321,0.16605867374308036,4143.37267313372,media,90.593017578125,129.53271484375,82.26220703125,100.79597981770833,34.29985811984154,0.17689752424809124,-0.04819530631779274,-0.427647037008539,14.911789021164022,0.8207208922654246
data\images\sat_patch_0752.png,residencial,0.4312234711922395,0.266376073664784,0.023522984002442973,0.588502135087188,10.76565604653747,0.7016237769514961,0.6214530483729337,7393.846932517759,media,85.836669921875,114.709228515625,87.7265625,96.0908203125,27.163930523076075,0.14396982772887917,0.010888784109773376,-0.290637668855626,15.066344246031747,0.873677701637902
data\images\sat_patch_0753.png,periurbano,0.20783244692960423,0.6018526427800285,0.02076611060168721,0.16459475350511057,11.831957237534839,0.42252761721630183,0.1062784309121616,1104.9949630307779,baixa,88.217041015625,154.273193359375,83.925537109375,108.80525716145833,42.769830261124234,0.27240747340443294,-0.024929938473465984,-0.6268254443702419,14.096354166666666,0.7358934564883859
data\images\sat_patch_0754.png,residencial,0.39923367010724686,0.39029177351934263,0.06735805556730604,0.39791550424193955,5.338376810128578,0.49320902308111764,0.4658306239907317,7037.818200347658,media,94.41796875,122.0087890625,80.30078125,98.9091796875,29.689463537767413,0.1274834057668587,-0.08079949873268039,-0.3503154491995397,14.41232638888889,0.8459083150623806
data\images\sat_patch_0755.png,periurbano,0.3875718582547443,0.42648542806519285,0.10070498432666013,0.23647747352746895,12.045172429302797,0.5635661297432927,0.27671773672666444,3524.756214167471,media,81.75146484375,125.44482421875,88.57763671875,98.59130859375,33.420122470119566,0.21087906237037382,0.04007636846730421,-0.40855805246402255,14.412987764550264,0.8290750409136588
data\images\sat_patch_0756.png,residencial,0.6369052941398528,0.3443396678257481,0.037985009803229636,0.5391800250075391,5.541596232448698,0.6284555088121,0.47278648590089634,9299.490788036725,alta,93.33544921875,112.733154296875,84.1328125,96.73380533854167,28.552916935620072,0.09413226786157124,-0.051855112445284096,-0.24809344680917475,15.646618716931217,0.8847798359688166
data\images\sat_patch_0757.png,residencial,0.6360883583395516,0.20457847714926194,0.05523348564032698,0.37250182237914164,2.1077141488140763,0.5189088554197929,0.4604464014459909,8776.701273402543,media,98.232177734375,105.01904296875,86.02880859375,96.42667643229167,30.630484117104135,0.03339151015922603,-0.06622871893600409,-0.13366166031944332,14.929150132275133,0.915519558484042
data\images\sat_patch_0758.png,industrial,0.7532467614723161,0.061154935806897084,0.010986019658385205,0.6916002559982694,0.45996228144774776,0.9259332840904737,0.8390719327985704,13989.084126399539,alta,103.856201171875,97.473388671875,92.359130859375,97.896240234375,26.118221911379784,-0.03170330041028912,-0.05859414824971366,0.0064790776004511365,15.927166005291006,0.9303959703919986
data\images\sat_patch_0759.png,periurbano,0.19987491609476904,0.3503288693682671,0.019750865984418716,0.23910417296635314,15.541373658261238,0.4870797906568486,0.19196662126099195,2072.6686765523473,baixa,91.9912109375,125.879150390625,82.6953125,100.18855794270833,27.19596388734212,0.15554175928751549,-0.053214742622152984,-0.38463362562097836,13.561714616402117,0.8410899366884131
data\images\sat_patch_0760.png,residencial,0.6055718252710451,0.35408065144613043,0.0541890876099109,0.5112715131804902,2.946341286783185,0.6798966962219678,0.673305477705419,10028.038518339583,alta,89.13720703125,114.457763671875,84.68212890625,96.09236653645833,29.719106207311896,0.1243672986066991,-0.025630509260324164,-0.2866834943230325,15.784598214285715,0.8730062797608426
data\images\sat_patch_0761.png,parque_urbano,0.17495971065607346,0.8166137003436398,0.05534789736821431,0.19995281091591682,16.18473395455584,0.40607262458300264,0.24805709977119825,100.0,baixa,67.990478515625,164.77978515625,71.062744140625,101.27766927083333,54.83394424480791,0.4158147380940784,0.022094170449401956,-0.9405150570051837,14.398933531746032,0.6355991296436452
data\images\sat_patch_0762.png,residencial,0.36553702505301106,0.2850826687047139,0.04026307227874646,0.3718586939687569,9.0719914027711,0.46909541125618437,0.5554560570387984,5414.861240530638,media,86.323486328125,111.929931640625,81.068115234375,93.107177734375,29.861651817362336,0.12916017007775416,-0.031395667484501025,-0.3032433292810215,14.611565806878307,0.8747133350198838
data\images\sat_patch_0763.png,industrial,0.5578377123699655,0.14537241824491348,0.05775272715415214,0.49673228813966275,4.657203005012273,0.6513467314551392,0.6821993231998138,9105.313746801505,alta,97.130126953125,100.50341796875,74.3720703125,90.66853841145833,28.77089785797209,0.017068413157746355,-0.13269833781009036,-0.16270604370266453,15.170469576719576,0.8903813838976006
data\images\sat_patch_0764.png,parque_urbano,0.21839522577096618,0.8671716840607002,0.14913249398826112,0.19740878672537224,16.120668587012307,0.364584095993021,0.3090806921131236,100.0,baixa,69.049072265625,161.777099609375,97.78759765625,109.53792317708333,50.96336281676335,0.4017223271901895,0.17225544738951581,-0.7153574000704964,15.075438161375661,0.6752809955563688
data\images\sat_patch_0765.png,periurbano,0.2782576921693963,0.7076811029603203,0.08858155456418187,0.19270564871738838,16.46201034407678,0.34072716773924216,0.43796651344111737,2324.411790974893,baixa,71.8740234375,142.974853515625,84.088623046875,99.64583333333333,41.40677738133745,0.3309341466220621,0.07831746771674103,-0.6522453317619118,14.231316137566136,0.7386491628554457
data\images\sat_patch_0766.png,residencial,0.6562338238201637,0.3040865893957103,0.09596245874122183,0.6001997848191774,4.961672667848739,0.7932089495496641,0.7916679785125047,9344.507317263995,alta,89.173583984375,116.554443359375,92.793701171875,99.50724283854167,30.483579931792075,0.13309250856791108,0.01989432971150381,-0.2569742643333649,15.5656001984127,0.8759960794269899
data\images\sat_patch_0767.png,centro,0.7345713903325639,0.11340982513791782,0.0761044533109765,0.6906469091692568,2.006568156186533,0.8057624422086598,0.7172283111450156,12133.143079207648,alta,86.568603515625,94.428466796875,88.209716796875,89.735595703125,24.520100887419947,0.04342536166057391,0.0093896844238235,-0.07844497500711287,14.499462632275133,0.9297286143660823
data\images\sat_patch_0768.png,residencial,0.6166350116332586,0.1693686986396157,0.05035754759053406,0.4381831712613691,7.1654053897192584,0.6616230102235721,0.6403497051669634,9139.037580976878,alta,99.344482421875,97.13427734375,82.977294921875,93.15201822916667,29.7267914740797,-0.01124907888014167,-0.08977088556662309,-0.06412516573773511,15.944981812169312,0.9188345941648806
data\images\sat_patch_0769.png,industrial,0.6181183906671428,0.15631236228382067,0.0430581971913751,0.6565783864769617,4.545499991557945,0.7384519069754959,0.6318120776555032,10196.075954357588,alta,94.242919921875,106.89111328125,89.71337890625,96.94913736979167,24.67696441011448,0.06288440148623284,-0.02462291870328477,-0.1538225518859714,15.636284722222223,0.9157869559305021
data\images\sat_patch_0770.png,residencial,0.6287009870951188,0.20331202921137426,0.027488966495471834,0.71495566429982,6.825753001749877,0.852313109624797,0.5911512391859811,10007.543742911315,alta,97.73779296875,104.673828125,86.776123046875,96.39591471354167,26.714831088878505,0.03426698074203205,-0.05940836387396591,-0.12881116409627283,15.800140542328041,0.9166536196626741
data\images\sat_patch_0771.png,residencial,0.3757025838072041,0.27894174963934837,0.038355940330605,0.5236251190243221,13.562652121381133,0.5882714366573335,0.3696038954156996,4751.869933717234,media,87.703125,106.048095703125,88.39697265625,94.04939778645833,27.459020448648893,0.09468312272752558,0.003940075340925282,-0.19136801624713248,15.124049272486772,0.9077377249217362
data\images\sat_patch_0772.png,residencial,0.44735070929008397,0.3390087203589076,0.051894048333049815,0.7090898337895979,8.890287023730464,0.7258499173305502,0.5630449989316255,8061.502258557975,media,95.634521484375,111.184326171875,88.639892578125,98.48624674479167,25.004087679651924,0.07518562639977297,-0.0379576779764985,-0.19339876964327016,15.039558531746032,0.9013329364834071
data\images\sat_patch_0773.png,centro,0.8183052446297293,0.04948858239391803,0.004674608810257688,0.8083897631967958,5.8779786407110866,1.0,1.0,13677.593002775706,alta,99.137451171875,97.31103515625,86.821533203125,94.42333984375,27.41505551797729,-0.009297175256811036,-0.0662292168561473,-0.04587364660097928,16.001694775132275,0.9295863892131587
data\images\sat_patch_0774.png,residencial,0.6649685649754222,0.3089324312173345,0.09048664182984029,0.40481280663899977,3.614211426350712,0.6952101976071177,0.6352036154222833,8350.409448839713,media,93.814208984375,123.376953125,100.115966796875,105.76904296875,28.608947668767886,0.13611393630107105,0.032494983076348544,-0.24971262141859313,15.86565806878307,0.8695435393992863
data\images\sat_patch_0775.png,residencial,0.6223369222806912,0.26482451020711995,0.023761869203146636,0.6906153363080824,5.636063465490705,0.7427773500230372,0.7198784514341713,10250.778529827898,alta,94.1796875,110.005859375,87.49169921875,97.22574869791667,28.307684717897523,0.0775087759134089,-0.036813657699383245,-0.1971716965432232,15.422412367724867,0.8999530703057841
data\images\sat_patch_0776.png,parque_urbano,0.1550849399754404,0.6135215923752477,0.1643016663026539,0.15995004055185394,14.198393840758959,0.37344590262462485,0.37925753487615993,411.17858873293403,baixa,79.866455078125,136.435546875,86.017578125,100.773193359375,35.83742507437316,0.2615282846416089,0.03708086240139874,-0.5308309477882593,13.484871031746032,0.7746209357931912
data\images\sat_patch_0777.png,residencial,0.666573186295013,0.3368393475098653,0.029947537049122442,0.3696438676159163,6.852562258388224,0.6529203150094502,0.42978358064417677,8337.970638063112,media,85.474853515625,103.083984375,85.016357421875,91.19173177083333,27.9091664558687,0.0933879894624792,-0.002689265262059836,-0.19561399223631606,14.794890873015873,0.9046379465545676
data\images\sat_patch_0778.png,periurbano,0.2954800464060726,0.6757800168183129,0.07774928708359684,0.4269916478537894,12.11587732863223,0.4712289401922238,0.5903528212300089,2749.981992806666,baixa,80.241455078125,148.881591796875,89.72216796875,106.28173828125,40.70795079165078,0.29957761715965475,0.05578083512746394,-0.6012300956455138,15.17104828042328,0.7460472951084913
data\images\sat_patch_0779.png,parque_urbano,0.036724494640476016,0.7727248294655407,0.035234473657106,0.037504113706457926,18.56405680032879,0.2031632430373752,0.2511608277669022,100.0,baixa,79.0537109375,169.08837890625,75.388427734375,107.843505859375,48.20358341705945,0.36283513072130513,-0.023732403675008614,-0.8518575874030596,12.654472552910054,0.6539265561776584
data\images\sat_patch_0780.png,centro,0.6621991100686959,0.021753139092297293,0.014893166471282627,0.911409150269441,7.132968123471441,0.9223665852092062,0.9180806946353224,11516.370631620974,alta,93.629150390625,94.906494140625,94.457763671875,94.33113606770833,30.28191058487373,0.0067750782426354425,0.004405480737321134,-0.009149016286695828,17.287037037037038,0.9378526932731232
data\images\sat_patch_0781.png,residencial,0.6062476441163309,0.40684592242754336,0.04561122905354612,0.4464209360431271,10.90807090679972,0.6994968457536582,0.3973446152707545,8771.645975163987,media,84.914794921875,120.079833984375,90.28125,98.42529296875,31.90331592949206,0.1715412695375581,0.030631142671553546,-0.3300148794450181,14.777488425925926,0.8495675704781639
data\images\sat_patch_0782.png,parque_urbano,0.21944502582198966,0.6202732352296425,0.05101860218353385,0.04348293057161419,16.126940938174574,0.4698934329495032,0.2034782630818164,1160.0872911072224,baixa,85.319580078125,142.943603515625,84.134521484375,104.132568359375,35.199890790992534,0.25244554236836747,-0.006993389807797148,-0.5590619063038974,13.04943783068783,0.7725058430878209
data\images\sat_patch_0783.png,residencial,0.6519510465558052,0.20664658566876296,0.09724856828511014,0.43018324604691277,12.004480105549412,0.8115233637270518,0.6776176601255834,9755.795496769348,alta,96.029052734375,108.703369140625,97.302978515625,100.678466796875,24.532150033771938,0.06190673772267299,0.006589315626717621,-0.11956234316071537,14.892774470899472,0.9221924240969912
data\images\sat_patch_0784.png,centro,0.6800743187924271,0.05525529778773121,0.05714862823589678,0.7581519154342864,6.344317893616703,0.8278194103809949,0.7610947201167214,13199.611074033806,alta,98.017333984375,97.3798828125,89.802001953125,95.06640625,25.68790521479991,-0.0032623349455142285,-0.043740608210025726,-0.03650306079858719,15.12243716931217,0.9370255235452136
data\images\sat_patch_0785.png,parque_urbano,0.16642331132880578,0.9391281647551777,0.09954061694228701,0.04632883880294175,15.4481706678832,0.19497970215648835,0.27964223651810427,100.0,baixa,70.23681640625,170.21923828125,85.15283203125,108.53629557291667,51.26858292747912,0.4158033017265264,0.09599105010529958,-0.8524743978189859,13.21135085978836,0.6438905854894764
data\images\sat_patch_0786.png,centro,0.7958550099469941,0.10509985078385813,0.024337091656177624,0.8676454426315816,1.1762485558047944,0.9989863222332109,0.9196865491508649,14488.052057222547,alta,96.480712890625,91.842529296875,81.32861328125,89.88395182291667,31.349441411786145,-0.024628843021421907,-0.08521543751598923,-0.03268510249794518,16.494171626984127,0.9216447671699504
data\images\sat_patch_0787.png,centro,0.8361836003250305,0.0644050135790191,0.030331243424295922,0.7245784559148168,3.745956117497645,1.0,0.8400869777064142,12689.363735446273,alta,98.58544921875,97.28369140625,87.19580078125,94.35498046875,27.60950848745572,-0.0066460586986809385,-0.06130677006529577,-0.046558923947274226,15.740616732804233,0.9309674872313326
data\images\sat_patch_0788.png,residencial,0.5536105735484871,0.18425435912422738,0.04128068938519458,0.4217609391748971,8.926720277402007,0.6054460998302473,0.5390837301983139,8434.85529599989,media,97.23779296875,115.92333984375,97.758056640625,103.63972981770833,28.676846021022953,0.08765925823717992,0.002668075603912296,-0.1777833162406695,15.432911706349206,0.9024920666094047
data\images\sat_patch_0789.png,centro,0.9367153498349146,0.12446413504223504,0.054656718819304756,0.7122374027006539,0.2,1.0,0.7185935910107788,14964.32475434997,alta,97.093994140625,101.413818359375,87.200927734375,95.23624674479167,29.431175751154875,0.02176148204236807,-0.05368062370855478,-0.09729864039484655,16.55869708994709,0.9245224389364058
data\images\sat_patch_0790.png,centro,0.7599677820843993,0.07572656272135403,0.049626383357262376,0.6259260123395421,4.0239787012165,0.8153874816701863,0.6299490915634829,12738.505453657204,alta,96.01611328125,103.5576171875,91.046142578125,96.873291015625,29.66746543572864,0.037788058832937524,-0.026568538125043582,-0.10350106875892373,16.633391203703702,0.9283866970842999
data\images\sat_patch_0791.png,centro,0.8164160369272433,0.050263505275962794,0.07173971025246892,0.8391360900659552,6.601950424474884,1.0,0.8775083866890239,13996.743904266314,alta,99.609130859375,93.569091796875,93.068115234375,95.41544596354167,27.80209916179745,-0.031266666336304635,-0.03394804380725541,0.029026026059053526,16.48425099206349,0.9353661633330886
data\images\sat_patch_0792.png,residencial,0.5211635301276661,0.4252212161005795,0.09494640980638669,0.7112037315918582,7.48022021785972,0.6215732391916401,0.4655679788600915,7595.623698649811,media,83.199951171875,116.86865234375,90.268798828125,96.77913411458333,30.790986417501184,0.16828578003724484,0.04074997724662236,-0.3113716330288755,15.336681547619047,0.857839415675454
data\images\sat_patch_0793.png,periurbano,0.23641056250458195,0.5375520341807568,0.006414464954819738,0.39753864921931226,13.715524435145987,0.4644340933003734,0.29972028404473683,3338.739123992389,baixa,72.431396484375,142.94970703125,79.57861328125,98.31990559895833,41.98256692225612,0.32741177878841826,0.0470180665133618,-0.6808865515047872,14.618220899470899,0.737778131158543
data\images\sat_patch_0794.png,parque_urbano,0.12875085712728687,0.6389461008180475,0.10378130833099515,0.12274541345029483,19.017939624346266,0.26798160978403973,0.2609025862687144,100.0,baixa,82.234130859375,144.214599609375,93.250244140625,106.56632486979167,37.272532711926715,0.2737064073973553,0.06277546487243969,-0.5299273635311023,13.606233465608465,0.775768398329969
data\images\sat_patch_0795.png,periurbano,0.3361026706285834,0.5739323828072646,0.06650236807907563,0.13118630651330307,13.563549743747657,0.5609499667834618,0.3539134815234277,2897.0939865940286,baixa,90.03564453125,136.692626953125,92.069580078125,106.26595052083333,31.963185908062812,0.205783698303838,0.011169012531457474,-0.4294885990786035,13.820560515873016,0.814189559313006
data\images\sat_patch_0796.png,periurbano,0.1187085807362869,0.37661748469731227,0.05255578940169096,0.19012002646113235,17.415138055622336,0.29627027731350664,0.2893953977520407,651.6144795304334,baixa,78.796630859375,132.649658203125,70.517578125,93.98795572916667,34.97198494849304,0.2546889204243401,-0.05544718573832566,-0.6170211134395376,13.115823412698411,0.7724860290404038
data\images\sat_patch_0797.png,residencial,0.45350572361213193,0.3314814019935809,0.050341123218279604,0.3890459253943554,8.882075823344271,0.7302562501116603,0.47091603656995107,6691.0030804960215,media,90.705810546875,113.312744140625,77.0615234375,93.693359375,29.98101962798046,0.11080822289702692,-0.08132862759395779,-0.31409992160223554,14.581555886243386,0.8656023241571258
data\images\sat_patch_0798.png,parque_urbano,0.2277456586808428,0.8735833926866539,0.17729365832647714,0.2105407117871708,14.949171968603244,0.40968874563366975,0.13812115159497543,100.0,baixa,71.123046875,159.281005859375,96.434814453125,108.9462890625,50.250499251559944,0.3826232983123175,0.15106284615017052,-0.6930210762752792,15.561425264550266,0.6864281936830404
data\images\sat_patch_0799.png,industrial,0.45838552095150165,0.056256839304287085,0.03171502902538026,0.5235909395927378,9.17678571922744,0.6577038972868434,0.6306488227802085,7224.485943724803,media,94.483642578125,104.872802734375,95.016845703125,98.12443033854167,27.317857898997293,0.052113489924296375,0.0028137295424532577,-0.10316043064571652,15.070808531746032,0.9273287272953907
data\images\sat_patch_0800.png,centro,0.7790093634424992,0.1024186546728956,0.04667974907562059,0.7839663154389821,3.366576159578912,0.8713676565819541,0.8269376879917654,12738.206322397866,alta,95.40087890625,101.8525390625,92.05859375,96.43733723958333,27.396309232748372,0.03270746935581435,-0.017829374483248832,-0.0842288151316991,16.940848214285715,0.9318979928434263
data\images\sat_patch_0801.png,residencial,0.3717574825618529,0.3304717368344611,0.03279227874248415,0.35912608474880114,7.050962656095112,0.6568232050981319,0.44323927170423466,5850.509706920095,media,85.957275390625,117.671142578125,97.9306640625,100.51969401041667,30.572730205168742,0.1557438168410422,0.06511241923951584,-0.2559416127247147,14.679522156084655,0.8703888496668043
data\images\sat_patch_0802.png,residencial,0.6704396833218826,0.4480679634440041,0.06627051068777107,0.5800465143766173,1.9899071664635368,0.9219208731672015,0.582849918733127,10687.759446948547,alta,90.139892578125,120.391357421875,89.988525390625,100.17325846354167,34.781928682650985,0.14369108956536814,-0.0008403292959911023,-0.30274694663936386,17.596230158730158,0.8606039004285004
data\images\sat_patch_0803.png,periurbano,0.2927738741781564,0.5761305175379307,0.08514176528292218,0.24605419239917412,13.662653330902197,0.5871899713832924,0.2556085011247884,2289.045643258038,baixa,77.885986328125,134.562744140625,82.54345703125,98.33072916666667,40.49272125937141,0.26677851837791194,0.029031271171717624,-0.5527063855706122,14.595114087301587,0.7808233289516429
data\images\sat_patch_0804.png,residencial,0.6641129991818987,0.27848941514011344,0.04329236164564522,0.5140384988916243,2.0427083508643786,0.7974475132965443,0.533634806442336,9492.878442688263,alta,90.0224609375,109.9150390625,87.21484375,95.71744791666667,28.10775075671218,0.09949398199690412,-0.015841005800721855,-0.2224922097254286,14.505993716931219,0.8942397479135284
data\images\sat_patch_0805.png,parque_urbano,0.1908917943225902,0.8426892860354889,0.10094127494751527,0.07794099299122015,11.254559940217385,0.4254953645557409,0.1380653892858058,100.0,baixa,66.181884765625,162.584228515625,85.276123046875,104.68074544270833,50.36589312679703,0.42140132533562585,0.12606951874620267,-0.8297153732745953,13.66848544973545,0.6615423976519984
data\images\sat_patch_0806.png,centro,0.9457519494919233,0.031616220568507616,0.03345148322660557,0.744748479042894,0.2,1.0,0.7665806609680232,16055.941827247596,alta,102.89501953125,100.972412109375,94.46435546875,99.44392903645833,36.491648506672696,-0.00943067461522483,-0.042717322244168424,-0.023055450529101542,17.959986772486772,0.9376022440582081
data\images\sat_patch_0807.png,residencial,0.3734531381479774,0.3331115938805887,0.07227746527334533,0.49608672602434134,11.21566592205756,0.4955006984965953,0.5863691346003675,5892.600710151559,media,93.508056640625,115.79541015625,87.209228515625,98.83756510416667,28.030372901707576,0.10648344124548595,-0.0348545966961565,-0.2573593076069552,14.898768187830688,0.8834908372957337
data\images\sat_patch_0808.png,parque_urbano,0.10442537225710799,0.7747595332420426,0.1978276477309454,0.24663990725314155,16.008507075515404,0.20128330489472468,0.14520459506862637,100.0,baixa,70.9794921875,154.55517578125,82.74609375,102.76025390625,44.21364600623543,0.37056690209047294,0.07654289566826589,-0.7560547887252727,13.923900462962962,0.6948360059492447
data\images\sat_patch_0809.png,centro,0.7053245778183318,0.024246412814782875,0.06345379693173651,0.7115010667207387,7.068533277310165,0.9836793139531953,0.7673760113357782,12191.155319282496,alta,109.16650390625,99.6494140625,91.3466796875,100.05419921875,30.67820620378882,-0.04557645744036529,-0.08887108473616774,0.006068488209865435,16.298983134920633,0.9137864710400337
data\images\sat_patch_0810.png,parque_urbano,0.1374548387365963,0.7286579154738904,0.09271746442649784,0.06749931206818431,15.354920827809353,0.39292874882515166,0.17138993163727476,506.04678368338284,baixa,71.755615234375,166.637451171875,82.5615234375,106.98486328125,49.28412092720378,0.39800585214086837,0.0700240312003037,-0.8363695410287998,13.243964947089946,0.6584657935151338
data\images\sat_patch_0811.png,centro,0.8512018297094175,0.12806975928505382,0.04957662588910915,0.706169901649444,4.677757398029938,1.0,0.9482153493964823,13807.625607006155,alta,91.44091796875,107.211669921875,87.7314453125,95.46134440104167,30.184294007032907,0.07938860520870497,-0.02070337504966545,-0.1846348195408701,16.640376984126984,0.9027049854830268
data\images\sat_patch_0812.png,industrial,0.5943682678136402,0.0836985856031248,0.07263493793099042,0.6686321095512562,8.722054473141808,0.6602452396502366,0.8716484477498156,10140.594068677796,alta,100.677734375,92.640625,86.484130859375,93.26749674479167,24.765087300616383,-0.04157447517871335,-0.07583597984565373,0.010081836008514655,14.763434193121693,0.9253463333342854
data\images\sat_patch_0813.png,periurbano,0.13320301085726938,0.4481510401097087,0.0801430499295643,0.2750095701968932,14.315096282026962,0.24896686892871173,0.3218050311025953,100.0,baixa,77.98486328125,122.62158203125,87.811279296875,96.13924153645833,26.50584453921876,0.22250889525487116,0.05926806138886266,-0.41318726561761066,13.14041832010582,0.8342490087096687
data\images\sat_patch_0814.png,residencial,0.4111010024851057,0.18876166735212144,0.07931690048340807,0.7386268795159143,13.305174308112008,0.5076525045130449,0.6510689577769967,6833.792312972241,media,95.65576171875,116.3037109375,90.932373046875,100.96394856770833,30.44696741291632,0.09741460885223877,-0.025314517734439934,-0.22789959835373516,16.129877645502646,0.8896247748204416
data\images\sat_patch_0815.png,residencial,0.38191248564428976,0.2605487040408767,0.017956450062145024,0.6224991069790397,13.03965928693663,0.7382539419791982,0.6082057059306645,7733.706480062882,media,91.27685546875,112.18505859375,89.496337890625,97.65275065104167,26.02316940005623,0.1027622448091937,-0.009849455747213007,-0.2232242465830196,15.020089285714285,0.8939400323045223
data\images\sat_patch_0816.png,residencial,0.4092024717247771,0.3654754618244153,0.03803077129858887,0.7423019178271608,14.264415648005473,0.6278263192978721,0.7157364725354327,7027.639350662115,media,92.691162109375,114.830322265625,91.556884765625,99.69278971354167,28.26588164553282,0.10668370128636855,-0.006156251622918314,-0.22776269643578864,15.612723214285715,0.8919712561126782
data\images\sat_patch_0817.png,residencial,0.4397363696514578,0.3502417973623964,0.09408806325492775,0.5238938192456364,9.63277838478869,0.5782660239161973,0.592441823602762,6796.80265469497,media,97.207763671875,119.087890625,92.941650390625,103.0791015625,26.13482158333609,0.10115842097287435,-0.022435584563054143,-0.23295879568984484,15.32638888888889,0.888185483245622
data\images\sat_patch_0818.png,industrial,0.7444499383417007,0.10074768302196684,0.011378006091293325,0.6634153170860453,7.7037016466605195,0.880539425430046,0.7647788655171085,12066.514890371802,alta,101.711181640625,100.2607421875,83.5595703125,95.17716471354167,31.71511590483289,-0.007181391445168934,-0.097973430985718,-0.08011760125204667,15.932208994708995,0.9125974859281508
data\images\sat_patch_0819.png,industrial,0.5401950324888172,0.1999484945437432,0.018920561488934975,0.34960351621226227,7.366716383465877,0.7221613384650319,0.5534263872267247,9380.50128033911,alta,95.81201171875,115.6953125,94.536376953125,102.01456705729167,27.86853027804182,0.09400762248156574,-0.00670157897224114,-0.20115870267212996,14.606357473544973,0.8985682934862115
data\images\sat_patch_0820.png,residencial,0.5308480382818889,0.4385643729018782,0.0851435083393393,0.6736092356481395,7.792415119557995,0.5698894921180742,0.4504860418073069,6245.875118082649,media,88.507080078125,117.3369140625,92.4384765625,99.427490234375,28.623560555884534,0.14005671608093073,0.021726957741527567,-0.270188208599794,15.991195436507937,0.8725634313190287
data\images\sat_patch_0821.png,periurbano,0.27492862367799653,0.6926621300294723,0.019014177426304058,0.1374052395679526,13.270277941573562,0.37634905136988644,0.4219409290035703,1798.218585921607,baixa,79.8779296875,151.724365234375,87.567138671875,106.38981119791667,40.78436969664844,0.31021469481075664,0.045920784731333104,-0.6391761546508221,13.895626653439153,0.7323462305904065
data\images\sat_patch_0822.png,industrial,0.45953060972758164,0.28264354954543297,0.07856157516151635,0.30104819451102416,8.246948731961114,0.5639276720799314,0.40181188903898946,5954.1413504702205,media,87.594970703125,105.296875,80.914794921875,91.26888020833333,27.572574718561377,0.0917711380726193,-0.039642662351530036,-0.23054946997179535,14.683614417989418,0.8946441329332144
data\images\sat_patch_0823.png,residencial,0.5419471934039822,0.22996151941997553,0.07290338326221192,0.5608150815951178,7.348340137028586,0.5883078518091223,0.6935563897560487,8933.39578561818,media,90.201416015625,107.161865234375,86.97021484375,94.77783203125,25.511485556507907,0.0859351801682453,-0.018237689284476846,-0.19599572189588502,15.507192460317462,0.9037952565567773
data\images\sat_patch_0824.png,periurbano,0.3201755135862523,0.6144170077289461,0.030239269654221572,0.3672955066661374,14.550358957745761,0.5300966737465073,0.31685770527849655,2812.852265218845,baixa,76.818359375,132.884033203125,87.5986328125,99.100341796875,38.85799307974175,0.267358292251622,0.0655666621102008,-0.5113558205670807,15.364376653439153,0.7893699678659287
data\images\sat_patch_0825.png,centro,0.6984278848655752,0.1490358218564323,0.003968876905401233,0.7257497635286185,8.751056404996618,0.8744275471992166,0.648831079962564,11881.203253252408,alta,96.0771484375,104.1298828125,83.221923828125,94.476318359375,30.103436466565807,0.04022203558236901,-0.07169710570857472,-0.15326958943654698,15.656828703703702,0.9082013769057059
data\images\sat_patch_0826.png,residencial,0.6231211894219535,0.411833140635241,0.020737392805965673,0.405281641911174,11.226527533803292,0.6702328867779136,0.2292881361091204,8367.0649278986,media,89.83544921875,126.614990234375,87.61376953125,101.354736328125,35.49646575023068,0.16992130364174546,-0.012520087102270845,-0.3738392684765093,15.652116402116402,0.8368293948078942
data\images\sat_patch_0827.png,residencial,0.3711040537278839,0.2254889559354828,0.07503995828743634,0.38033476780299247,12.59806321918945,0.5707075617393568,0.3571685260703464,4682.11359523492,media,95.029296875,115.1630859375,90.899658203125,100.364013671875,25.322713292611695,0.0957874338608774,-0.022210842027961357,-0.2211809528645551,14.037285052910054,0.896614995860485
data\images\sat_patch_0828.png,residencial,0.47253191088086677,0.20064395441465716,0.0355829832717434,0.46335579036733443,8.339649249374201,0.6912019185941933,0.6207089007529708,8155.719915630872,media,82.2080078125,108.76220703125,86.362548828125,92.44425455729167,26.32981698070239,0.13904890404730125,0.024645709629092242,-0.2647750102305502,14.409680886243386,0.8864342979595444
data\images\sat_patch_0829.png,residencial,0.6422208140094025,0.2802529130597752,0.03187702996588028,0.3599327346564592,5.650713540589249,0.7790369847548226,0.5871189610054377,8569.501594561792,media,96.151611328125,116.706298828125,92.918212890625,101.92537434895833,28.550232379138905,0.09656529742468285,-0.01710161012609507,-0.21752568134130096,14.580150462962962,0.891632987821098
data\images\sat_patch_0830.png,residencial,0.47446975652496204,0.39654101586790885,0.0656991162156058,0.5761179937159092,9.448187882019008,0.6498994823138536,0.5417745272634007,5367.174385568049,media,92.5048828125,118.035400390625,89.682861328125,100.07438151041667,27.763158501782083,0.12126191277244441,-0.015489633960817564,-0.26921503430219196,14.582713293650794,0.876323313026399
data\images\sat_patch_0831.png,industrial,0.49277269332895157,0.14497343804030016,0.0722769797059238,0.455104350131012,10.739782337301325,0.5795977735418224,0.592618472551608,8523.615529418143,media,89.447509765625,106.593505859375,86.218505859375,94.08650716145833,27.469154461860636,0.08746126901875834,-0.018381494430667604,-0.1993962621578092,14.647652116402117,0.9064230162437293
data\images\sat_patch_0832.png,industrial,0.6454565365006157,0.19385570236461613,0.02989564841080371,0.5356859741441896,8.49786780401541,0.7210299354801746,0.6345222242569827,10239.25321865543,alta,95.095703125,111.805419921875,87.475830078125,98.12565104166667,27.444851774040636,0.08076184638363439,-0.041736369692754516,-0.2091160964881979,15.713665674603176,0.8969353830132369
data\images\sat_patch_0833.png,periurbano,0.34138096271734647,0.6794098052431465,0.001925191342184025,0.38764406943952745,10.642619625442205,0.5642155487119468,0.5260535363488936,3514.960646860735,media,79.982666015625,153.341796875,97.820556640625,110.38167317708333,44.63963414123125,0.31440822636482474,0.1003237751160592,-0.583794239644298,15.507895171957673,0.7365679913362633
data\images\sat_patch_0834.png,centro,0.7889566060793746,0.04868336075137891,0.03659923419958156,0.9372383161119751,3.9601813395383947,0.8352227520200479,0.948708072187095,13275.249014822564,alta,91.68896484375,95.87841796875,86.171630859375,91.246337890625,29.037917099761145,0.022335722980430052,-0.031020552537469704,-0.07614683725027105,16.47995205026455,0.9338696142087618
data\images\sat_patch_0835.png,industrial,0.6135232254900633,0.16249976498389818,0.08311324859680937,0.3791898787546676,4.172154451565486,0.6933121049617531,0.86943318550822,9723.629301610825,alta,98.346435546875,103.484375,98.2744140625,100.03507486979167,23.135941743366907,0.025456665480095536,-0.00036629627097934026,-0.05172136023615408,14.28133267195767,0.936735088356448
data\images\sat_patch_0836.png,centro,0.7147805511601564,0.17209713712446373,0.013971617080347522,0.8748312390377624,6.669004213985282,0.8011368344302784,0.7491566567286466,11774.246203765799,alta,98.29443359375,105.088623046875,86.1220703125,96.501708984375,28.940404883826158,0.03340587722469114,-0.06600473904132358,-0.13347298297445212,16.809358465608465,0.9123080821487569
data\images\sat_patch_0837.png,residencial,0.6686398559525245,0.3736002753216968,0.05238588560284144,0.39639429965155104,2.592486565460053,0.7870670376922683,0.4828240625199566,9880.025939677831,alta,92.52001953125,119.124755859375,89.634765625,100.426513671875,28.834188953812486,0.12570466789608647,-0.01583957230624216,-0.2792824521779886,15.083622685185185,0.8706115179567303
data\images\sat_patch_0838.png,residencial,0.5675296516730939,0.44817492016754235,0.07228831721697297,0.6566176116992107,12.189471018165335,0.7041577118741269,0.4732528314193558,7822.853883679334,media,81.811767578125,121.54052734375,90.989990234375,98.11409505208333,34.79039501333196,0.19536912325242797,0.053114173833201016,-0.35815086569055593,16.57696759259259,0.8387666183087371
data\images\sat_patch_0839.png,centro,0.771065224527098,0.02862975814585955,0.006522597714666496,0.7476697985553067,9.215920417054612,0.9317730194176459,0.8483289792217868,12012.458692061684,alta,94.173095703125,92.0283203125,85.133544921875,90.44498697916667,28.97613850177054,-0.011518577167675487,-0.05041392052925301,-0.026259055952852398,15.707465277777779,0.9362431420572944
data\images\sat_patch_0840.png,centro,0.935045649492021,0.05564863717141781,0.0024971286385565873,0.8352641375428826,0.8346454947064346,1.0,0.8764310846943785,15322.77175481189,alta,93.13720703125,101.853759765625,86.376220703125,93.7890625,31.940345154682664,0.04470234099999525,-0.037662844366530335,-0.1289814126189404,17.18051421957672,0.9191752421345413
data\images\sat_patch_0841.png,periurbano,0.3842987811352132,0.6207400402321166,0.050330995221665224,0.3301936253835559,10.961191588644745,0.5594124031707559,0.42832722061850986,5068.541618969361,media,81.5732421875,148.30322265625,90.478271484375,106.784912109375,43.18613808858808,0.29028626407588515,0.0517579244440717,-0.5832047244026363,15.752232142857142,0.7477437057255385
data\images\sat_patch_0842.png,centro,0.8236992229749122,0.06962378406099791,0.07125442282838756,0.7750068874638179,0.2337956698544721,0.9443625321738535,0.8449283162151068,14036.563573523114,alta,96.92041015625,103.76953125,92.758544921875,97.816162109375,28.801606352767237,0.034127874130760134,-0.021941628741676596,-0.09129425472303786,15.851934523809526,0.9301693768637794
data\images\sat_patch_0843.png,periurbano,0.33443087296582186,0.6673029154760157,0.0949754774668087,0.3812546140992743,13.970112862117817,0.5806592545646613,0.41423776741318613,3903.350104162477,media,69.62939453125,146.55322265625,84.380859375,100.18782552083333,44.48517032816449,0.35582799750478666,0.09578235457586637,-0.6941771083202707,15.622395833333332,0.7202553913314076
data\images\sat_patch_0844.png,residencial,0.48414296690260195,0.2799239410129254,0.07463037509587092,0.4535480545052258,7.685598607308527,0.7169205476269364,0.5701674538037873,6967.957033299925,media,93.02685546875,123.633544921875,97.302734375,104.65437825520833,28.488586131118407,0.14126572856266004,0.022465654905759025,-0.27202636146335174,14.95353835978836,0.8691562528999939
data\images\sat_patch_0845.png,centro,0.9089981734052119,0.13547468598593318,0.014756879162166933,0.9156299490161751,3.6276435593283054,1.0,1.0,14142.770329194054,alta,98.29736328125,97.33740234375,93.288818359375,96.307861328125,27.420621648404268,-0.004906903583963115,-0.026142516400934648,-0.016035155241801182,17.24565972222222,0.9397647017466391
data\images\sat_patch_0846.png,parque_urbano,0.08070003792387939,0.6381909217240495,0.17372644788731811,0.13825640957336202,16.546592135936287,0.3396061585201441,0.10551331562018426,100.0,baixa,80.48583984375,151.650390625,96.687744140625,109.60799153645833,37.96873788497655,0.30656373772842144,0.09144650032511252,-0.575355840148573,13.529761904761905,0.7388484902132932
data\images\sat_patch_0847.png,centro,0.9399099745867656,0.1700347667381593,0.039547709339324714,0.9200450346370743,2.6901203465677552,1.0,0.9360547939393934,14775.812789757305,alta,100.3251953125,108.28466796875,91.427734375,100.01253255208333,27.94366319914448,0.03815482399968851,-0.046400651638541075,-0.12406648131294669,17.351686507936506,0.9169039979853246
data\images\sat_patch_0848.png,industrial,0.5596366664328614,0.2820276902674516,0.07912653704702453,0.3747729439749664,7.8982534748900255,0.5899047519863129,0.5594116025387577,6781.4246575844745,media,93.811279296875,118.827392578125,88.041748046875,100.226806640625,31.953206359274706,0.11764611273677279,-0.03172634133479521,-0.27837740783176373,15.028769841269842,0.8735438835920679
data\images\sat_patch_0849.png,centro,0.6720057716971416,0.18996338743284544,0.07617758617310606,0.7349375192702158,4.089554571834764,0.9740646946306573,0.7219402692265472,11998.185508332583,alta,90.80322265625,102.89306640625,91.81005859375,95.16878255208333,28.25082379333735,0.06241649618636975,0.005513486889314153,-0.12174607417262047,16.382151124338623,0.921759952146905
data\images\sat_patch_0850.png,residencial,0.4852909055576391,0.28543887212707153,0.05839349374385305,0.7367797330597984,7.125301268598765,0.5528126003379576,0.6008365615484733,8131.003874103791,media,93.781494140625,120.673583984375,88.560546875,101.00520833333333,34.8154753397635,0.12539730909369293,-0.028632712499608914,-0.29208952361258245,16.526289682539684,0.8667378654899732
data\images\sat_patch_0851.png,residencial,0.5823037210485583,0.2543714104594612,0.0649269823540226,0.5875177546425779,8.260160964358024,0.6376422201337655,0.6580939508697567,8354.91575411316,media,98.345458984375,113.6435546875,99.726318359375,103.90511067708333,27.88886309655666,0.07216456818200698,0.006971509957382942,-0.1405865965576627,15.667204034391535,0.911109000837737
data\images\sat_patch_0852.png,residencial,0.5547371137229491,0.25357327273787145,0.08616706114368256,0.4663275828960308,7.516868321391228,0.7448234414194739,0.5579704119314174,7752.161662940439,media,88.186279296875,119.40673828125,90.546875,99.37996419270833,32.62795692616688,0.15039262494574487,0.013207374419167282,-0.3022758266674921,15.953414351851851,0.8644177897574411
data\images\sat_patch_0853.png,periurbano,0.14840559533736974,0.7118328295498781,0.02107845675533883,0.2680139053670453,15.003984359970856,0.47625009676986774,0.13292448474362148,1972.0609757162463,baixa,75.915283203125,155.73974609375,91.777099609375,107.81070963541667,45.45677257641732,0.3445833349197159,0.09458877049529807,-0.6668498358258887,14.451099537037038,0.7142775816480134
data\images\sat_patch_0854.png,periurbano,0.175425449490068,0.3873683875789746,0.0785034535278549,0.33553967332793866,15.218875739250947,0.21847322782948528,0.4491049271566296,2042.3429318727608,baixa,93.474609375,120.68701171875,91.711181640625,101.95760091145833,27.46280467228962,0.1270647937651391,-0.009522478561563791,-0.27554704783400946,13.737681878306878,0.8777476953072175
data\images\sat_patch_0855.png,residencial,0.6262692031506257,0.40043531340543337,0.05916101696218504,0.5195747917107113,11.831418190098077,0.7945533119516359,0.5297910929230384,9636.82664235442,alta,96.629638671875,119.06884765625,84.4814453125,100.05997721354167,31.577318093344005,0.10403044204125554,-0.06707592393045993,-0.28496214143891985,16.295800264550266,0.8650729839816952
data\images\sat_patch_0856.png,residencial,0.6791215983407863,0.40306812992672636,0.021534592677946707,0.6274332272023344,0.9010389782629593,0.8295269982844439,0.8127528770708675,10817.100611913094,alta,85.4990234375,123.887939453125,89.488037109375,99.625,32.25769298183639,0.18333957044086932,0.022796049242797503,-0.3653140157026197,16.155381944444443,0.8387783780540043
data\images\sat_patch_0857.png,industrial,0.6899835926996939,0.1980255244549206,0.040727057150310754,0.5689257699749657,4.835236410531793,0.9710951440122992,0.6976294549490603,11711.351208353013,alta,99.676513671875,110.722412109375,88.445068359375,99.61466471354167,31.11930016708096,0.052499785082004376,-0.05970311928873295,-0.16726072385428897,15.880332341269842,0.9039843623203785
data\images\sat_patch_0858.png,periurbano,0.23439845872026718,0.6617906093420386,0.11562368487291368,0.2796504853047068,10.050142465609268,0.393081114638556,0.487474481188116,1552.5149377638252,baixa,74.528564453125,136.951416015625,93.763427734375,101.747802734375,35.268364565391124,0.29517144426137615,0.11429458358021682,-0.5189833881793652,13.791046626984127,0.7782890154099817
data\images\sat_patch_0859.png,periurbano,0.1547692618310326,0.6138559456685231,0.08800086443951932,0.22492480145459715,15.839193998993494,0.3146897703979448,0.23975051177683346,254.5431855078247,baixa,89.401611328125,139.818115234375,90.871337890625,106.697021484375,34.37776623692913,0.21994836326861625,0.008152784767301908,-0.46563286836120954,13.835400132275133,0.8012318966166354
data\images\sat_patch_0860.png,residencial,0.5179604881744777,0.21604095742377366,0.04205866867352181,0.6884297710910069,10.939755970806633,0.7107063579969234,0.6353262049157199,9962.28077877393,alta,86.280029296875,103.304443359375,88.71044921875,92.76497395833333,27.089582479351204,0.08979856701434452,0.013888869432225235,-0.1704221243919208,15.80787037037037,0.9103420760469007
data\images\sat_patch_0861.png,residencial,0.6886338853611185,0.2674571619397467,0.01007333056262687,0.4331738530164986,3.739292862721401,0.8493455114626928,0.5514499752623174,9829.624742753278,alta,92.90673828125,116.55517578125,94.14990234375,101.20393880208333,32.67222113608141,0.1129008941455715,0.00664592313697271,-0.22752923961045224,16.120742394179892,0.8853120431697256
data\images\sat_patch_0862.png,periurbano,0.3215239494633609,0.3848132416832709,0.08414423016469855,0.2716196404606337,6.069397195082636,0.5735539104759091,0.43707743470241467,5241.1692977341245,media,86.161865234375,113.72412109375,88.008056640625,95.96468098958333,27.985662762847635,0.13788988526809476,0.010599943869614003,-0.2775933771045227,13.60094246031746,0.878608426423126
data\images\sat_patch_0863.png,residencial,0.6136324435059839,0.15390205529704715,0.08344619359700921,0.6601441909662678,10.494311179413366,0.8154468941972517,0.8217688096166182,9807.0882767602,alta,94.43603515625,99.6103515625,94.548095703125,96.19816080729167,23.99813577563707,0.02666535804701313,0.0005929627306401862,-0.053205654210583285,15.534474206349206,0.9370845964827383
data\images\sat_patch_0864.png,centro,0.7178289721456681,0.11077608598501111,0.011213522733821462,0.8835729584084433,6.737674379265471,0.9265303664218115,0.6100044518773236,10743.375572902823,alta,101.189697265625,108.11865234375,90.40966796875,99.906005859375,26.217893989253533,0.03310405465406524,-0.05626338702857852,-0.12330559606793563,16.276992394179892,0.916972669939591
data\images\sat_patch_0865.png,residencial,0.680438979934979,0.35430017745098563,0.01026219904761393,0.6448537530343936,0.27837450971819244,0.9934877527160575,0.8154532230799638,11676.719827679612,alta,92.77294921875,112.176513671875,80.993408203125,95.31429036458333,28.082192843509628,0.0946748729407756,-0.06778953718432822,-0.265367707180331,15.295056216931219,0.8755562603752225
data\images\sat_patch_0866.png,residencial,0.3744372891327843,0.43199488832809485,0.035653308338486046,0.6463923085118116,12.293824988432426,0.653255272852171,0.7511208654032178,5773.659661364351,media,82.847412109375,126.00146484375,76.033203125,94.960693359375,34.170578268163844,0.20662812822992851,-0.04288886300845487,-0.49032031137381576,15.358630952380953,0.8085086369003336
data\images\sat_patch_0867.png,periurbano,0.38805731565317725,0.571871039907528,0.009563084680290332,0.3428531467528976,12.41128988116048,0.5567401557100699,0.3935570255117887,3940.5611452836065,media,85.19140625,135.501708984375,88.654052734375,103.11572265625,36.95620190940776,0.22796498410465013,0.019917957504821917,-0.47111126964624717,15.911871693121693,0.8003035621120125
data\images\sat_patch_0868.png,periurbano,0.32597583456371626,0.38801682037570423,0.062478148922565646,0.24394378278495102,9.697963865679647,0.48414243172312477,0.42293342461642625,3896.8337356897932,media,87.224609375,110.281005859375,79.908447265625,92.47135416666667,25.215406500573202,0.1167379283889049,-0.04377447653178495,-0.28889462570234203,13.58573082010582,0.8804206349619996
data\images\sat_patch_0869.png,periurbano,0.3530670633186124,0.6105247208718845,0.01775394204827304,0.3573050976012122,12.429300449448862,0.5007392738269784,0.4119017684394172,3664.478994712094,media,91.340576171875,133.153076171875,85.65869140625,103.38411458333333,36.18112955221783,0.18625248142750703,-0.03210117652614534,-0.43191782539184514,15.297619047619047,0.8141277702754546
data\images\sat_patch_0870.png,residencial,0.6096342410777937,0.20168088375742543,0.027766399340417903,0.38991821669159954,6.31459952904639,0.7605400257633346,0.4770173419543259,8392.693556916149,media,95.959716796875,112.423583984375,88.51611328125,98.96647135416667,30.80344772026191,0.07900761263866965,-0.04035002022824689,-0.2039647212348339,15.674809854497354,0.8987733809568805
data\images\sat_patch_0871.png,periurbano,0.39156293541004294,0.7209661295238841,0.04590888053696856,0.25979294061237423,9.92538278659997,0.43504934246571403,0.35191892815387615,3210.32403973281,baixa,69.7119140625,145.99609375,87.757080078125,101.155029296875,47.342900560646214,0.3536455605308959,0.11459504138900532,-0.6649357573447875,15.910590277777779,0.72370056458196
data\images\sat_patch_0872.png,periurbano,0.321534502961471,0.5931417434194388,0.0981815614399912,0.3957987540762933,11.418728663181168,0.44031581408015286,0.49178867786882374,4006.1011211442747,media,84.01123046875,141.7939453125,94.379150390625,106.72810872395833,38.385434981953814,0.25589632473186086,0.05811927646440055,-0.4928294431415863,15.165137235449736,0.7844029914782227
data\images\sat_patch_0873.png,periurbano,0.18408269915895475,0.6727153242901543,0.00020846341246367304,0.3711513015432514,14.647292552509564,0.27741529616011407,0.46928711871944956,1454.3133678279669,baixa,71.2216796875,143.674072265625,87.43212890625,100.77596028645833,39.70873183168551,0.33715134702512695,0.10217497619665475,-0.6385170346908573,14.55282738095238,0.7422851923947538
data\images\sat_patch_0874.png,periurbano,0.20994131789893622,0.5741701429789696,0.04490048646491372,0.37493638033315246,22.152351157374362,0.5620220076173985,0.36995661677834585,3058.2820510054153,baixa,82.09228515625,143.06787109375,84.280029296875,103.146728515625,36.58062723767975,0.2708098390151573,0.01314968860454065,-0.5805488370633838,14.355241402116402,0.7651677943327713
data\images\sat_patch_0875.png,periurbano,0.25782074770392377,0.6348854246038174,0.05720903376940355,0.10544000747012122,9.122473902983915,0.33048603283292405,0.340362753611118,1709.2765407862198,baixa,87.65625,131.87744140625,78.536865234375,99.35685221354167,33.437325012981105,0.2014323674947265,-0.05487221716671059,-0.49096647298421076,13.856233465608465,0.8037867931084592
data\images\sat_patch_0876.png,periurbano,0.14459740105997085,0.5246904661378706,0.030244427609633688,0.11278863031973482,15.691157745310678,0.2849903192165155,0.27893340757670826,100.0,baixa,72.92236328125,140.602294921875,75.377685546875,96.30078125,38.46088837098646,0.31696541230041914,0.016556449363777287,-0.6900491247859256,13.186425264550266,0.7441474726825186
data\images\sat_patch_0877.png,periurbano,0.22312613871644088,0.6543389248883167,0.04411359676476148,0.15788298773910314,13.829880777145496,0.3880050284001468,0.3189253835112391,1844.410622020455,baixa,78.622802734375,144.6767578125,83.254638671875,102.18473307291667,39.57174788232893,0.29580870925381986,0.028613226578388093,-0.6237530261995202,13.835482804232804,0.7488080120559135
data\images\sat_patch_0878.png,residencial,0.606920500122921,0.4360739823888321,0.08399315209362265,0.5434405139461838,4.05652517194766,0.7731522385334824,0.5934137970866356,9161.579502244933,alta,87.775390625,119.72265625,89.259765625,98.91927083333333,30.827233943273537,0.1539641743725971,0.008384634007491752,-0.315460046830679,15.66848544973545,0.8574635363702363
data\images\sat_patch_0879.png,industrial,0.6101348946143609,0.1549201584742489,0.014935406226649262,0.3089929794965313,7.022812126023534,0.7166985187163946,0.5899247234522496,8565.228050826086,media,99.581787109375,102.9521484375,79.830810546875,94.12158203125,26.327338879901575,0.016640970819944312,-0.11008689863715966,-0.14073126675926337,14.729828042328041,0.8987057173222114
data\images\sat_patch_0880.png,residencial,0.4355249587758223,0.1596796829741391,0.06338810086346068,0.6532659005618043,9.83480189231632,0.7236018749796214,0.5538282913559422,8567.096971263989,media,96.68896484375,90.96875,94.48193359375,94.04654947916667,25.406649388417776,-0.03048217238513571,-0.011544807585746336,0.04908951147307309,14.933035714285715,0.9349617168143223
data\images\sat_patch_0881.png,centro,0.8396287861676621,0.05954276318546051,0.059046907482873334,0.8935543063437461,2.500678696257327,0.9609607717054146,1.0,15096.352040295194,alta,101.35107421875,105.93212890625,95.87841796875,101.05387369791667,29.804555872377513,0.02210046253789787,-0.027747656608321326,-0.07241070997400217,17.812169312169313,0.9332474606197806
data\images\sat_patch_0882.png,residencial,0.6982226118120014,0.152016307768161,0.054738940238875634,0.58877234881557,3.074229935844854,1.0,0.7436885260999264,11557.520671444174,alta,92.05908203125,99.7119140625,88.563232421875,93.44474283854167,35.362041759878025,0.0399060971013714,-0.019354472345263676,-0.1006023073077345,17.033358134920636,0.9298365100571874
data\images\sat_patch_0883.png,residencial,0.5178441953955684,0.3843688366813266,0.021803253510009682,0.46475480326079033,10.106265886769402,0.6912139734522824,0.6317606847908611,7881.601258303719,media,90.099853515625,115.621337890625,86.784423828125,97.50187174479167,27.179449773425414,0.12405860609927435,-0.018743495569781072,-0.2787556633900845,14.646494708994709,0.8771732619273245
data\images\sat_patch_0884.png,residencial,0.6990565779180005,0.33368949244873547,0.0893417798310459,0.4566968595872206,4.487625232344783,0.6342795228788803,0.5979955846530851,8925.490490720213,media,101.432861328125,116.30224609375,96.540771484375,104.75862630208333,28.601148982391496,0.06829116752643613,-0.024710815018848812,-0.16528881805189183,15.363880621693122,0.9058651266190412
data\images\sat_patch_0885.png,centro,0.8537760249314781,0.1362682864914307,0.05926249753058104,0.5906980214285797,5.542455506615662,0.9063474334728268,0.7540036770962533,13234.271077936262,alta,92.679931640625,103.16748046875,90.44970703125,95.432373046875,27.891203895138894,0.05354959078406624,-0.012178392385694828,-0.12157992765760434,15.265294312169313,0.9239104027049014
data\images\sat_patch_0886.png,residencial,0.6820035039984309,0.3544551252245257,0.07140077457772477,0.6335661325370989,8.503812469917088,0.8323266365251113,0.6467764822792693,9669.74673977377,alta,94.630126953125,128.464111328125,93.871337890625,105.65519205729167,34.747276347973475,0.15165781278801305,-0.004025374864347022,-0.3238210817304337,17.286871693121693,0.8478879260047639
data\images\sat_patch_0887.png,industrial,0.6199632068062791,0.2909984287655981,0.008112010479552545,0.5786642862639598,6.900905923557342,0.732563650136579,0.8183746961949179,10403.141561660697,alta,96.76318359375,109.66455078125,85.81640625,97.41471354166667,28.218381751403495,0.06249822565782241,-0.05995619386132898,-0.1886240281648176,15.98912863756614,0.9001793310765014
data\images\sat_patch_0888.png,industrial,0.7717422781298151,0.28771385466395955,0.032009656972797874,0.42233200802568144,2.7424663921926142,0.8838709090223984,0.6916929751775285,12412.7693538324,alta,96.023193359375,116.22705078125,91.137451171875,101.12923177083333,30.711796087840153,0.095188853178893,-0.026104538022039644,-0.2239384982475269,15.975983796296296,0.8888341827229714
data\images\sat_patch_0889.png,periurbano,0.17787174428015706,0.3634962021369111,0.06158523259572495,0.3511862479020418,14.614115062932786,0.31330108537331064,0.3771210375318159,2597.1736144125534,baixa,94.409423828125,115.03564453125,77.8603515625,95.76847330729167,23.822071134243103,0.09848033551810967,-0.09606486182520875,-0.3017773546564377,13.280051256613756,0.8671523056832382
data\images\sat_patch_0890.png,centro,0.6885371013111917,0.05899702728615111,0.06468096652683986,0.7814034991947454,4.934678017151141,0.9099602261324834,0.8271630986869609,11168.53624349686,alta,99.014404296875,95.0498046875,91.293701171875,95.11930338541667,23.26721315732673,-0.02042931877904848,-0.04056949159056342,0.0010959715017741752,15.3468501984127,0.9368717145772556
data\images\sat_patch_0891.png,centro,0.8381040830547811,0.03177377567367828,0.0020245902716971463,0.9209536984240665,0.2,1.0,0.7142794661378723,15990.973849868662,alta,102.68408203125,103.805419921875,95.091796875,100.527099609375,30.676064166489617,0.005430483751416429,-0.03838832702880101,-0.048916963077033214,17.503554894179892,0.9361073038138001
data\images\sat_patch_0892.png,residencial,0.37261428308146044,0.39082390463408634,0.01955273943289203,0.5775289430991232,11.213437521855132,0.49348362225904563,0.41177935820054823,5350.814424776847,media,90.20458984375,118.837646484375,86.4580078125,98.50008138020833,28.217235908875402,0.13697258987752256,-0.021207556436663187,-0.3097088542372596,14.505911044973544,0.8668395646617139
data\images\sat_patch_0893.png,residencial,0.5535090118095023,0.3788366227633255,0.096658283054852,0.40899612403367824,10.812849654759725,0.782308695037174,0.12091470631148649,6607.275350418954,media,87.072509765625,116.0986328125,88.445556640625,97.20556640625,34.99828718285898,0.14286538204040597,0.00782282357190031,-0.291542967811048,15.871155753968255,0.8690624455449519
data\images\sat_patch_0894.png,centro,0.7286395258420297,0.07333002752210332,0.06301025630985127,0.6231473937137816,6.561181035064564,1.0,0.49129081455828927,11377.1399311181,alta,99.44873046875,106.22119140625,89.575927734375,98.415283203125,32.209048978278766,0.03292878629422202,-0.052230236922505086,-0.11897402318648902,16.60486937830688,0.9202985681372072
data\images\sat_patch_0895.png,parque_urbano,0.22985879063863965,0.6355314238998048,0.1243403967576627,0.14151110635731323,14.619935144169462,0.27485071419098805,0.24789513956749268,267.39917626014346,baixa,89.34619140625,149.719482421875,91.244873046875,110.103515625,38.727732521879126,0.2525385171209964,0.010513707507406173,-0.539709829593397,14.111483134920636,0.7660502244945026
data\images\sat_patch_0896.png,residencial,0.3548008817594413,0.19414941790417628,0.09356617854753174,0.6393409654219082,17.56994121643229,0.6592910096956965,0.5968580826226244,6204.268980903747,media,83.435546875,100.272216796875,87.390869140625,90.3662109375,27.27753896041128,0.09164920139302438,0.023154043354215045,-0.16443102427862571,14.947213955026456,0.9143017027769441
data\images\sat_patch_0897.png,periurbano,0.3001243892961666,0.5049387487557773,0.10219933083050473,0.16251982758826006,11.363466174808174,0.4071433206984599,0.344633368624864,2367.262024646609,baixa,84.389404296875,138.4892578125,92.481201171875,105.11995442708333,32.461446968994466,0.2427323134519887,0.0457498113256579,-0.4761603529488274,13.401579034391535,0.7968323814540927
data\images\sat_patch_0898.png,periurbano,0.29386315713482447,0.589786384284117,0.060301098663476105,0.1485809002268995,14.358353497213328,0.413857659421409,0.3136154562919544,1653.7735792223139,baixa,84.961181640625,141.405517578125,89.17822265625,105.181640625,36.0773824023621,0.24934911311140234,0.024216466160750558,-0.5165902964645567,14.085565476190476,0.783719195897379
data\images\sat_patch_0899.png,residencial,0.40696982432254036,0.21769966352164777,0.004325177460922936,0.7339243660230037,10.612020993630214,0.6061201348874885,0.6329682403507066,7406.871926701068,media,81.677490234375,102.056640625,83.041015625,88.925048828125,26.485580985894497,0.11091651934449848,0.00827791252253811,-0.2215055007940255,14.459532076719576,0.900329408639301
data\images\sat_patch_0900.png,residencial,0.391391354225511,0.313983683740836,0.08797014733220863,0.5893303454162802,11.09367720526469,0.6378047360880054,0.5965840510742767,7044.076487746786,media,92.479248046875,108.471923828125,86.976806640625,95.97599283854167,26.3377809288322,0.07958488399168544,-0.030661776138843737,-0.19529775868648414,15.04356812169312,0.904238565789709
data\images\sat_patch_0901.png,residencial,0.6568986128613383,0.3201131481693268,0.047172547262299906,0.4383992520208206,3.2012116168035,0.6232294345593175,0.80452411088115,8609.97116740206,media,93.842041015625,117.744140625,90.3759765625,100.654052734375,36.40611183156657,0.11296625947438284,-0.018815013210312415,-0.2546855380866065,17.533316798941797,0.8793530758576656
data\images\sat_patch_0902.png,centro,0.8505796478877716,0.03447524056919627,0.046907352894398326,0.7959194185324857,3.3262320532512755,0.9826497933219189,0.9418607481206274,14123.905002091346,alta,107.101318359375,105.44140625,95.430419921875,102.65771484375,33.145552228594376,-0.007809780855194713,-0.057625034371985316,-0.04067436212715242,18.105448082010582,0.9305187161050764
data\images\sat_patch_0903.png,residencial,0.40211180479736547,0.33454045164785623,0.07852873575825109,0.6551525778719788,9.619230813546901,0.4759708692765817,0.44653013867257807,6229.11584645855,media,95.180419921875,112.47216796875,81.69580078125,96.449462890625,26.190648764765754,0.08327248959069289,-0.07623760283198518,-0.24918808926136124,14.877438822751323,0.8792820075684303
data\images\sat_patch_0904.png,periurbano,0.136379589824607,0.6445503063935254,0.11118904216428394,0.10979740275318686,13.336148120332421,0.174966556960618,0.07408217258796093,100.0,baixa,76.431396484375,150.9345703125,89.473876953125,105.61328125,40.2360267788974,0.3276795315941254,0.07861401943350135,-0.6436873482714813,13.635747354497354,0.7334219855085456
data\images\sat_patch_0905.png,centro,0.9099537011433617,0.11761266809403047,0.04849691818541683,0.6825917383228443,4.524849997363541,0.9349099646771636,0.8123258186932215,13686.339110092928,alta,101.879638671875,104.972412109375,92.650146484375,99.83406575520833,29.233831697131276,0.014951620788227265,-0.0474451361401626,-0.0772033012553593,16.615782076719576,0.9295389262030527
data\images\sat_patch_0906.png,centro,0.8026114633833789,0.06809236486568589,0.056675636912192816,0.7269256009383281,0.7554599171614771,0.8435717736894953,0.6905603715100306,13694.463573016816,alta,95.67919921875,103.7412109375,83.44091796875,94.287109375,33.62825635531009,0.04042721440601809,-0.06832443710867346,-0.15040393418939796,17.45982142857143,0.9092731899090346
data\images\sat_patch_0907.png,industrial,0.6776292110944426,0.22923594547442921,0.0543619200304455,0.693413106905941,7.679166077708675,0.9176671819776404,0.7853519596086874,10479.18461111162,alta,96.247314453125,110.76513671875,95.884033203125,100.96549479166667,30.037979661605316,0.07013018836939999,-0.0018907963356357908,-0.1455889734940344,16.06865906084656,0.9141327647144125
data\images\sat_patch_0908.png,periurbano,0.16315779683199202,0.3706047016227236,0.11244326422577158,0.43270363024931036,13.36988153326401,0.286408390470546,0.3052390781375393,184.56876236132575,baixa,84.641845703125,115.095947265625,86.080078125,95.27262369791667,24.88413696862925,0.15247040110628587,0.00842441545409558,-0.3121041899060089,13.652571097883598,0.8713346752178943
data\images\sat_patch_0909.png,periurbano,0.3366395260430529,0.5283001992852641,0.08305005123213309,0.1950898258143103,11.020925941455218,0.42743143861834204,0.3209493194466057,3329.982570334619,baixa,73.3125,124.14697265625,83.858154296875,93.77254231770833,31.180951393433165,0.2574425613265124,0.06709683990917786,-0.4858740511435876,13.486069775132275,0.8103201169424976
data\images\sat_patch_0910.png,residencial,0.4863939525113813,0.3474297861864477,0.06362752563481594,0.3836707717080051,9.003368120250427,0.5154499249599841,0.633457640210868,6335.241599977672,media,102.48681640625,121.60205078125,102.830810546875,108.97322591145833,26.84399281898822,0.08530202561871958,0.00167542428798922,-0.17383386581806046,14.952422288359788,0.9021916056776793
data\images\sat_patch_0911.png,residencial,0.6753569497653069,0.38403161516635653,0.030656816385725205,0.43747818275468536,5.099794818738663,0.8790853806837211,0.4169007283425351,10039.725056472216,alta,100.670654296875,112.37841796875,87.164794921875,100.0712890625,29.98513568220068,0.05495336587208719,-0.07190261135089944,-0.184475420950857,15.527943121693122,0.8966351216032817
data\images\sat_patch_0912.png,residencial,0.6475026511305759,0.3442365538003977,0.07407697876766364,0.5118618355089696,4.336356267836194,0.691406572104148,0.7553631312458817,9289.733428842272,alta,92.84619140625,121.49365234375,97.371337890625,103.90372721354167,34.399022275403595,0.1336543887624515,0.023789324134913036,-0.25393590922056813,16.511160714285715,0.8714703894711686
data\images\sat_patch_0913.png,parque_urbano,0.18176200749203128,0.7740309841866486,0.10336873908480174,0.15030652772210468,19.043283139468304,0.26528086543057466,0.1756791282512254,100.0,baixa,74.212646484375,165.743408203125,88.58203125,109.5126953125,50.2966897547679,0.38144801745679846,0.08826691927118147,-0.7701944356775925,14.053530092592592,0.6726615916584531
data\images\sat_patch_0914.png,industrial,0.5286395046506841,0.2819650696665571,0.09974064249719548,0.6412143709901218,7.058142712177903,0.7434634549635029,0.716257120180223,9189.38977891567,alta,85.720947265625,105.3857421875,83.109130859375,91.4052734375,30.249308244556442,0.10289956293653893,-0.015470089333525923,-0.22942552554053208,15.484829695767196,0.8966039993325442
data\images\sat_patch_0915.png,residencial,0.3815749996984301,0.1855512663382616,0.06960946714071135,0.4823899912645688,8.246809091430897,0.6091328526174119,0.4450935439106389,6143.802330578421,media,92.37060546875,115.5341796875,90.19970703125,99.3681640625,23.45714181434054,0.11141433849118562,-0.011890752641447374,-0.24403211453334167,14.391865079365079,0.8885469402808233
data\images\sat_patch_0916.png,residencial,0.4196833221272517,0.38882323282562953,0.014696928698778245,0.5578902992296546,13.649162389597475,0.6876426344777969,0.4162245343888211,5699.748369428525,media,86.5615234375,130.614501953125,87.913818359375,101.69661458333333,33.58619946538366,0.2028445738130821,0.0077506362801610775,-0.42653170713575217,15.890211640211641,0.8186639096997858
data\images\sat_patch_0917.png,parque_urbano,0.06881893655744363,0.8465819479829553,0.06495588603859578,0.2177861056729791,13.743566078086229,0.23628091107767957,0.1807299906341216,100.0,baixa,65.00390625,159.811279296875,83.2236328125,102.67960611979167,49.039566038196654,0.4217124941739967,0.1229172834873848,-0.83461080704804,13.953497023809524,0.6663456243868224
data\images\sat_patch_0918.png,residencial,0.5357761111151311,0.26070299279946085,0.09198802903830387,0.5207787436512594,10.866236143670097,0.6944495256339069,0.5894444784623983,6783.412313297457,media,90.469482421875,103.880615234375,81.591552734375,91.98055013020833,24.38681329567662,0.06900502189206745,-0.05159756029504484,-0.19406382585141585,14.78864914021164,0.9054321230748796
data\images\sat_patch_0919.png,residencial,0.553807893263798,0.37956654497434483,0.004727809700384978,0.692708828433848,5.105441882542451,0.6333597619894332,0.7279282383396518,8650.410942683759,media,87.993896484375,114.94580078125,84.16845703125,95.70271809895833,30.22226290176837,0.13280745229845578,-0.02221995315925941,-0.30160714653876197,15.635664682539682,0.8688038881754518
data\images\sat_patch_0920.png,industrial,0.6873379035704924,0.1407724613362179,0.06470446509866541,0.5572030824604031,3.4407558056688905,0.7382537678990116,0.6045984799938273,10015.324789000913,alta,96.365966796875,92.509033203125,87.423583984375,92.09952799479167,24.968070882214636,-0.02042056160597982,-0.04865555591072665,-0.006669500042011474,14.850859788359788,0.9360993669423481
data\images\sat_patch_0921.png,residencial,0.5513495459004039,0.2046615439606294,0.07101888832104812,0.4636753040568131,8.785024070860553,0.6635771727053426,0.2924478018697642,7649.291668267889,media,87.892822265625,112.468017578125,94.189208984375,98.183349609375,26.65761144879858,0.1226546824669437,0.03457994531884955,-0.21823457663787502,14.588665674603174,0.8881712436088915
data\images\sat_patch_0922.png,industrial,0.4775285046534134,0.28204884621548376,0.09269300808693215,0.43718408031452893,6.260816523498393,0.6926211349762268,0.4163294797079958,7031.538624454294,media,100.55126953125,111.794189453125,94.813232421875,102.38623046875,24.460641733073135,0.052946363546940385,-0.029370929839551058,-0.13783043163249642,15.021949404761905,0.919294102765159
data\images\sat_patch_0923.png,periurbano,0.3702572769899234,0.45174968169392604,0.08719268433444942,0.34502828395673424,11.826150547193574,0.5819820222791156,0.5465802538065997,4697.983541102787,media,77.78173828125,123.785888671875,86.383544921875,95.98372395833333,34.709029008687125,0.2282318389008545,0.05239723296176195,-0.43448248219597585,15.210193452380953,0.822710139842214
data\images\sat_patch_0924.png,periurbano,0.14990692388696772,0.6315561391404717,0.09912409837552641,0.24076663633201534,18.077864828982374,0.22186885945617174,0.28187954078878064,100.0,baixa,84.713623046875,142.922119140625,94.124755859375,107.25349934895833,34.601560853098846,0.2557089465770082,0.05262367517214968,-0.4988455343035304,13.905175264550264,0.7855985487595567
data\images\sat_patch_0925.png,periurbano,0.13721501591331642,0.7365588591344405,0.02693069767855083,0.4343228646567916,18.828933686466307,0.37227078963714333,0.4846653040957432,179.79053559061157,baixa,72.824951171875,156.584716796875,79.320068359375,102.909912109375,44.963756086269136,0.3651100060495257,0.04269030405872487,-0.7823561851196958,14.781952711640212,0.6909848158107145
data\images\sat_patch_0926.png,residencial,0.6541241609490458,0.1629216057240866,0.09435118360548875,0.5516578113995743,7.922535632075983,0.7663173636101464,0.5667776437820375,10369.097013423887,alta,99.957275390625,100.769287109375,84.8623046875,95.1962890625,24.968519487458792,0.0040453625299573266,-0.08167408785946881,-0.08781326525250271,15.525297619047619,0.9193968600415816
data\images\sat_patch_0927.png,residencial,0.6757473962502927,0.17942711760748098,0.08330248571021788,0.4077987753117688,4.553268294176123,0.7359009089930354,0.5777316714407845,9311.476579335746,alta,86.562255859375,100.490478515625,84.626708984375,90.559814453125,28.305885386110322,0.07446147541401599,-0.011306493181147199,-0.16448792457467376,15.031291335978835,0.9156388234908008
data\images\sat_patch_0928.png,residencial,0.5723862142160033,0.23996818377578255,0.056022911501577434,0.5135404746857072,5.766035917855556,0.8579990433288625,0.6702293008500992,9230.464093795024,alta,88.744384765625,101.4443359375,85.68017578125,91.956298828125,28.176650392070236,0.0667755220086025,-0.0175675315288181,-0.15476977314945856,15.346230158730158,0.9172365752502059
data\images\sat_patch_0929.png,periurbano,0.21976599381073117,0.4260882057045218,0.012431464637785137,0.3185496044504323,16.99434149988242,0.4041808345411677,0.3840898222366051,2493.7207443643533,baixa,87.812255859375,119.014892578125,93.21435546875,100.01383463541667,23.735229864651885,0.15086335040448334,0.029841466621400775,-0.28497644083924706,13.647280092592592,0.8741891487650632
data\images\sat_patch_0930.png,periurbano,0.15292811393565334,0.7276369179447222,0.05067040857457937,0.12211978483545702,14.725762718356206,0.36807027875192494,0.2055962444973003,401.60727096826736,baixa,89.600830078125,161.2890625,79.524658203125,110.13818359375,44.56439497879073,0.28573583176060413,-0.05957807967221112,-0.6966368534435512,13.968998015873016,0.7049351859778881
data\images\sat_patch_0931.png,parque_urbano,0.24768047926758557,0.8567989565896739,0.14422871111244956,0.22693171835912535,16.5230071131843,0.4102456309845838,0.2916820310190853,1218.9134250250036,baixa,71.350830078125,145.2509765625,89.929931640625,102.17724609375,43.21495181513859,0.3411797310897168,0.11519725756071249,-0.6323383878589259,14.18287037037037,0.7269471673052486
data\images\sat_patch_0932.png,periurbano,0.30431283744826026,0.7450770720219418,0.11528258610126989,0.35627046803591833,8.396671194641751,0.5150020211123327,0.31167506690188373,3952.7083566312967,media,87.524169921875,162.5341796875,99.239990234375,116.43277994791667,47.65868545368128,0.2999700253274116,0.062730559439069,-0.5939229403127327,15.555927579365079,0.7238747504944969
data\images\sat_patch_0933.png,residencial,0.6797127456759395,0.3718161666452479,0.042518043533030764,0.45891898368411926,3.169194931508094,0.7195197155773444,0.6526956492678603,8183.546622344639,media,91.200927734375,120.58935546875,89.635986328125,100.47542317708333,30.92684025346121,0.13876192595402057,-0.008653882453751947,-0.30028137412314054,15.9171626984127,0.8631322123124949
data\images\sat_patch_0934.png,periurbano,0.36047897043151955,0.6683742438248879,0.09703200189644362,0.41210891376038483,13.28113845003285,0.5738544407032173,0.3942257864719671,3738.5717026299094,media,88.27001953125,136.703125,89.65576171875,104.87630208333333,35.48719690448814,0.21528394135389095,0.0077883158358293516,-0.4552051604742993,15.539227843915345,0.8039697182567602
data\images\sat_patch_0935.png,residencial,0.4514585559404466,0.383086560071371,0.02152335350296888,0.3514364412861253,7.252510440233398,0.6420512406468406,0.4883824837871572,6986.014337230073,media,111.741943359375,123.556884765625,87.83837890625,107.71240234375,26.74750771751522,0.05021249553253594,-0.11976914388154047,-0.22064983135659985,14.27178406084656,0.866305680358898
data\images\sat_patch_0936.png,residencial,0.4127183187221107,0.4198140824442631,0.02347874836968185,0.5546416155194498,6.509491208613108,0.594764386869048,0.5358204204118704,6485.00417471909,media,81.783447265625,115.869873046875,80.5029296875,92.71875,29.958513523739516,0.1724556185289577,-0.007890480977367468,-0.37453788145088907,15.304935515873016,0.8491394477301607
data\images\sat_patch_0937.png,industrial,0.4704584906471764,0.2840447037194382,0.09841010147990054,0.5140110879112724,7.716045529277917,0.6500856246646277,0.5798528739198057,7143.108967163695,media,89.731201171875,102.123046875,94.4091796875,95.421142578125,22.52773823179656,0.0645898944885883,0.025404414112693084,-0.10535250436484064,14.523272156084657,0.9252256354238733
data\images\sat_patch_0938.png,periurbano,0.1232256192881629,0.7098086924594154,0.10340358104477522,0.21574666434117107,15.958301058797419,0.26632031998966693,0.4511057138347264,100.0,baixa,81.13232421875,152.78759765625,80.639404296875,104.85310872395833,41.31088256932001,0.3063239443516339,-0.003047009037678555,-0.685737729550699,13.556175595238095,0.7233367720713868
data\images\sat_patch_0939.png,periurbano,0.36007390250331806,0.5110258644826673,0.02684530616899203,0.20039990899225013,12.67182392372073,0.4031234526733539,0.4388299935127387,1773.8500691265058,baixa,76.85009765625,126.506591796875,75.192138671875,92.849609375,33.50447692183457,0.24418421656046344,-0.010904594759395245,-0.5437338232105909,13.732969576719576,0.7964502767847114
data\images\sat_patch_0940.png,residencial,0.47716794114072214,0.4371871834447356,0.010911376858119094,0.5379700316180583,9.71071505847857,0.6080440118439183,0.5249036478273451,5901.402703329828,media,88.8046875,116.16943359375,82.641845703125,95.87198893229167,29.610620904128343,0.13350341894004578,-0.035946143942305886,-0.317571034185164,15.208664021164022,0.8616898041808876
data\images\sat_patch_0941.png,parque_urbano,0.05967967600461929,0.9321429725729432,0.18730702862628731,0.16121711465075833,14.484189130944305,0.16793199831060057,0.25210817964681187,100.0,baixa,63.66552734375,182.8486328125,97.046630859375,114.520263671875,59.45955119832741,0.4834736670288375,0.20770739240354824,-0.8949730775125306,14.402323082010582,0.5855531253692561
data\images\sat_patch_0942.png,residencial,0.6587452073200706,0.27171129155515816,0.07318680271822763,0.7236749171856237,8.707886606197516,0.8990168735637714,0.6376986568110581,8973.139086904408,media,93.166748046875,109.997314453125,84.558837890625,95.90763346354167,28.117360310754947,0.08284224146880188,-0.04843371348255616,-0.22036328601566205,15.673239087301587,0.8912111914892549
data\images\sat_patch_0943.png,residencial,0.6913572502527983,0.35279523849902306,0.05943457396623486,0.6182191035602269,3.5935516119395907,0.8249195114307695,0.77797975268457,10879.820847980454,alta,95.858642578125,126.053466796875,88.46875,103.46028645833333,34.9896104136229,0.13606659036194568,-0.04009112500683671,-0.32756308087256153,16.86226851851852,0.8483105333592559
data\images\sat_patch_0944.png,industrial,0.5080506289862955,0.0678494998359168,0.04178373455491416,0.5402256335143318,11.698071800828263,0.6738976788059476,0.6285617105598778,8228.515475624416,media,94.32958984375,93.892333984375,86.671142578125,91.63102213541667,24.214383098171858,-0.0023230867486573655,-0.04231169189671047,-0.03701767870063711,14.51223544973545,0.9373277717593222
data\images\sat_patch_0945.png,residencial,0.5629539891689513,0.32601029217766514,0.06594200903151563,0.35621131306140463,6.609076939210551,0.623967513794679,0.6354180665448971,7567.21784963059,media,77.25537109375,113.44140625,82.904541015625,91.200439453125,34.03627062276123,0.18975692966884347,0.03527205910768145,-0.36580360828914577,15.095899470899472,0.8514498293931694
data\images\sat_patch_0946.png,centro,0.8895192637381384,0.18213063095260962,0.05657368003218905,0.797225862660256,2.0404132479178796,1.0,0.700590875682197,13364.830187787527,alta,102.071044921875,110.53564453125,96.149658203125,102.91878255208333,27.93159914056248,0.03981342069402682,-0.029872695412361733,-0.11101270899658554,16.906828703703702,0.9239833591657937
data\images\sat_patch_0947.png,residencial,0.3827329583967688,0.34457464316976294,0.06870504772236909,0.5511105201760201,12.592588729256587,0.48421536574182644,0.539882496562061,5945.425794262592,media,88.51708984375,120.7080078125,102.055908203125,103.76033528645833,28.91889811605826,0.15385782191284147,0.07104268929537533,-0.24500218194050166,15.550719246031745,0.86896527036544
data\images\sat_patch_0948.png,residencial,0.5504483859221185,0.4139057111012274,0.019703992980598994,0.7292933200998922,7.282128670442728,0.6327947718490561,0.7126338599526011,8372.964079731442,media,83.466064453125,118.078369140625,90.79052734375,97.44498697916667,30.92864563318212,0.1717353533342039,0.04203263000306036,-0.3176158557154781,16.053984788359788,0.8563436689633492
data\images\sat_patch_0949.png,centro,0.92351199164365,0.19063729219548697,0.07291043557264908,0.6220561477862223,2.095475316657406,0.8853691210276966,0.6575250481764342,13096.733627357993,alta,102.732177734375,107.173583984375,99.2529296875,103.05289713541667,30.660175399676014,0.021159048672479672,-0.017225270090743962,-0.05997919888982954,17.535424933862437,0.936161550645908
data\images\sat_patch_0950.png,centro,0.7029820466842384,0.16822239351966628,0.05325186037256192,0.9232225279272065,6.05657354944164,0.8985488247295564,1.0,12225.72183663726,alta,91.66845703125,106.13232421875,88.671630859375,95.49080403645833,28.388368960846822,0.07312340741513929,-0.01661763721150517,-0.1671603906506298,16.864790013227513,0.9090209778211658
data\images\sat_patch_0951.png,centro,0.9384908055871215,0.06469918991203737,0.06805204401953618,0.7827889649260096,0.9255497888440418,1.0,0.9352448659427115,15173.466237356917,alta,101.302490234375,102.5703125,98.623291015625,100.83203125,34.764948861051465,0.006218692451381795,-0.013400969042600807,-0.025859063006240263,18.666790674603178,0.9390422945810094
data\images\sat_patch_0952.png,periurbano,0.1847489306448981,0.3573483452551598,0.07772275483498478,0.3483209842846926,16.08622354706853,0.38317447769210305,0.46338174358441764,1736.1952328981397,baixa,86.7490234375,122.8212890625,90.526123046875,100.03214518229167,24.31536559043747,0.17212488268287102,0.021306424859739083,-0.3417273059204234,13.353257275132275,0.8558477520422877
data\images\sat_patch_0953.png,parque_urbano,0.21184263869109843,0.6526311820380215,0.043468757105131914,0.18589474308909465,15.841992917070467,0.488284439872092,0.3844925509059832,1607.711657856014,baixa,70.748291015625,154.418212890625,79.8642578125,101.67692057291667,45.581296290328474,0.3715913337547105,0.06052594426744582,-0.7780717320383083,13.93493716931217,0.6941173995565189
data\images\sat_patch_0954.png,industrial,0.5618127738644794,0.28771600779187834,0.049043627816591454,0.6216675986002247,6.613725959331338,0.8342951809257619,0.6404315869183946,9057.426467689624,alta,96.71484375,116.259765625,97.93994140625,103.63818359375,32.502755998252184,0.09177113572639398,0.006293693982261553,-0.18267758279525803,16.528232473544975,0.901308539733171
data\images\sat_patch_0955.png,residencial,0.5692272111283607,0.1680219921051257,0.06339117864427571,0.5935238484442853,5.653363955475745,0.8439203367292816,0.6179441000584245,8287.607384837,media,83.757080078125,102.25146484375,94.514404296875,93.50764973958333,26.60244435476092,0.09942760787664445,0.06034237161440379,-0.14026363139821563,14.795634920634921,0.9059522123883126
data\images\sat_patch_0956.png,centro,0.8284914248323555,0.1403301504387931,0.05008060840947209,0.6265411554235468,3.9966689520698044,0.789380268957325,0.7767483626736129,12974.874431741679,alta,96.771728515625,101.0458984375,88.67236328125,95.49666341145833,27.14477585198811,0.02160661800518511,-0.0436755094876308,-0.08716380399631789,16.211392195767196,0.9298258605689003
data\images\sat_patch_0957.png,residencial,0.6620902032359696,0.22372246589408917,0.08404688151601036,0.4801694690039987,7.003167876681404,0.7389222436346964,0.5667322373057793,10067.485907944258,alta,97.4140625,111.212158203125,95.77734375,101.46785481770833,28.910643391710813,0.06613787850100493,-0.008472005941144155,-0.14405010296447118,15.98569775132275,0.9158524616983457
data\images\sat_patch_0958.png,centro,0.7977753713410372,0.1770053236429902,0.06772202575593386,0.8865144372489715,6.587941047548764,1.0,0.7533923585733009,12224.088248453341,alta,98.824462890625,108.48583984375,93.5537109375,100.28800455729167,29.82070411425208,0.046603457614456265,-0.027397868587920687,-0.12261439303090654,17.52856316137566,0.9201038168123576
data\images\sat_patch_0959.png,residencial,0.6416903182143983,0.4273591625025106,0.09443616633112534,0.4232694715229382,5.706768113465572,0.689675796790216,0.6652811706933865,8221.921136671544,media,87.26806640625,123.13671875,90.724853515625,100.37654622395833,32.870713144114795,0.17047450772870423,0.01942092467201131,-0.34012186843695047,16.322751322751323,0.8460763770963999
data\images\sat_patch_0960.png,periurbano,0.1264056575451034,0.6736425075924486,0.04637856449399445,0.38711979166556765,17.041319115371024,0.37764227702478687,0.19977934269523928,928.648826070073,baixa,71.28369140625,151.8193359375,82.172119140625,101.75838216145833,45.502628805839045,0.36097961165799713,0.0709548085837661,-0.7379385199636691,14.467716600529101,0.706660777434226
data\images\sat_patch_0961.png,industrial,0.5895153585633712,0.060326050300355774,0.038283452715826165,0.358157742803215,6.478206361224083,0.6773962306874464,0.6799031751322664,8570.56945814843,media,104.019775390625,98.1962890625,88.71484375,96.97696940104167,30.75861382457311,-0.028798336645882976,-0.07940935380191716,-0.01885993638101788,15.751074735449734,0.9249228577955201
data\images\sat_patch_0962.png,residencial,0.41419629892847504,0.39384885380457757,0.015623947739375421,0.39876361919158054,10.034155580609136,0.489009413856495,0.5709375253692521,6283.959776899477,media,93.27880859375,125.685302734375,94.671630859375,104.54524739583333,36.31996754564795,0.14799911179994096,0.0074105826103257845,-0.30331443556143783,16.014426256613756,0.8603542087835472
data\images\sat_patch_0963.png,residencial,0.5867224870890987,0.17517652258521804,0.06097357541661265,0.3925532494392144,6.938565123434592,0.6604865640316677,0.23653325160073646,7173.8613613336875,media,98.34912109375,99.17431640625,96.037109375,97.853515625,23.786540435076883,0.004177708320422946,-0.011893906792064564,-0.020246601657326998,14.226603835978835,0.9393085982720116
data\images\sat_patch_0964.png,industrial,0.6449337981628505,0.25797525125631665,0.04324757381600093,0.6281966800667464,7.459362313320442,0.883622624330846,0.850365186085282,10930.015200394419,alta,93.337158203125,112.138916015625,89.870361328125,98.44881184895833,30.26808360272461,0.09150339178166428,-0.01892278693007399,-0.2085871394051785,15.96073082010582,0.8932634463137988
data\images\sat_patch_0965.png,periurbano,0.38573513695514405,0.4775782745798379,0.021788122634487882,0.3639626641323178,9.257744036861798,0.4908972158724409,0.4771039574078729,4935.441641824254,media,83.095458984375,131.001220703125,86.631103515625,100.24259440104167,34.324785561106694,0.22375761065008876,0.020831415297287863,-0.4602628181018302,14.715236441798941,0.8071013593744294
data\images\sat_patch_0966.png,centro,0.7360120572047897,0.07283568934176131,0.03395443718766525,0.6709998044106648,6.462554814844715,0.8865008188829248,0.6753886887101549,12001.807419575669,alta,105.9267578125,102.54833984375,88.3359375,98.93701171875,33.58612225305652,-0.016205378918278383,-0.09055171500452454,-0.054751927904867916,16.78141534391534,0.9163663993724126
data\images\sat_patch_0967.png,centro,0.8853314782973072,0.1835776590332122,0.023862162060219294,0.5508347533101484,0.2,1.0,0.709469020738707,13560.808912391785,alta,92.092529296875,101.2724609375,83.90673828125,92.42390950520833,29.778860048858803,0.0474746311730138,-0.046510369513219754,-0.1436081537330055,16.6969246031746,0.9163685070895373
data\images\sat_patch_0968.png,residencial,0.50297593435773,0.3084240982896682,0.09052801129762217,0.6612766937375993,7.68865079192382,0.8372190204307495,0.7368636767501585,8967.395983589051,media,87.587158203125,111.5576171875,78.4033203125,92.51603190104167,28.88176728074996,0.12036699841605004,-0.05532749780242974,-0.3087289525291125,15.415054563492063,0.8667109398217963
data\images\sat_patch_0969.png,residencial,0.5085563295098814,0.3900157752186689,0.03699895292857228,0.4816653480594091,8.356825937524743,0.5742960091722725,0.5398955017355099,6935.357453612803,media,97.123046875,119.666259765625,87.97802734375,101.589111328125,29.208635759329805,0.10398673779610586,-0.04940554516197454,-0.26691563726502804,15.546172288359788,0.8746122337083307
data\images\sat_patch_0970.png,residencial,0.6473351114440966,0.27461096265937845,0.08458665792854236,0.694739891321447,4.576460354303576,0.9428802716828399,0.7444215031898844,11158.555121289028,alta,101.13916015625,107.390869140625,88.63525390625,99.05509440104167,25.924739112872775,0.029979897741705203,-0.06588826131215836,-0.12622936819909933,15.873387896825395,0.9144665663333462
data\images\sat_patch_0971.png,centro,0.8073684637898546,0.02545682669717457,0.020752997548874632,0.7876852586126601,4.708587162487329,0.8414964909538755,0.8614180587055352,13961.667477704597,alta,99.983642578125,99.22119140625,85.531494140625,94.912109375,27.34679012582562,-0.0038274732234024555,-0.07790279874308781,-0.06810114137528996,15.918196097883598,0.9204776412149929
data\images\sat_patch_0972.png,industrial,0.4917189745014513,0.24015716037777524,0.02134937307101477,0.3282665390103248,8.44941761308408,0.5725619489891829,0.3696409826318087,7589.686612063626,media,93.00146484375,111.30859375,96.2607421875,100.19026692708333,27.8340347866937,0.08960463788543689,0.017220962270565104,-0.1664581858041599,14.69510582010582,0.9077480873585935
data\images\sat_patch_0973.png,residencial,0.49235233885754437,0.18277317660636247,0.091565296217398,0.46113370659606767,5.338756845292771,0.6590331969323997,0.3485130160893764,8398.830193737409,media,99.156982421875,106.66748046875,89.60302734375,98.475830078125,24.83817878690572,0.03648982198183241,-0.05061429610738752,-0.12477656143048269,14.740410052910054,0.920578790726679
data\images\sat_patch_0974.png,residencial,0.6243917685975997,0.41370042179398503,0.026073934607949656,0.7287303701203334,7.545984845675134,0.7712795657645722,0.8548462529388134,8677.049268179133,media,86.212158203125,115.532470703125,91.03369140625,97.5927734375,33.187735696208286,0.1453337940822764,0.02720251665440103,-0.2757329736093404,16.791708002645503,0.8678478400867613
data\images\sat_patch_0975.png,industrial,0.5261622874291674,0.09258484660143436,0.034638593554284294,0.6051965604798601,5.081660579789153,0.6874462501237437,0.7140404131043085,8805.834100928863,media,88.99072265625,96.139892578125,74.995361328125,86.70865885416667,29.28812646974159,0.03861689690928358,-0.08534481038106687,-0.16315383734140013,15.263310185185183,0.9094273671495139
data\images\sat_patch_0976.png,industrial,0.49853194244175664,0.18469604342236562,0.06521684138323174,0.6845641004183468,4.80893409951939,0.5535894021836544,0.7264313182616606,8580.154450372553,media,89.231689453125,101.833984375,88.87451171875,93.31339518229167,27.774380060706868,0.06595792223386811,-0.002005419968644991,-0.1369672985012195,16.128017526455025,0.922386500037564
data\images\sat_patch_0977.png,industrial,0.525747010165892,0.2259177999968131,0.06448461258105745,0.3137055760191444,8.995492734110352,0.5177398175412442,0.5020007864181095,5741.274537482945,media,101.396484375,110.232421875,87.800048828125,99.80965169270833,26.845329090070823,0.041752034799111784,-0.07186408357923517,-0.15663971220871373,14.965691137566138,0.9061476471275108
data\images\sat_patch_0978.png,industrial,0.6889180792711231,0.08975450186726232,0.07428328154812903,0.6631602231885002,1.8449123896706197,0.989888818480321,0.5292836162052457,13216.855447808872,alta,99.31787109375,101.873046875,89.258544921875,96.81648763020833,30.647877800998312,0.012700254039034848,-0.05334350037545526,-0.07834242880009704,15.74239417989418,0.9285774894234647
data\images\sat_patch_0979.png,parque_urbano,0.16613735936555382,0.6200203312640347,0.11302702416450927,0.056884888984436596,11.90018276314248,0.3632143562498157,0.2029192122781552,100.0,baixa,75.91259765625,157.751220703125,85.439208984375,106.36767578125,44.6003273085557,0.3502408856931641,0.059042482804676055,-0.7246122103552325,13.64442791005291,0.7009893321318983
data\images\sat_patch_0980.png,centro,0.913373859827087,0.08878849015701927,0.07232223482049692,0.9332451566363995,0.2,0.9725408966568586,1.0,15134.982798830542,alta,97.70703125,99.318603515625,95.743408203125,97.58968098958333,30.05359954050331,0.008179505470760524,-0.010150522491835866,-0.026574364586404907,17.857969576719576,0.9378324014173757
data\images\sat_patch_0981.png,centro,0.9002815293448867,0.06781182983704807,0.04348631563885712,0.615381446662769,7.197006000114882,0.897243790213003,0.6072090442274396,13136.052920741975,alta,97.70849609375,99.695068359375,95.8330078125,97.74552408854167,30.98470626953636,0.010063507521077307,-0.00969036735638938,-0.029917649975290853,16.64442791005291,0.939001420147346
data\images\sat_patch_0982.png,industrial,0.5736755730677935,0.21523604140562252,0.07203810149576119,0.3129008561385223,6.3504889250251555,0.6998686073380065,0.42277331461786694,8407.110075183436,media,99.393798828125,117.030029296875,95.286376953125,103.90340169270833,31.701627585243738,0.08148931908308413,-0.021098305656539723,-0.18950237331959668,15.453290343915345,0.8999001550176702
data\images\sat_patch_0983.png,residencial,0.43385438030395834,0.20571612048395344,0.0836298931106318,0.3858932034239171,8.128288525269683,0.5602836607369654,0.5417197978095287,6725.343743817563,media,93.182373046875,114.765869140625,95.42333984375,101.12386067708333,27.24242459097891,0.10379263495046159,0.011881754537800307,-0.202355926246731,14.654555224867725,0.8985741147330245
data\images\sat_patch_0984.png,residencial,0.49443530013252746,0.3156415615795356,0.02602356898032381,0.6329705986805529,9.385830212354024,0.6634440825482377,0.5599549387235765,6935.0993326749185,media,85.0791015625,117.78076171875,84.98291015625,95.94759114583333,30.29614605113311,0.16120320435052446,-0.0005656254722157274,-0.3413296272156342,15.603133267195766,0.8564687897950088
data\images\sat_patch_0985.png,industrial,0.46716536280595616,0.17708343104002366,0.02767112607802731,0.572944171591854,7.796581652580967,0.6113737529841459,0.6906787656787643,9275.194402987634,alta,92.536865234375,99.267333984375,85.85107421875,92.5517578125,24.366095933174822,0.03509030950481791,-0.03747894055305732,-0.10884033309642513,14.372065145502646,0.927995227930148
data\images\sat_patch_0986.png,residencial,0.633423830972924,0.294235140363896,0.0529841048752558,0.7060189170161306,10.237886954836114,0.825710425393896,0.6303299077991642,8569.584770756344,media,98.6376953125,114.84423828125,90.36669921875,101.28287760416667,29.08027950419856,0.07591528997332063,-0.04376086635711323,-0.20084382766336728,16.72329695767196,0.8963794154320233
data\images\sat_patch_0987.png,residencial,0.5729213592021893,0.4353510099094987,0.005398906500539535,0.43097131978909864,9.049704155744116,0.5986775685278085,0.6993909668682479,7021.162973654081,media,82.716796875,126.593017578125,76.872802734375,95.39420572916667,34.46192899069579,0.20962333088937768,-0.03661889069407006,-0.4905771469571747,14.971395502645503,0.8056268514718432
data\images\sat_patch_0988.png,periurbano,0.21135930591505564,0.6751321175747619,0.062177739945114746,0.24135012030452305,15.08925473968052,0.35346798675528407,0.5723056271350127,336.63345470569254,baixa,81.92626953125,153.781494140625,89.389892578125,108.36588541666667,44.57623548247378,0.30484878047782393,0.04356636823642804,-0.6286426045923998,14.41550925925926,0.73315453400759
data\images\sat_patch_0989.png,industrial,0.5185114082506985,0.05480721763735842,0.09847928169074259,0.5607116704910815,8.861570360067116,0.6252544877939652,0.5523748638388248,8257.51401457728,media,90.71630859375,98.052978515625,88.3466796875,92.37198893229167,24.560754945217873,0.03886580277626545,-0.013233493508410495,-0.0922518220214398,14.649760251322752,0.932990880454621
data\images\sat_patch_0990.png,parque_urbano,0.0663064960368577,0.6809934202441688,0.0915547187986142,0.06322335371534657,16.94206155380574,0.22117986636534662,0.15907338522352404,100.0,baixa,77.8505859375,159.21630859375,76.070556640625,104.379150390625,45.155208806416574,0.3432184087698758,-0.011564553481708763,-0.78804757663584,12.786582341269842,0.6886825692852016
data\images\sat_patch_0991.png,centro,0.9051303286443282,0.1594067875853087,0.0673392484863726,0.7280426191528232,2.6300091420276757,0.9228754891941147,0.9230936857046789,13115.128995925352,alta,97.54541015625,105.924560546875,89.673828125,97.714599609375,33.606223581561586,0.041181262868855595,-0.042044728209929966,-0.12602969596611616,17.263434193121693,0.9179160357646344
data\images\sat_patch_0992.png,parque_urbano,0.08968302379873325,0.8385623963015867,0.08780620613514985,0.19825623757155084,18.686483878248442,0.21155248081879832,0.09370438547657906,100.0,baixa,70.768310546875,169.79150390625,84.390380859375,108.31673177083333,51.69320813146389,0.4116364704256703,0.08779443872105798,-0.8513196054225443,13.951140873015873,0.6466958431756533
data\images\sat_patch_0993.png,centro,0.8802116509436106,0.09202187991379887,0.025539183740017696,0.8405066962432264,4.244324630143823,1.0,0.773673817406194,14516.639665655275,alta,97.718505859375,107.57177734375,90.745361328125,98.67854817708333,33.29550294531971,0.047996774531354126,-0.036999901351449066,-0.1351848386629704,17.719287367724867,0.915067179997083
data\images\sat_patch_0994.png,periurbano,0.36215571471493535,0.43380483539566234,0.1138811882656985,0.2010862267307225,11.279862835880282,0.6705798345783934,0.3960101147924556,3789.8016286131224,media,84.152099609375,124.2421875,75.024169921875,94.47281901041667,34.148166026371584,0.19237613590245747,-0.05734478925178722,-0.47266560614419467,14.424809854497354,0.8145636488768906
data\images\sat_patch_0995.png,periurbano,0.1486791890021343,0.6868354451197722,0.05750876570045952,0.15153175986889783,15.133060293547379,0.37028863076811025,0.34153275174152653,277.277361908387,baixa,72.14404296875,152.18896484375,88.68359375,104.3388671875,42.66834855614174,0.3568129465151623,0.10284022706454107,-0.6879042080022659,13.893146494708994,0.7168248274695285
data\images\sat_patch_0996.png,residencial,0.3861802990785001,0.4073611058089457,0.06170679729940004,0.7451944346759098,13.902369397269222,0.5959482665975991,0.5470103935109041,5147.074550994015,media,86.147216796875,123.87646484375,89.063232421875,99.69563802083333,34.715585109035985,0.17964282681127033,0.016642932093144894,-0.36381972762916365,16.589161706349206,0.8436128711812992
data\images\sat_patch_0997.png,periurbano,0.3882435127028404,0.477038367027936,0.03124272895127539,0.28589095644338625,17.135608391427006,0.5231318747793239,0.22371607635496632,4145.201727560459,media,86.48828125,128.231201171875,92.710205078125,102.4765625,33.47613768691953,0.19440676391652661,0.03472085016394263,-0.37698334807853406,14.934399801587302,0.835111798312396
data\images\sat_patch_0998.png,industrial,0.5328171421722174,0.21710456739240513,0.009015344886299948,0.5473475802545599,11.5065740191402,0.6451386219573112,0.4795337746171511,8433.549681916225,media,87.6552734375,98.85498046875,77.850341796875,88.12019856770833,22.63984942798934,0.06004874657899948,-0.0592422895591657,-0.18272964576288983,14.007936507936508,0.9095300219976272
data\images\sat_patch_0999.png,industrial,0.7637771814635442,0.11376153258031833,0.006650378450480632,0.5702320966689182,4.36921573378982,0.7913029564773324,0.6770634242224253,12793.839873328034,alta,94.12451171875,106.161376953125,84.9716796875,95.08585611979167,27.831334946397547,0.06009841858602617,-0.05110567627528518,-0.17471874107492297,15.36421130952381,0.9080284766587566
data\images\sat_patch_1000.png,industrial,0.6822883314919739,0.29305573380145433,0.09375352673247926,0.6623394673502415,3.072174040626117,0.873650545957385,0.5687018745288355,11030.158996668255,alta,96.10693359375,112.88623046875,97.087646484375,102.02693684895833,29.137398005951216,0.08028634271356244,0.005076296059403521,-0.15965333051357286,16.650214947089946,0.9068492689519989
data\images\sat_patch_1001.png,industrial,0.5701380068128761,0.25827661220174775,0.002078706386524143,0.6544422913771848,10.541353662216638,0.9081245192491533,0.43658485935611796,8698.73153431802,media,94.036376953125,106.1748046875,82.7900390625,94.333740234375,30.41682585659349,0.060628120638811824,-0.06360100532733881,-0.1882846630195476,15.688740079365079,0.9015331086584081
data\images\sat_patch_1002.png,residencial,0.41515238113075065,0.3561030923933847,0.021038825324967314,0.4240716179311959,13.718865195216228,0.5108936170950544,0.4245104906975036,5227.6115449219005,media,104.68115234375,120.912353515625,86.039306640625,103.87760416666667,29.545088684140595,0.0719488845128544,-0.09774434114018106,-0.24598299106376523,15.501777447089946,0.8688335950176194
data\images\sat_patch_1003.png,parque_urbano,0.046392041852301516,0.9155003314455882,0.0801319036830874,0.1926530720320714,15.844029151644147,0.24909282054723939,0.08189365221033679,100.0,baixa,51.4912109375,179.83935546875,81.929443359375,104.42000325520833,60.50869923037573,0.5548257023286164,0.22813733266522138,-1.083403789601644,13.641286375661375,0.5631238532415808
data\images\sat_patch_1004.png,centro,0.9321355634087984,0.11458994229159881,0.0545490691256649,0.5565261050014606,0.45902557806827227,0.9157676333027606,0.6521704828827635,12779.974089655596,alta,107.9892578125,105.286376953125,94.054931640625,102.44352213541667,34.298118101477456,-0.012673181583410104,-0.06896672525265118,-0.04162568892643108,16.95448908730159,0.9259789833283011
data\images\sat_patch_1005.png,parque_urbano,0.08518867531754203,0.7413875551227453,0.09596343169629282,0.04351852863720545,10.872864425824332,0.2092985833509517,0.2945724935691453,100.0,baixa,63.51220703125,158.58984375,80.4384765625,100.84684244791667,47.30244154753526,0.42808085722860717,0.11758380711434907,-0.8588717206390094,12.938616071428571,0.6667922089483382
data\images\sat_patch_1006.png,industrial,0.761540946681646,0.1236849422631975,0.07200216043894808,0.5814427148263763,2.87368542894594,0.9711458604451596,0.7932588849347335,13006.380783357577,alta,95.1767578125,110.3505859375,90.386474609375,98.637939453125,30.158290346329675,0.0738287556989421,-0.02581482934302168,-0.17811573970273312,15.988632605820106,0.9063877365641015
data\images\sat_patch_1007.png,periurbano,0.2598279309327533,0.4832557296822063,0.05579122667522139,0.10160479330344224,13.388928521790683,0.36581969156519684,0.2355822998722123,2596.6519035692518,baixa,85.22216796875,128.79296875,78.018310546875,97.344482421875,29.349086539262924,0.2035874716418844,-0.04413033729899981,-0.48459581718409905,13.179439484126984,0.8098292377054311
data\images\sat_patch_1008.png,residencial,0.497055825931515,0.41626225541607753,0.08146267530063912,0.6596317976221087,13.196514484509574,0.7356555314292242,0.6133037118312389,7396.183764739547,media,85.451416015625,118.646240234375,92.134033203125,98.743896484375,33.848872633625625,0.16264186794701682,0.03763043188092461,-0.30233276572584095,16.82184193121693,0.8605338616387085
data\images\sat_patch_1009.png,industrial,0.5238959610382966,0.21841902512256783,0.01950810819035256,0.4898954077095377,12.789963547550956,0.6851679032919343,0.5210808054413745,7162.872782108845,media,87.832275390625,110.9521484375,77.056884765625,91.94710286458333,31.11804904926798,0.11630626024581724,-0.06534929615409453,-0.3100431352504589,15.63446593915344,0.8690192391468834
data\images\sat_patch_1010.png,residencial,0.6460295998383434,0.26563474939207665,0.007786984907195505,0.4299808211286753,5.735730852207962,0.769072901329031,0.6861677939958564,9373.326057072685,alta,94.92578125,111.6318359375,83.51025390625,96.68929036458333,27.49019964841942,0.08087842430645814,-0.0639754591597957,-0.2318128310079335,15.590732473544973,0.8873194568331604
data\images\sat_patch_1011.png,parque_urbano,0.16494162397478798,0.8124077418104899,0.06931974826987948,0.13470661321531513,18.266914398468817,0.17236315473186692,0.2134213625140334,100.0,baixa,65.972900390625,146.740478515625,87.541259765625,100.08487955729167,44.19375256938337,0.37970144689815477,0.14049752291612538,-0.6992404651713537,14.102967923280424,0.7185358066633898
data\images\sat_patch_1012.png,periurbano,0.1546126159749991,0.5676938930318381,0.08234235849762205,0.11338194337750349,11.460646379820773,0.36397501491047235,0.17293481301705682,233.0663362289876,baixa,78.7685546875,138.642333984375,88.2744140625,101.89510091145833,33.43474699662161,0.2753945737825683,0.05690667131473218,-0.5409568131868814,13.145006613756614,0.7818348231321495
data\images\sat_patch_1013.png,industrial,0.4693393105127147,0.10902394249019919,0.07164314629577553,0.4160108382488272,8.954017433111506,0.5339945555156863,0.34175820133804136,7647.476885613332,media,98.810302734375,100.8291015625,90.169921875,96.60310872395833,27.891853907984984,0.01011222621667768,-0.04572108447597474,-0.06561889442199169,14.789310515873016,0.9335652215226531
data\images\sat_patch_1014.png,residencial,0.5176182533565601,0.27238894544643394,0.00440328795725643,0.4668839529918674,8.479955448076941,0.6935588316825856,0.5391957929592118,8569.699289894916,media,90.452392578125,98.5673828125,92.917236328125,93.97900390625,23.61748354961067,0.04293196399515732,0.013441941019678024,-0.07323516955984793,14.41087962962963,0.9329606457442731
data\images\sat_patch_1015.png,residencial,0.4783757663414402,0.1602256603470625,0.010777448840883098,0.37516398633703213,5.383961670193658,0.6267976894565302,0.4621329642416704,6796.805224376194,media,86.88427734375,102.9814453125,87.29833984375,92.38802083333333,29.259691565530602,0.08478185350555302,0.0023771746245901514,-0.17199347278390245,14.681258267195767,0.9136422261826588
data\images\sat_patch_1016.png,residencial,0.4894108624878014,0.19375308432894683,0.012998262389833915,0.5630002157920546,8.69748967286927,0.7417373249170836,0.6641957366001012,8575.88728603719,media,87.294921875,102.58203125,90.994384765625,93.623779296875,29.83662072853032,0.0805106098601949,0.020749774283054315,-0.14352526555837028,15.916211970899472,0.917314159839496
data\images\sat_patch_1017.png,periurbano,0.3717465844289526,0.5873198508830738,0.10761153628245491,0.11819479920964024,12.93143969386985,0.48610996868297346,0.27399462778648287,2360.6836703064896,baixa,87.049560546875,141.681396484375,89.966796875,106.23258463541667,36.89309371715504,0.2388475806149337,0.016480038083104637,-0.5005358521153248,14.46350033068783,0.7860215027832762
data\images\sat_patch_1018.png,centro,0.9162662796042387,0.17712606491741759,0.07509852548783287,0.8779154740365085,1.4009339239085807,1.0,0.7716999214500203,14412.671235315838,alta,85.404296875,104.8349609375,88.582763671875,92.940673828125,31.024587746792957,0.10213803493447629,0.018268408976024164,-0.1919657964293526,16.471106150793652,0.898110456599208
data\images\sat_patch_1019.png,periurbano,0.11943041503208766,0.4165862422111623,0.05317076712835698,0.27123763287171326,14.303826900577373,0.32119744151614144,0.3308210815472205,1099.5169035966896,baixa,75.396240234375,124.21484375,89.98046875,96.530517578125,30.202596288790726,0.24456859958176363,0.0881879226948156,-0.4301902638615153,13.80324074074074,0.8262665324174879
data\images\sat_patch_1020.png,residencial,0.4854788215948118,0.2468286111617205,0.09377315000149444,0.5339547453259001,10.225403252909828,0.6418235848784816,0.40082457238110714,5378.337357261897,media,97.017822265625,107.491455078125,86.388671875,96.96598307291667,30.085714384673864,0.05121348477351411,-0.057954056547862225,-0.16282212941746718,15.848875661375661,0.9096762961981895
data\images\sat_patch_1021.png,residencial,0.45685798152095214,0.17147806267256963,0.03274077144209897,0.5725733240586866,7.367517211376445,0.7145781545854921,0.8226191517654298,8002.428328738804,media,103.3154296875,114.8095703125,99.975830078125,106.03361002604167,24.996401301956272,0.052695200331483324,-0.016427659491104404,-0.12414875153553395,14.511036706349206,0.9210931763501609
data\images\sat_patch_1022.png,residencial,0.6661431276454166,0.3883905991413757,0.09692623020993386,0.6699628986789792,3.2648914507789213,0.8622751016617451,0.6331446747822406,10317.822852536216,alta,92.0693359375,110.91064453125,92.1865234375,98.38883463541667,29.00812867077894,0.09282348169221177,0.0006360041941759596,-0.19090290806316704,15.49917328042328,0.902101918821267
data\images\sat_patch_1023.png,centro,0.9484048183226181,0.13504452881803378,0.06396223849955558,0.8007685652608695,3.6577772714734365,1.0,0.9207361785857974,14702.138012191059,alta,86.811279296875,97.481689453125,88.235107421875,90.84269205729167,25.23583574807597,0.05789917092727299,0.008134004611895727,-0.1096235234623602,15.997809193121693,0.9241594192058594
data\images\sat_patch_1024.png,periurbano,0.18086681134130883,0.36881702191057014,0.09282193433562766,0.27504029739391134,14.813773733165636,0.47030928764367597,0.3409995096973425,2532.7986788731646,baixa,87.161865234375,114.8408203125,83.233154296875,95.07861328125,22.12977390008036,0.1370227077237513,-0.023056489123046205,-0.31177684667540234,12.692170965608465,0.8736018622133617
data\images\sat_patch_1025.png,residencial,0.4447480017320166,0.4214914027602976,0.07696005366927339,0.4928108733833064,7.4758331455664955,0.6456686656315469,0.4194315323341583,5275.632641185466,media,88.667236328125,122.763427734375,92.421875,101.2841796875,32.033297247242785,0.1612641732748227,0.020733652198105485,-0.31810369449223175,15.612681878306878,0.8556849980195079
data\images\sat_patch_1026.png,centro,0.7702179655162937,0.11438455699618127,0.05781988335248848,0.9470426410170203,7.937712650311069,0.9007220600635526,0.735011660877257,11811.700447848352,alta,98.744873046875,103.477783203125,92.25830078125,98.16031901041667,33.470870433954445,0.02340445042416235,-0.03396054684149606,-0.0812568285047978,17.313161375661373,0.9322343108004184
data\images\sat_patch_1027.png,centro,0.8385667045326224,0.06508004564530687,0.0770536282406722,0.8009659430091718,7.413992203183367,0.8707064264103201,0.6829200805292425,12712.787825583706,alta,91.044677734375,97.738037109375,89.502197265625,92.76163736979167,27.772025259828673,0.0354553611811576,-0.008543379442079075,-0.08047076076446152,16.150917658730158,0.9323303098615704
data\images\sat_patch_1028.png,parque_urbano,0.05885949303018889,0.6748309807894097,0.14914395516492834,0.02195715234998816,13.216995720493458,0.07178321239292679,0.13617168926872503,100.0,baixa,73.158447265625,144.3974609375,85.610107421875,101.05533854166667,39.366382954452895,0.32745152238251274,0.0784264875518442,-0.6433423893147582,12.876405423280424,0.7384352458082352
data\images\sat_patch_1029.png,industrial,0.7645871658302865,0.269784702064634,0.0707923366800285,0.58248629748184,5.553930757253643,0.8317703841921287,0.5800227157853737,11277.54079007727,alta,96.6455078125,114.375244140625,91.751220703125,100.92399088541667,31.51837236967116,0.08401892268891385,-0.02597862033995173,-0.19992154002112972,16.538111772486772,0.8959719263000616
data\images\sat_patch_1030.png,periurbano,0.20294124021530316,0.39900045636734194,0.010058057153898119,0.2784146845498372,14.447344365550489,0.34609318606753486,0.39181047636191363,2114.5347274440337,baixa,78.097412109375,126.113037109375,83.105712890625,95.77205403645833,30.34063144182643,0.23512814818519678,0.031068260929691897,-0.4752062028119766,13.540178571428571,0.815378956731226
data\images\sat_patch_1031.png,industrial,0.4991842682176671,0.18007624653437093,0.07161389254263095,0.45928198056023106,11.132627329658328,0.6300677650964877,0.429164549393817,8488.965603169305,media,97.056884765625,110.525146484375,92.77099609375,100.11767578125,23.662238207613424,0.0648816353359986,-0.022577761653843863,-0.15592856882603134,14.548776455026456,0.9154487682411878
data\images\sat_patch_1032.png,periurbano,0.3218292876864819,0.5344226829605413,0.01880326772960274,0.23418169343570042,15.683527727650974,0.2431283959281968,0.33376187352095105,2093.524404518434,baixa,97.051025390625,133.5458984375,83.249267578125,104.61539713541667,32.65986369417317,0.15826261809031664,-0.0765487260652617,-0.41481228123753355,14.049189814814815,0.8175843566200347
data\images\sat_patch_1033.png,industrial,0.6147261675856763,0.19433570263654454,0.04085440433335269,0.6784817060526591,6.790847864516159,0.925367035364115,0.6214094465536524,9895.529245739282,alta,107.1474609375,113.556640625,92.81787109375,104.50732421875,33.88297653246494,0.02903969438304854,-0.07166037045786638,-0.12988538919126072,16.627438822751323,0.9085648093220671
data\images\sat_patch_1034.png,residencial,0.44332811285979634,0.22194717239283063,0.014232789858020635,0.528460422121786,8.729914341084624,0.5841796831828479,0.574945154020813,8930.024774637906,media,90.967041015625,98.43408203125,73.640625,87.68058268229167,27.447041939870733,0.03942448099609471,-0.10525886387770948,-0.1839660315433693,14.562830687830688,0.8985388888322544
data\images\sat_patch_1035.png,residencial,0.38546686120617196,0.3105597010208357,0.017246560115877354,0.6175476688537487,9.647045577797128,0.6138600300508603,0.6388837287157245,5884.219889362572,media,85.97607421875,104.406982421875,80.9697265625,90.450927734375,24.466678567838198,0.0968096028687382,-0.02998786194581787,-0.23144131656985634,14.209366732804233,0.8971471755468838
data\images\sat_patch_1036.png,industrial,0.7136765980405988,0.08381165938073233,0.04987532842239481,0.6257659855173523,4.898517520638968,0.8066243058219195,0.5930667733476923,11192.424165184158,alta,98.500244140625,101.9208984375,93.435791015625,97.95231119791667,25.743978826712844,0.017067332496990842,-0.02638615044064557,-0.06077325512589187,15.989996693121693,0.9365984626792289
data\images\sat_patch_1037.png,periurbano,0.3877453648962361,0.5869590438750931,0.04802233244089577,0.21640916601298077,6.080258924448033,0.4213661890337914,0.2927399591426879,5097.767704434873,media,81.86279296875,133.5966796875,91.50537109375,102.32161458333333,34.447564246973556,0.24010959388719047,0.05561908163199286,-0.45848179183647847,15.201264880952381,0.8034151714282265
data\images\sat_patch_1038.png,centro,0.7633737682693441,0.06155242999483514,0.061027636731005246,0.901077172166129,2.002069868926792,0.8402170524297916,0.809894895248959,12905.499687521064,alta,100.1708984375,92.97119140625,83.65234375,92.26481119791667,27.01602760261566,-0.03727673755522555,-0.0898610774190892,-0.011484013105962025,16.00124007936508,0.918942972468538
data\images\sat_patch_1039.png,centro,0.709782865470916,0.02217298928038535,0.03877586196647121,0.9046237351896038,7.457419051306142,0.9798631536152255,0.8645341004241133,13125.408165960693,alta,101.45166015625,93.7294921875,91.623779296875,95.60164388020833,29.376400463615337,-0.03956410665916006,-0.05090176583987139,0.02937425964355835,16.87781084656085,0.9298573903590861
data\images\sat_patch_1040.png,industrial,0.7393781814875662,0.21466230267750913,0.09721056408096211,0.30373804793987413,5.354456148546795,0.6575473005507158,0.609225089530218,9581.213286253877,alta,101.214111328125,111.926513671875,100.98974609375,104.71012369791667,27.23468645328338,0.05025978643672558,-0.0011095991744474423,-0.10337667911451612,15.522156084656086,0.9259617382215162
data\images\sat_patch_1041.png,centro,0.7442483211589401,0.05560324137618111,0.0410007300104147,0.8958561324032888,4.17438596316058,1.0,0.7793179750250022,12777.448771213554,alta,100.71044921875,95.632568359375,90.040771484375,95.46126302083333,27.21908719593253,-0.025862293939188413,-0.05593504271747583,-0.002691751575344968,16.012524801587304,0.9338289749167343
data\images\sat_patch_1042.png,periurbano,0.3843435084708411,0.6835837156302157,0.04613371800385728,0.16383740179817313,16.466450322642064,0.4604550102389505,0.29834030414721235,1414.9901518234162,baixa,74.053466796875,147.34814453125,81.720947265625,101.04085286458333,45.53988519466705,0.33104852744138874,0.04922169321370037,-0.6874539836440093,14.96052414021164,0.7242580582059697
data\images\sat_patch_1043.png,residencial,0.540159872636766,0.23736151534320193,0.023451138216910875,0.5101403478785614,7.655381751495421,0.6025148036341723,0.6329389507820029,8754.251686397525,media,90.80126953125,109.932861328125,88.531982421875,96.42203776041667,25.89256793431175,0.09530811536464413,-0.01265402301026769,-0.21018260567917205,14.416418650793652,0.9000644712789603
data\images\sat_patch_1044.png,residencial,0.6997572068757659,0.3773908061177068,0.06285868753272164,0.6628967428977734,8.095589869344579,0.8245595945086874,0.8054757815226501,10581.455826042176,alta,91.857666015625,121.724853515625,89.325439453125,100.96931966145833,32.768814462762485,0.1398391002489833,-0.013976063286765381,-0.3083441641212715,16.518229166666668,0.8576080177512161
data\images\sat_patch_1045.png,centro,0.8116023149862751,0.020712375587031366,0.05110548944579482,0.6592139435397611,0.2,0.8957126273721379,0.8944106187200468,13332.375162118846,alta,95.09423828125,94.303466796875,94.1845703125,94.52742513020833,32.681383317885526,-0.004175190400927101,-0.004805968352730158,0.0035538627650482887,16.69572585978836,0.9353079644117829
data\images\sat_patch_1046.png,centro,0.8534146152323662,0.12793626228539504,0.05561611134239281,0.920528883935305,7.180751132364643,1.0,0.9202225610850635,14708.77707886383,alta,97.3486328125,97.607666015625,93.2548828125,96.07039388020833,33.008711599309976,0.001328673160874338,-0.021477830380507545,-0.024002276726355427,17.564814814814817,0.9401220814914174
data\images\sat_patch_1047.png,residencial,0.6212128613239887,0.445433880135211,0.08106752642501364,0.5175240755150049,8.061680404382484,0.6634941550737279,0.4197764246661448,8245.165666376557,media,83.757568359375,120.977294921875,86.470458984375,97.06844075520833,32.94857874406196,0.18179476511323553,0.0159368034241795,-0.3694638607719868,15.128678902116402,0.8425907862776264
data\images\sat_patch_1048.png,residencial,0.3922993356691855,0.1739321618762098,0.007674601126683023,0.5622271822076899,10.128712540002985,0.642248630962981,0.4537256382755106,7693.198739696608,media,102.674560546875,104.43505859375,84.032470703125,97.04736328125,31.03183276476629,0.008500320002903015,-0.09984674716905313,-0.1141869544919831,15.872809193121693,0.9084275840535867
data\images\sat_patch_1049.png,parque_urbano,0.14911654021569876,0.7486434629098713,0.02099288579330513,0.03457413660552121,20.3848041914602,0.17248433039385713,0.09039188811269791,100.0,baixa,75.8984375,162.766845703125,79.1748046875,105.94669596354167,46.17737654569864,0.363975885697697,0.02112786912916063,-0.8044632541843602,13.235284391534393,0.6756545247965249
data\images\sat_patch_1050.png,residencial,0.5085412374941951,0.2747633664659099,0.05861775795448231,0.3962078226909248,3.673928363745743,0.5776415810185503,0.4465703711399964,6652.635955852319,media,84.544189453125,108.33740234375,89.038818359375,93.97347005208333,27.861247879473147,0.12335657615437573,0.025893253821317182,-0.22927639254230084,14.913938492063492,0.8918219775776595
data\images\sat_patch_1051.png,residencial,0.5034192977519709,0.36605421920342596,0.015387442143774433,0.5857391594759707,13.984740220642266,0.6753829873217586,0.8034894433848293,6943.45827562999,media,90.9912109375,123.12109375,83.491455078125,99.20125325520833,32.57333385620017,0.15006088841710027,-0.04298281306476932,-0.3616865634569708,15.688492063492063,0.8423243268181524
data\images\sat_patch_1052.png,periurbano,0.10995046080597735,0.6832814688021536,0.011058056500709132,0.2687301381386279,18.534321865464165,0.3172920532750809,0.16524650612102426,100.0,baixa,73.69287109375,152.63330078125,80.21484375,102.18033854166667,43.304228604023834,0.34879054722097397,0.04237586543660507,-0.7406458394916055,13.837508267195766,0.7065139820269879
data\images\sat_patch_1053.png,residencial,0.6302156456546013,0.401008072655874,0.07498594014945309,0.5841827602000206,10.720014986384605,0.7607044531628188,0.7516752859424771,8355.985889131087,media,85.435791015625,122.15478515625,80.719482421875,96.10335286458333,36.47257988969771,0.1768817960856838,-0.028384946609227617,-0.40661586579551184,16.521040013227513,0.8313803913279552
data\images\sat_patch_1054.png,periurbano,0.25039843234009507,0.6297727331087628,0.11356500675811336,0.2687878916166083,15.170072920832304,0.4845387370314131,0.38942087156994326,1344.8655169538474,baixa,73.01806640625,145.545654296875,86.22998046875,101.597900390625,42.010243187834746,0.33183726615498976,0.08296437060798727,-0.6488483517579622,14.36871693121693,0.7385352571657492
data\images\sat_patch_1055.png,parque_urbano,0.21665802701549175,0.8756071021632439,0.06824696567181082,0.18879300169309493,15.347575953332397,0.41475256071596983,0.28029592182759555,237.46117589501927,baixa,70.89990234375,167.315185546875,79.703857421875,105.97298177083333,52.58478167212332,0.4047404538987599,0.05845773726611005,-0.8682713580218966,14.663070436507937,0.6483640663067126
data\images\sat_patch_1056.png,residencial,0.5492438639663779,0.22070270054220875,0.005175087462844419,0.4951139606032062,9.182529693406073,0.7221226399351809,0.7072578356279664,8806.795865144635,media,85.78466796875,113.69482421875,92.544921875,97.34147135416667,27.46087294948245,0.13991491458104896,0.0379087613797827,-0.25199977669975115,14.094535383597883,0.8790798443866275
data\images\sat_patch_1057.png,industrial,0.7563995361723664,0.19662334722434655,0.09755581469841705,0.40846727609149025,3.3488120733441504,0.9773549440147378,0.6126864294561449,12031.609686322625,alta,89.0283203125,101.012939453125,96.705078125,95.58211263020833,32.60758328954647,0.06306324790912353,0.041332134315902935,-0.08522766368079576,16.359912367724867,0.9175775715937596
data\images\sat_patch_1058.png,residencial,0.49701832736227913,0.25580903524843435,0.06981474852636886,0.6250942896630701,7.078302261542344,0.6130657953768853,0.5484360980227769,7519.115000649708,media,85.206787109375,117.955078125,87.087890625,96.74991861979167,29.244346659086347,0.1611930999779524,0.010917943197335064,-0.3287624360083266,15.367270171957673,0.8585950387564931
data\images\sat_patch_1059.png,residencial,0.4883690535227172,0.2932154378612609,0.01245829298012987,0.5089441604873982,9.481945270980445,0.6012205296398391,0.6241168173346032,7533.131337381684,media,88.678955078125,105.8076171875,84.20068359375,92.895751953125,25.69273545442721,0.08807118055384262,-0.025903984372449788,-0.20848959436644482,14.225281084656086,0.901105269252513
data\images\sat_patch_1060.png,centro,0.9003604216013383,0.16196816538449516,0.032905062179145725,0.9407426426601556,1.8947896130761792,1.0,1.0,13758.64034105094,alta,96.095703125,100.026611328125,86.3369140625,94.153076171875,27.10866963497679,0.020043146003263065,-0.053492567060952574,-0.09357424100214938,16.086598875661373,0.9259104867230405
data\images\sat_patch_1061.png,residencial,0.4563905015487056,0.4061577046309126,0.053388509216535554,0.5461218897703812,11.044779900836101,0.7040169243983115,0.4427190866518257,6991.298490798208,media,73.774169921875,131.558837890625,78.25341796875,94.52880859375,39.02807629227122,0.28141928228167207,0.029463389372685233,-0.5875991053312174,15.922205687830688,0.7734062430555457
data\images\sat_patch_1062.png,industrial,0.6446106398411984,0.16387329509391835,0.02891114998836072,0.5358829469938389,5.130111036748104,0.872920688468088,0.7938867860923364,11221.549314967951,alta,97.406005859375,108.36669921875,97.667724609375,101.14680989583333,34.54642289550857,0.05326602137026663,0.0013416401482119916,-0.1070704443220476,17.044642857142858,0.9237955053810778
data\images\sat_patch_1063.png,periurbano,0.2758638265625629,0.5217542395258294,0.06420423326027153,0.3732947923944073,15.22958483708181,0.4083131390359433,0.4655274044312472,2188.309130222105,baixa,88.634521484375,140.09423828125,89.68017578125,106.13631184895833,37.438998428438566,0.22498139991063484,0.005864094811283306,-0.4799195325442043,15.048487103174603,0.7938402315308896
data\images\sat_patch_1064.png,industrial,0.5733143369950198,0.14030561693782884,0.021651509561508464,0.6394755695907962,5.024252514825426,0.5949960264689967,0.6668662914469274,10082.80929517399,alta,94.728271484375,101.98291015625,81.817138671875,92.8427734375,23.71112539100674,0.036879645450196,-0.07313207818850138,-0.14767121255466628,14.953621031746032,0.9108939666195339
data\images\sat_patch_1065.png,periurbano,0.10090338645985521,0.5186767453856962,0.013288576220688806,0.350462261384609,18.787364450513607,0.24864815002882085,0.38157762267342316,926.7233555744249,baixa,90.5888671875,139.15185546875,77.039794921875,102.26017252604167,36.183397000002884,0.2113817154764101,-0.0808278966991728,-0.5411444407530777,13.816881613756614,0.777682527752863
data\images\sat_patch_1066.png,industrial,0.6712200247474722,0.08320176441232223,0.08905039148806888,0.6396542121045107,6.521912852614667,0.8380568187978475,0.6711287958787218,11403.215173688675,alta,94.5986328125,98.57958984375,82.68359375,91.95393880208333,31.30445506652176,0.020607690431680818,-0.0672094390189192,-0.10808103039294496,16.07845568783069,0.9219589477332834
data\images\sat_patch_1067.png,parque_urbano,0.24549026985935413,0.8278117241802397,0.15028468552202115,0.21823844499232475,17.298691891081262,0.38582321298239697,0.3515691608635051,100.0,baixa,60.661865234375,154.383056640625,93.91064453125,102.98518880208333,51.55587339391766,0.4358214560625906,0.21510150240937354,-0.7486202812848812,15.835854828042327,0.6661540960207524
data\images\sat_patch_1068.png,residencial,0.47101901684765285,0.23992200914269135,0.04096362902221519,0.41503069262040326,10.120828280328531,0.48062405322289276,0.5642752294472707,6903.725345058235,media,99.236572265625,115.2255859375,87.47802734375,100.646728515625,26.656652144543628,0.07455400864789026,-0.062976033387314,-0.21727766255353123,15.093915343915345,0.8908964900884102
data\images\sat_patch_1069.png,residencial,0.5591711211954246,0.4415979335901097,0.04972266899529623,0.4531907135337904,10.631437487941405,0.6410227774154336,0.44802785896543007,7377.313099061105,media,88.988525390625,122.232666015625,93.41064453125,101.5439453125,33.015187809569944,0.15739017589229512,0.024244184435021784,-0.3056123203955817,15.143435846560847,0.8563996175965285
data\images\sat_patch_1070.png,industrial,0.6558774581986534,0.20392329821423938,0.07260908635367608,0.69441840023531,2.743235335423228,0.7424553694299497,0.7214463204700798,10733.989934126921,alta,100.181396484375,102.02783203125,96.93994140625,99.71638997395833,26.16142767080963,0.009131311915375867,-0.016443958306936814,-0.03477024240521275,15.84201388888889,0.9406727429496802
data\images\sat_patch_1071.png,parque_urbano,0.1457235223564182,0.8927417890066562,0.1768304414348314,0.1843425911938575,13.36006379919129,0.2922428498824699,0.32672310328917387,100.0,baixa,75.6689453125,164.25244140625,89.486328125,109.80257161458333,49.68164522530477,0.3692188384538389,0.08366298236347841,-0.7438332521969748,14.426752645502646,0.6782678200540605
data\images\sat_patch_1072.png,centro,0.8548632260812341,0.09065757781481353,0.057630700568916414,0.8539014704328817,4.7845428750329395,1.0,0.9946742097363755,13582.892168796372,alta,94.788818359375,106.25390625,87.343017578125,96.12858072916667,27.188884127913138,0.05702811606773382,-0.04088137969972316,-0.1579965917321109,16.074983465608465,0.9105612362050309
data\images\sat_patch_1073.png,residencial,0.4342741516840419,0.19434148175811528,0.006536260368597758,0.5749653616691592,5.115696448858645,0.6578708891678184,0.7040758431408631,7821.6735167713805,media,102.7880859375,120.23779296875,97.942138671875,106.98933919270833,33.932585782454694,0.07824072721329502,-0.024141592283442703,-0.18574449219210054,16.514756944444443,0.9015402592730762
data\images\sat_patch_1074.png,centro,0.9250315561757602,0.05082768427234796,0.054058342572542724,0.6626014494987947,2.1632420575877407,1.0,0.8295869658188659,13182.243849616505,alta,102.871826171875,103.279052734375,89.04052734375,98.39713541666667,28.579430583397663,0.001975381151345034,-0.07207091415784225,-0.07442163708457414,15.652984457671959,0.9236595123890473
data\images\sat_patch_1075.png,residencial,0.6067846981303819,0.3852375768134901,0.04074957497591804,0.41094357989720864,3.4388223837729366,0.6963291774578577,0.7087773283043752,8120.0248308805585,media,87.052734375,109.02392578125,79.91552734375,91.99739583333333,27.240644771982105,0.1120540878077353,-0.042745890237070275,-0.2776143217198206,14.826016865079364,0.8794968218001992
data\images\sat_patch_1076.png,periurbano,0.37228572139040184,0.529878099479061,0.09606964324375342,0.3358105070777175,12.740131656908613,0.715065879984015,0.4342591523085543,3415.6296931750344,baixa,83.127197265625,126.652099609375,89.143798828125,99.64103190104167,32.98332713838117,0.2074794928986984,0.034925214714034314,-0.4066256679890001,15.087838955026456,0.8277300551197906
data\images\sat_patch_1077.png,periurbano,0.24626076585458737,0.5039767066732119,0.04185178546768105,0.2803153487975062,15.403491936918558,0.4530037163045065,0.38529109710006254,3121.0361566889005,baixa,77.734619140625,145.13671875,86.113525390625,102.99495442708333,40.78469781798921,0.30242605417492846,0.05113824280911333,-0.61374507345777,14.632853835978835,0.7503022125688776
data\images\sat_patch_1078.png,centro,0.7525239591838075,0.1855965654414783,0.03898505621652611,0.7130083446645704,5.3558277706003175,0.8689081833860894,0.5069094211220808,11126.372209469751,alta,102.354736328125,106.978759765625,87.7490234375,99.02750651041667,28.885776396477585,0.022089266656779405,-0.07683021541395008,-0.12044006945805352,15.627934854497354,0.9113657316097409
data\images\sat_patch_1079.png,parque_urbano,0.22224448439413375,0.6829198744536602,0.04291502795375937,0.15814362908322988,14.881800664876863,0.2028599542618704,0.20039420792066592,597.9182648823294,baixa,70.876953125,156.949462890625,77.64501953125,101.82381184895833,48.71350593222983,0.37779863675651754,0.04556946180848972,-0.8120740546728202,13.90368716931217,0.6806197049320363
data\images\sat_patch_1080.png,industrial,0.592760428747617,0.13188232171796355,0.04572621029601797,0.5074823487085535,4.103473265396452,0.733829944322675,0.5915222334847116,10607.944184359014,alta,93.974853515625,107.215087890625,85.814453125,95.66813151041667,29.752974182098534,0.06580962356589795,-0.04538868577733532,-0.18104706463697923,15.362103174603174,0.9062639063365139
data\images\sat_patch_1081.png,residencial,0.4297617318233832,0.16032670760902004,0.04437626728796693,0.44165172728561747,9.92163605544541,0.49006206688748905,0.526637195961831,6202.778291456067,media,102.099609375,108.791748046875,96.134765625,102.342041015625,29.839781315540087,0.03173263580809126,-0.030089855606073086,-0.0945316348622196,15.564277447089948,0.92882115981486
data\images\sat_patch_1082.png,residencial,0.3793088360392737,0.20856242649638157,0.02315131293857278,0.6113808748472598,16.103632438191035,0.6402790893817001,0.6937413995692523,5914.819464605609,media,90.97900390625,94.235595703125,85.260498046875,90.15836588541667,20.77372557228448,0.017582802792870972,-0.03244735580589994,-0.06783446659293639,14.31969246031746,0.9365779756508109
data\images\sat_patch_1083.png,periurbano,0.1417980338795781,0.5651873602456721,0.033879634245411024,0.18498957494797935,16.685077855400397,0.3262760973324889,0.37243960826175,100.0,baixa,80.285888671875,136.708251953125,87.332763671875,101.44230143229167,33.582569713820554,0.26001791043168676,0.04204111451455446,-0.5214681105701218,13.342055224867725,0.7902785143506263
data\images\sat_patch_1084.png,residencial,0.38332468973971234,0.3490405633090709,0.057602239464571804,0.5657327992607323,9.29166554053611,0.5686364211403909,0.555428331509617,4715.164126561013,media,93.920166015625,118.083984375,74.441162109375,95.48177083333333,34.842572752752,0.1139780433584639,-0.11569761302957997,-0.3550763633888089,15.740286044973544,0.841907587394334
data\images\sat_patch_1085.png,residencial,0.47815107492127074,0.2162051725535114,0.09935407148946204,0.5207237021792746,12.011675424818003,0.6364910324377999,0.571087771359281,7589.9565833519555,media,98.34765625,108.084716796875,86.793212890625,97.74186197916667,25.793032639279748,0.04716828255176674,-0.06240892867468293,-0.15872709761905515,14.487268518518519,0.9078440356691514
data\images\sat_patch_1086.png,centro,0.944341529012898,0.12498607150638782,0.06971539846509499,0.6776624258459552,0.2,1.0,0.7766849109166045,14793.294532937678,alta,97.763427734375,97.111572265625,80.2294921875,91.70149739583333,25.988790734690905,-0.00334499276667098,-0.09850917360118512,-0.08849487136685903,15.566881613756614,0.9128889259630637
data\images\sat_patch_1087.png,parque_urbano,0.17686557132012543,0.9484537102723221,0.05585382406717365,0.17339225351015908,15.103009905928616,0.15736120756921151,0.2255023015759562,100.0,baixa,61.388671875,181.9345703125,86.16796875,109.83040364583333,60.06381328856963,0.49541464620628023,0.16793074579437794,-0.9847569108824472,14.067997685185187,0.5827391178233718
data\images\sat_patch_1088.png,residencial,0.577499417369934,0.3662234324939655,0.04696849318221951,0.4746263626773808,7.410701115564592,0.6916725600801956,0.5025848851829576,7635.449063181156,media,80.31298828125,118.89013671875,89.105712890625,96.10294596354167,35.029369157335424,0.19365734470201035,0.051899374134354984,-0.355668449436619,16.68402777777778,0.8440014255689556
data\images\sat_patch_1089.png,residencial,0.37250267915816077,0.18939189760272623,0.06945983558116674,0.45476398130986695,10.212916384393914,0.4229883063009636,0.4900291422595073,5119.0392793499,media,95.118896484375,104.612548828125,97.293701171875,99.00838216145833,24.252617678192546,0.04753208630400755,0.011302818540408282,-0.08490442659074104,14.281208664021165,0.9318848979528525
data\images\sat_patch_1090.png,residencial,0.6292444994884052,0.39442510143982207,0.0334639692737458,0.5057628677425934,0.2,0.787253015927132,0.519191019004141,8974.756475053613,media,89.509765625,121.14013671875,86.361328125,99.00374348958333,32.88749345221705,0.1501561149170519,-0.01790196111803074,-0.33538721201846683,15.898106812169312,0.8540390578954262
data\images\sat_patch_1091.png,industrial,0.5441799983674026,0.12782719485335603,0.017014510400957094,0.5103380207131064,9.778625040091377,0.8359224276278082,0.4644264771198833,8780.71181399208,media,96.609375,104.5234375,88.401123046875,96.51131184895833,26.50937461266435,0.03934744591041083,-0.044366411611296314,-0.1245262148217914,15.19088955026455,0.9225894271962581
data\images\sat_patch_1092.png,periurbano,0.27919203873031295,0.6032990035573131,0.03331452833358943,0.4306506767421783,11.676187732934174,0.3804466268965823,0.3141466043621244,3120.066484645282,baixa,72.97265625,137.2421875,82.357177734375,97.52400716145833,40.81812760090422,0.3057326009798839,0.06041673504204142,-0.6108985021327041,15.525256283068783,0.7587903332999423
data\images\sat_patch_1093.png,centro,0.8648599123027152,0.12726646696376753,0.07343275404770105,0.6729325086933894,0.844028418460506,0.9421431915071166,0.7478473764768732,13565.062409853741,alta,104.614990234375,110.502685546875,91.178955078125,102.098876953125,32.037215989754515,0.027369649024645757,-0.06862334310788754,-0.12346573383903843,17.383597883597883,0.9120717680461088
data\images\sat_patch_1094.png,residencial,0.4324988419716218,0.41889112558705377,0.05450996610151551,0.6898490973086141,11.224068785735696,0.7128418612008726,0.47977597917967096,6774.499738679239,media,87.284912109375,117.9638671875,90.698974609375,98.64925130208333,31.834707316610327,0.1494720457473632,0.019181862716668482,-0.29368619783764094,16.362103174603174,0.8693109493859145
data\images\sat_patch_1095.png,parque_urbano,0.04172611200745274,0.7154245841567318,0.08116603698600412,0.1223016397359308,20.03340363626,0.0683908780865469,0.14426300945621032,100.0,baixa,82.5166015625,165.751220703125,79.903564453125,109.39046223958333,44.95465974143978,0.3352614045823054,-0.016088132141396105,-0.772838282164994,12.76880787037037,0.6803644571886494
data\images\sat_patch_1096.png,centro,0.9485543102482227,0.19985699383321912,0.05923304817692796,0.8305673083679688,2.606319360389075,1.0,0.8678267279897883,14172.179364079668,alta,99.352783203125,103.226806640625,87.92724609375,96.83561197916667,31.912574789628092,0.019123463629107836,-0.06100777050955897,-0.09900068474033426,17.69039351851852,0.9210298837636843
data\images\sat_patch_1097.png,centro,0.898891138332653,0.05768240144580172,0.0045779233832444356,0.7146189137205788,0.2,1.0,0.9255889831861656,13929.40986595215,alta,104.6015625,102.72998046875,93.48095703125,100.27083333333333,30.40824209101822,-0.0090270008867155,-0.05614127606476809,-0.03678757365140172,17.344742063492063,0.9312802499324954
data\images\sat_patch_1098.png,centro,0.9408597717633631,0.19071966052756045,0.05368236719476702,0.7551176778685235,0.2,1.0,0.9258306367773766,14883.684821126939,alta,91.84765625,112.454833984375,90.07958984375,98.12736002604167,34.606422326971696,0.10086601298823385,-0.009718535483246703,-0.21901344041848353,18.01777447089947,0.8897741332697575
data\images\sat_patch_1099.png,periurbano,0.19415248399993099,0.5423292871495491,0.0520486386019985,0.14619772234734646,16.168620081565845,0.2882011377104897,0.3194219579944584,1842.6704617263058,baixa,82.22314453125,144.8203125,87.507080078125,104.85017903645833,37.49816312732765,0.27570566671044183,0.031131376441080646,-0.5718178087483015,14.00615906084656,0.7650366122297791
data\images\sat_patch_1100.png,centro,0.7501847917735344,0.100765616387398,0.07206968611832189,0.6929364622975844,6.980902102764575,1.0,0.5909790722912089,11169.017537450329,alta,98.859130859375,102.17919921875,91.008056640625,97.34879557291667,30.77251761468714,0.01651460366572978,-0.04135034747591473,-0.07442932757081246,16.53794642857143,0.9335934220001787
data\images\sat_patch_1101.png,industrial,0.765879542810562,0.06717821447420937,0.0026198888570831192,0.607241139652491,5.665370781885754,0.8459412073139838,0.6397299944954209,11890.705546624751,alta,95.425537109375,102.506591796875,95.5791015625,97.83707682291667,32.34946838011205,0.03577516541075934,0.0008039828424524497,-0.07159118625369316,16.578745039682538,0.9325246134687504
data\images\sat_patch_1102.png,residencial,0.6704252899762393,0.3506464788589427,0.01347325404956411,0.6690442006230034,10.202764413599859,0.9000409947850712,0.8244958282599755,10682.590375835665,alta,87.00830078125,118.495849609375,86.570556640625,97.35823567708333,33.43491647747777,0.15322098660806638,-0.002521874752517868,-0.3256675755498838,16.618758267195766,0.8564794853031721
data\images\sat_patch_1103.png,parque_urbano,0.07550702853736233,0.8633393526591076,0.04178282770063235,0.22661192270619737,14.699811709026852,0.1870210803666329,0.20193176075001057,100.0,baixa,68.839111328125,171.50146484375,79.474609375,106.60506184895833,53.79001233362606,0.4271536447306106,0.07170946777374887,-0.9131330341234228,14.17361111111111,0.6291433947982852
data\images\sat_patch_1104.png,residencial,0.5090106251345894,0.3947853940894354,0.06739216821081646,0.5124374640426672,7.810423577201448,0.6146049009958683,0.7033746060829226,6755.630518417257,media,91.084716796875,115.73876953125,96.924072265625,101.24918619791667,27.180813641190014,0.11920335090018766,0.0310589492481113,-0.21466221706565178,15.685185185185183,0.8907266974196745
data\images\sat_patch_1105.png,industrial,0.7828089311474911,0.16306727640671886,0.0702054287160624,0.6324815815006497,3.9245258138545784,0.9687732311378665,0.7247317565665167,12095.899364320354,alta,90.98046875,104.77392578125,93.959228515625,96.57120768229167,26.420305204941002,0.07046307692768017,0.016106654188148776,-0.1274093730038786,15.475653108465607,0.9178788941262582
data\images\sat_patch_1106.png,residencial,0.5141033019207002,0.32080697801076996,0.0018471256819447613,0.36035244064428396,9.91792831746599,0.526995835230347,0.4689435543462564,6263.260100245008,media,88.923583984375,112.54296875,90.259033203125,97.24186197916667,27.674733680623742,0.11723725019273494,0.007453006503971057,-0.23602653685447408,14.90389384920635,0.8899798897659776
data\images\sat_patch_1107.png,industrial,0.682851391585489,0.08876310750126086,0.09734342253492069,0.4102802797395039,3.9596825252211194,0.8544351592856403,0.570152250799664,9680.414880728982,alta,100.644775390625,95.087158203125,88.920166015625,94.884033203125,31.292249756145385,-0.028394023688751005,-0.06185009330403192,-0.003211156677294452,15.72511574074074,0.9320054307917461
data\images\sat_patch_1108.png,parque_urbano,0.23239954400488394,0.6372260649082379,0.1721861102180657,0.15213986838901553,11.779632895590426,0.48875784771769115,0.23637258135035139,1340.5780066655961,baixa,77.556640625,139.72509765625,91.056640625,102.77945963541667,38.65344608828135,0.28611910617476694,0.08006486689455332,-0.5391977802630481,14.332506613756614,0.7617469153714695
data\images\sat_patch_1109.png,parque_urbano,0.07349474794675374,0.7919581021438238,0.036452144415912956,0.15622202579436234,18.99833090800618,0.2811257662172323,0.12581496953575938,100.0,baixa,75.924072265625,160.085205078125,87.009765625,107.67301432291667,44.54207303742327,0.3566009497724849,0.06803800508755371,-0.7301577456248661,13.352430555555557,0.6985301187532187
data\images\sat_patch_1110.png,centro,0.6839705913765335,0.19101916836792732,0.03981045194119262,0.8889829488997854,6.367679075181999,0.9200375769579392,0.9410021619077588,12529.561281997767,alta,88.163818359375,114.4013671875,92.1025390625,98.22257486979167,29.176582565354742,0.12952644664858762,0.021849449545695395,-0.24707342748507755,16.11503802910053,0.8807967715105328
data\images\sat_patch_1111.png,industrial,0.5170680226930164,0.23182448222862728,0.020610649561451436,0.3910858757800784,2.768711189646665,0.7019724657777562,0.4635794729065207,8588.38333424311,media,92.94091796875,125.701904296875,80.9638671875,99.868896484375,36.221944729226635,0.14983792213625188,-0.06887131197463914,-0.3880037999299287,15.49375826719577,0.8319960194383818
data\images\sat_patch_1112.png,industrial,0.6901617825430325,0.24976091828771535,0.0036309110160540506,0.4977887108079557,7.726051311947677,0.7802846752415644,0.5407402152145743,10151.081270427412,alta,93.16015625,117.2412109375,80.1796875,96.8603515625,31.8397736866654,0.11445293771112779,-0.07488450661024375,-0.31562231866514845,15.319361772486772,0.8578189185305236
data\images\sat_patch_1113.png,residencial,0.64970684043497,0.3960755360203544,0.050511331041045104,0.4124939697334985,6.34286225853493,0.7708111230379775,0.5197778837142815,8532.44253746491,media,89.925537109375,114.058837890625,91.2841796875,98.4228515625,30.557414879341064,0.11830955514578234,0.007497625373755922,-0.238298107416607,15.708126653439155,0.887550322977579
data\images\sat_patch_1114.png,periurbano,0.3839527211753321,0.41467521081575087,0.11204473227703089,0.14925582475088536,11.84013406592839,0.5925782553423852,0.3231093777015795,3865.305872121257,media,93.234130859375,126.935546875,90.466064453125,103.54524739583333,31.274213070739346,0.1530701966290475,-0.015068391116692809,-0.33884171183428097,14.278852513227513,0.8504584703733511
data\images\sat_patch_1115.png,residencial,0.44995970903803156,0.1810890628456603,0.033632156110999734,0.7168512365000299,8.831331873068763,0.6586300686240306,0.6744315194907092,7918.5294567755855,media,95.084716796875,98.415283203125,87.924560546875,93.80818684895833,27.274422375519016,0.017212229400711994,-0.03912455321828511,-0.07366781823327523,15.269262566137566,0.9336513841914058
data\images\sat_patch_1116.png,residencial,0.3986926837341106,0.32515068342771164,0.06947778168845246,0.4517316154873259,10.456645419544031,0.5174366200337089,0.43039754953078013,5756.499263184834,media,83.189697265625,121.08447265625,84.651611328125,96.30859375,35.63060058829878,0.18550938290244204,0.008710096853024304,-0.38588267699103773,15.546916335978837,0.840323140325496
data\images\sat_patch_1117.png,industrial,0.6199006163962233,0.1512976231657041,0.07133241044132634,0.5824343978833286,9.198973437938267,0.7531988215335639,0.5139720458837798,8161.566978217058,media,98.744140625,107.37646484375,88.991943359375,98.370849609375,26.57710848035582,0.04187996710585436,-0.05194631211382011,-0.137321399254782,15.368468915343914,0.915596828382682
data\images\sat_patch_1118.png,industrial,0.7673360791043535,0.11430958007322993,0.09587796617466453,0.4626124805809112,5.457040413470356,0.9434175285055519,0.6593244382467996,11482.297238883542,alta,107.228759765625,102.80322265625,90.862060546875,100.29801432291667,27.34086394225994,-0.021070777113434986,-0.08262219879905774,-0.03746646918088511,15.255869708994709,0.9212174852996208
data\images\sat_patch_1119.png,residencial,0.4584646971553807,0.28161532164048997,0.03841885429653319,0.5538777606038598,9.524380327576056,0.7135649382257554,0.5953992997586139,8004.954261384337,media,91.218505859375,116.724609375,92.376708984375,100.10660807291667,29.749010213402435,0.12265904242233625,0.006308460270477293,-0.2490045580803603,16.09056712962963,0.8826895349033127
data\images\sat_patch_1120.png,residencial,0.5564326600142078,0.382589217810015,0.07355477657221114,0.37557224335434836,9.253530057459265,0.5937892959890341,0.5836231543737421,6820.3656468998415,media,89.6416015625,118.1474609375,85.7021484375,97.83040364583333,34.220465331338204,0.13718652413580948,-0.022467028921948864,-0.3115144626849704,16.035383597883598,0.8620568083471378
data\images\sat_patch_1121.png,periurbano,0.18533269462702984,0.5017658684082654,0.07314148205669233,0.4242401554323768,14.804348044496596,0.47062090829655323,0.3246534936437378,2083.7568647983217,baixa,77.275146484375,138.9052734375,84.578857421875,100.25309244791667,39.51305049039567,0.2850865341565663,0.04512530253255394,-0.5783190272776548,14.832010582010582,0.7696483907326155
data\images\sat_patch_1122.png,residencial,0.564608785750032,0.3754257340673211,0.08154713845134742,0.39392755659615,6.066813265452698,0.7050989294909403,0.49443699261295343,7228.217465539395,media,90.595703125,118.3271484375,95.134521484375,101.35245768229167,33.71073925175629,0.13273533733799678,0.024437693673624097,-0.2512226784021889,16.21011078042328,0.8793137423493064
data\images\sat_patch_1123.png,residencial,0.35831369114433287,0.36722036213363207,0.03435052183393363,0.4383587028495812,14.405411322379983,0.47039622648745943,0.47904690344382994,4767.53284294916,media,90.5986328125,121.962890625,82.0029296875,98.18815104166667,27.320741800303537,0.14755378658249185,-0.049800841607092396,-0.3632017573756413,13.977719907407408,0.847493817351082
data\images\sat_patch_1124.png,centro,0.8098740778314679,0.051012231859180766,0.05100619235762518,0.6283574830887031,7.3624750312757445,0.8660058977273966,0.7370226907657422,12172.663225676124,alta,101.342529296875,104.351318359375,91.451904296875,99.048583984375,28.90215060368929,0.014627511139276737,-0.0513014030765006,-0.08030504992832323,16.655588624338623,0.9287430580449278
data\images\sat_patch_1125.png,periurbano,0.16749108306819255,0.5976643148124301,0.06728624438843231,0.2481491632103987,20.236416676038395,0.3321588595040329,0.28771759356127957,100.0,baixa,81.39697265625,147.867919921875,86.86865234375,105.37784830729167,38.00408661969528,0.28993077059560435,0.032518107337621054,-0.6048245228085597,13.74404761904762,0.7500228957403535
data\images\sat_patch_1126.png,residencial,0.5024521367833795,0.18641160242988225,0.07877993827388963,0.5992009814022943,9.503600051243353,0.7601417700706233,0.6949427085050962,8230.810854031279,media,92.6103515625,110.128662109375,79.49072265625,94.07657877604167,28.798728716125968,0.08640818628436014,-0.07623211470105126,-0.2559417557198645,15.168526785714285,0.8817511830804825
data\images\sat_patch_1127.png,residencial,0.4924373007863526,0.190808222377252,0.038453389758084267,0.612959765736311,10.536598284911225,0.8122318415852147,0.6392494026489245,8130.87098330425,media,91.840087890625,97.331787109375,88.202880859375,92.458251953125,28.659206986959976,0.029030209642526356,-0.020201883118793645,-0.07906598384550072,15.05129794973545,0.9359001041795535
data\images\sat_patch_1128.png,industrial,0.7739805573700576,0.14766665208128088,0.0949740137858337,0.5951036293261607,6.613780136048392,0.9052559304649074,0.7679681756785359,11168.131223675842,alta,104.1083984375,106.102294921875,86.377197265625,98.86263020833333,27.920019990306013,0.009485228572463806,-0.09308420940355598,-0.10984430555391825,14.798693783068781,0.9071744495920842
data\images\sat_patch_1129.png,industrial,0.6493397326004366,0.22507437062755697,0.048968755962139135,0.3417878341835295,4.479371131005989,0.7039494401917243,0.3700872384003326,8903.334084718403,media,92.788330078125,108.005126953125,89.203125,96.66552734375,29.750847049750327,0.07578332991621556,-0.01969985380294968,-0.17596137636134132,15.612103174603174,0.9095008498343997
data\images\sat_patch_1130.png,industrial,0.7828822377067028,0.10582216523706471,0.0660793389275516,0.585327396799264,0.2,0.6707890831457981,0.7663752366460699,12674.177016574136,alta,100.39306640625,101.731201171875,93.935546875,98.68660481770833,33.96311968819278,0.006620356749035233,-0.0332298954280819,-0.04627674134102722,16.69204695767196,0.937911525312276
data\images\sat_patch_1131.png,industrial,0.5785150629733604,0.12034294739907885,0.026538659567389336,0.4674779278141364,9.03129862146753,0.7521939202969264,0.5163165606594353,9805.077655592237,alta,97.7978515625,96.3583984375,87.984130859375,94.04679361979167,27.457990660504553,-0.007413890191977388,-0.0528238558032828,-0.03686895699720957,14.562872023809526,0.9346909741166533
data\images\sat_patch_1132.png,residencial,0.6489364938888839,0.2098653015487283,0.09439330589153408,0.3502858433951985,5.061347073243473,0.8983399298341764,0.4186428710863518,8264.758220957596,media,95.91650390625,101.517822265625,80.3154296875,92.583251953125,27.843187122028628,0.02837053940725725,-0.0885258069413674,-0.14475464018892675,15.007440476190476,0.9087993947195587
data\images\sat_patch_1133.png,residencial,0.4440036306226107,0.326564964345802,0.09388240579853789,0.3615933131919469,6.828928658404085,0.6825775479785656,0.5393864653523777,5459.004523661157,media,86.686279296875,123.39013671875,85.49365234375,98.52335611979167,31.512557559150157,0.17471669568290976,-0.006926631546628946,-0.37859216320740385,15.286458333333334,0.8410522429659562
data\images\sat_patch_1134.png,periurbano,0.3248198592203583,0.6138251780610439,0.012027104105783714,0.17520871474677888,8.73397099200952,0.5226489863213882,0.0,3828.1585299037383,media,80.69970703125,138.6455078125,85.862548828125,101.73592122395833,36.74379029210586,0.2641762691670811,0.030996468793250555,-0.5441969628086238,14.199239417989418,0.7770916962894241
data\images\sat_patch_1135.png,periurbano,0.2504532713239574,0.6736394462124481,0.0003346246414358855,0.4025565567909457,15.10309577383191,0.44350697994414506,0.44592408200332495,2128.3464908186193,baixa,87.451171875,146.083984375,62.97265625,98.8359375,45.07599309841763,0.2510663199084557,-0.16273030521420057,-0.717067813470502,15.126984126984127,0.712521515900677
data\images\sat_patch_1136.png,centro,0.9497634433379119,0.02967868265276829,0.01986576838025261,0.7951465760972775,0.2,1.0,0.9727018738916149,16137.69661829581,alta,106.85595703125,104.713134765625,88.822998046875,100.13069661458333,28.822731402111597,-0.010128238663301821,-0.09215584212936687,-0.06864685246696414,16.90438988095238,0.9124816891812513
data\images\sat_patch_1137.png,parque_urbano,0.06885639497571505,0.8601899827755464,0.10544372738839518,0.04719931404160477,17.8515606605385,0.2412602591469979,0.13707846792565,100.0,baixa,67.46044921875,154.310546875,78.058837890625,99.94327799479167,43.47636288397793,0.3916206302645407,0.07283150439760985,-0.8159718606446998,12.601273148148149,0.689384274387473
data\images\sat_patch_1138.png,parque_urbano,0.18574945883319238,0.7074293558145304,0.04686322037383205,0.17390673292578343,10.165328446183395,0.36391748941806945,0.353925129048191,623.0169734612081,baixa,83.6689453125,141.673583984375,90.1123046875,105.151611328125,36.37180567045225,0.257406529497372,0.03707741392079172,-0.5209901947430449,13.499421296296298,0.7820923826007834
data\images\sat_patch_1139.png,industrial,0.6045207231395648,0.11804104228811983,0.050504698028768384,0.5121017935786378,7.194053368231868,0.6361865942503021,0.7808752098884054,9503.410100936064,alta,101.43798828125,110.114013671875,95.036865234375,102.1962890625,28.395499763199442,0.04101131291367355,-0.03257985894762905,-0.1162134839415321,16.109623015873016,0.922265283563748
data\images\sat_patch_1140.png,periurbano,0.3413124391795397,0.7116423000359844,0.0030751895206885703,0.23256077335835879,11.916871540979423,0.3043135133553883,0.4121069873254487,2905.3547369325943,baixa,84.189208984375,139.81591796875,92.244384765625,105.41650390625,34.691209370228,0.24832783736993452,0.04565556685881672,-0.4894785796554213,14.015252976190476,0.7879896366885432
data\images\sat_patch_1141.png,industrial,0.6738328563415448,0.1896684744361209,0.03056214609262541,0.39121593384632114,8.53807265604274,0.674961538918305,0.6767797298692803,9025.498101445595,alta,93.91015625,110.313232421875,96.01611328125,100.079833984375,32.358064317952184,0.08031928271404057,0.011088287183017638,-0.15337852683956305,16.075107473544975,0.9102359651447655
data\images\sat_patch_1142.png,centro,0.7166611142227662,0.026061302221062996,0.061802036155464854,0.6804387900739342,6.160281751656532,0.8425485749242534,0.7182696833604034,10975.217378239435,alta,93.989013671875,94.767578125,83.238037109375,90.66487630208333,28.609245517599053,0.004124700714230574,-0.06066216446330015,-0.06787692122353527,16.011078042328045,0.9299296571218992
data\images\sat_patch_1143.png,residencial,0.6018727452493214,0.44267139849842996,0.04910644904855387,0.36030084143919777,6.065993830748433,0.642057185816723,0.538420443508261,7474.275229081347,media,94.772216796875,113.06640625,93.566650390625,100.46842447916667,26.379309711420948,0.08802112474050545,-0.006401049437388586,-0.18808867130269213,14.890583664021165,0.9024641825768768
data\images\sat_patch_1144.png,centro,0.8804073507748994,0.04292323500316011,0.025815711961297866,0.8988199727274648,0.2,1.0,0.7690726118359789,15186.985740577204,alta,100.82568359375,100.5166015625,95.4287109375,98.92366536458333,30.567633875257158,-0.0015351073892651615,-0.027499881679799772,-0.02415402081913186,17.485367063492063,0.9399668857077462
data\images\sat_patch_1145.png,periurbano,0.15618786277209434,0.503768609432756,0.02372618944702729,0.2814085165602217,17.145569533828876,0.4438969277080975,0.42321648175061355,100.0,baixa,75.0966796875,147.6064453125,81.81787109375,101.50699869791667,39.38089551403037,0.32558934814862006,0.04283344871430291,-0.68122563101719,13.411582341269842,0.7317201742269966
data\images\sat_patch_1146.png,centro,0.786854863770594,0.14906034549676264,0.028222652503406744,0.9031178890958341,1.982483214425076,0.9154062978804595,0.9265092189677292,13982.484899410896,alta,89.741943359375,109.1845703125,93.0126953125,97.31306966145833,29.1447154482412,0.09773773488765534,0.017896957138803366,-0.18298930303527267,16.252604166666664,0.9002789472231216
data\images\sat_patch_1147.png,centro,0.8930408684367072,0.18718671443409685,0.017988557390681476,0.6412737275948872,7.500309638694755,0.9138699615482371,0.7734780649867041,12493.77978293936,alta,101.103759765625,108.470458984375,85.071533203125,98.21525065104167,32.78143328668076,0.035150789193144544,-0.08611360949531278,-0.15662345960946128,16.780629960317462,0.898788217188376
data\images\sat_patch_1148.png,centro,0.7604376249527824,0.044160356453701484,0.056777097202130165,0.8386486116130537,4.276863542814857,1.0,0.7749658554480339,13046.042591008205,alta,93.93408203125,105.006591796875,86.1396484375,95.02677408854167,27.371988679450652,0.05565734496070804,-0.04328467861567386,-0.15753166987464198,16.778149801587304,0.9125690427516195
data\images\sat_patch_1149.png,industrial,0.6202749791188732,0.21269305366533653,0.03259833430591778,0.47309617666834436,6.648952372568822,0.8289995529246316,0.6217613127187724,10311.179342752182,alta,84.1103515625,108.508544921875,87.022216796875,93.21370442708333,27.995914433164977,0.12666562667535852,0.017015260422229395,-0.2461254022364141,15.018105158730158,0.887578302288352
data\images\sat_patch_1150.png,residencial,0.5756550898435807,0.35243975577841696,0.012903922253511835,0.7124119215600763,7.934488722050316,0.7325734498494119,0.969089000299282,9225.311386122343,alta,85.85107421875,114.697021484375,84.36865234375,94.97224934895833,30.408347629432424,0.14383555735423498,-0.008708872327713576,-0.31153477036094596,16.13252314814815,0.865495254452504
data\images\sat_patch_1151.png,residencial,0.6021498198494357,0.3897770003408532,0.08541296342185178,0.5727006784469895,11.58915613110049,0.6998013058641088,0.7540934358952018,8531.941755301777,media,94.530517578125,123.218505859375,93.425048828125,103.72469075520833,28.917573273226793,0.13174795320143556,-0.005881542990480422,-0.2819070576296192,15.613260582010582,0.8655979966314975
data\images\sat_patch_1152.png,centro,0.8724868684304606,0.1273983384308687,0.0600542837500202,0.6714346653773,2.3896198879395993,0.9163083197947363,0.7699303519093328,12346.176008042303,alta,100.537353515625,111.017333984375,89.360107421875,100.304931640625,36.97703091816149,0.04953792583400958,-0.058859375895338246,-0.16019754056558705,17.317666997354497,0.9037873422976065
data\images\sat_patch_1153.png,periurbano,0.17493936224547918,0.4888141929208636,0.0264224074221776,0.41551809284313734,14.350274595372277,0.4855825583804217,0.2962447459317989,3156.668185309486,baixa,71.36474609375,134.776123046875,72.949462890625,93.03011067708333,37.71262082020256,0.3076118622661633,0.010981017025603912,-0.6731048412802543,14.252728174603174,0.7539170692992492
data\images\sat_patch_1154.png,periurbano,0.24914099941533638,0.5208032430074931,0.04055625455886889,0.3227087501433639,14.592451661919597,0.5201177328570805,0.4477430726120126,2789.900651221997,baixa,89.587646484375,131.572021484375,80.93896484375,100.69954427083333,31.336339993997292,0.18983739302816743,-0.05071748932643618,-0.4598701582590501,13.789186507936508,0.8113661458976136
data\images\sat_patch_1155.png,residencial,0.6200747097046799,0.3614698751509783,0.027567291068713598,0.5120470530893657,7.042278709275603,0.6398705562940539,0.6766862048457405,8468.412758497134,media,80.11181640625,114.46728515625,83.981201171875,92.85343424479167,29.43484185389443,0.17656299313522023,0.02358043504320556,-0.34916076375328337,15.669725529100528,0.8540031312210088
data\images\sat_patch_1156.png,centro,0.8308001191742675,0.05606434255907443,0.01950775679374498,0.9300970915783999,3.5671633108092005,1.0,0.9637253916945544,14382.030366091205,alta,99.656982421875,97.040771484375,86.453369140625,94.38370768229167,30.16170047121999,-0.013300664965631852,-0.07094507693663056,-0.04222758099643079,16.368179563492063,0.9255225346509416
data\images\sat_patch_1157.png,parque_urbano,0.17525798858358826,0.6405805159527693,0.08974587842846322,0.0593370782301437,13.746814587760795,0.31246041005371605,0.08651594058609323,100.0,baixa,85.87841796875,156.25537109375,92.138427734375,111.424072265625,38.83881073557934,0.2906531678492051,0.03516526599341852,-0.6035226165343714,13.165467923280424,0.7402843859318852
data\images\sat_patch_1158.png,industrial,0.7616098150762023,0.11153670337309517,0.03261575368324502,0.4137286819514721,1.157238374313911,0.7625043733838326,0.5254916838928227,11589.945631681403,alta,94.01904296875,104.324462890625,90.54638671875,96.296630859375,26.50049715243046,0.05195743528514656,-0.018815312472462868,-0.1250484862695919,15.004174933862434,0.923497608114155
data\images\sat_patch_1159.png,parque_urbano,0.20770478458757966,0.7846551765661846,0.05731095312819448,0.13770855974057208,11.108867406188669,0.27780933729081075,0.23247685730863032,1239.035688763117,baixa,77.667236328125,163.00634765625,88.3681640625,109.68058268229167,49.097230348724246,0.3545844523555229,0.06444967545926754,-0.7292872154349408,14.594866071428573,0.6885407111786637
data\images\sat_patch_1160.png,residencial,0.5468901246885673,0.23548043308772743,0.052442457775029754,0.7188232007837837,8.390523520370623,0.7327925438018257,0.9143581876065401,9114.211740613113,alta,88.54150390625,107.09912109375,89.8154296875,95.15201822916667,32.133064849214655,0.09485564203571911,0.007142563781731653,-0.18833708881904457,17.149346891534393,0.9048869292054698
data\images\sat_patch_1161.png,centro,0.8640130297046636,0.16051152445704378,0.06583777324239158,0.8713181596161388,0.3799237353512841,1.0,0.9804441372846932,13489.97456431257,alta,102.532958984375,106.137451171875,87.50048828125,98.7236328125,31.643452107534664,0.017273614249032163,-0.07910434105322822,-0.11264503857489125,16.90141369047619,0.910081302368515
data\images\sat_patch_1162.png,periurbano,0.14146176606987199,0.5333211471360126,0.021842064815739273,0.1572632909364489,17.044603449789655,0.3306407791929365,0.5503476376556147,758.6818294839148,baixa,66.53271484375,135.9306640625,79.50146484375,93.98828125,37.488158191594074,0.3427679082058419,0.08880626397837611,-0.6693767851976037,13.162161044973544,0.752564291297232
data\images\sat_patch_1163.png,centro,0.7899216223518464,0.020463477083671563,0.07719659876334975,0.7462079971463011,2.3940446164755693,0.9443534909993486,0.8461756190701352,12349.589699635855,alta,95.464111328125,99.762939453125,93.804931640625,96.343994140625,27.588415715714643,0.022019633476905623,-0.008766249634430158,-0.053230281360706413,16.210565476190474,0.9379938459126838
data\images\sat_patch_1164.png,industrial,0.7349903499958144,0.07347268942918338,0.0949220236162557,0.5951596260781407,5.583655804709638,0.9232774734324245,0.8597710397850361,12231.967792451047,alta,103.58447265625,100.4765625,92.75537109375,98.93880208333333,29.20024756641621,-0.01523029685035151,-0.05515488502238922,-0.02331381170092772,15.78422619047619,0.933848432810883
data\images\sat_patch_1165.png,residencial,0.6171568788857065,0.23059138331278173,0.053603398087284475,0.5427277655592797,7.3625139267842865,0.7472301756299179,0.5747798265983229,10230.545838051736,alta,105.977783203125,111.592041015625,89.52783203125,102.36588541666667,28.685759551368932,0.025804395470995525,-0.08414055559485595,-0.13519380218236718,16.23416832010582,0.9052795632057824
data\images\sat_patch_1166.png,centro,0.6942553083539835,0.19817434470377354,0.07050734053934934,0.8795601814471341,6.225432291798824,0.8923017342887088,0.9226848960285688,12828.279635225495,alta,97.9443359375,103.262451171875,85.06005859375,95.42228190104167,26.574816046737325,0.02643109253095427,-0.07040419606506046,-0.12324431515064518,16.0020667989418,0.9148329783756843
data\images\sat_patch_1167.png,periurbano,0.31202362436756104,0.4926324360560931,0.07539820160179092,0.17468340543989397,11.780818580502057,0.4658977987419356,0.276428495978196,3430.0190831509867,baixa,92.04296875,143.784423828125,79.151123046875,104.99283854166667,41.74373020243297,0.21940392205108297,-0.07530543544175568,-0.5542032978981933,15.102554563492063,0.7664742307620854
data\images\sat_patch_1168.png,industrial,0.6815181035935836,0.059366603700004364,0.06862359757033802,0.6825590350554427,7.3677643183259764,0.8544183899189344,0.6718152427985403,11114.135024684148,alta,93.933837890625,99.24267578125,83.665771484375,92.28076171875,26.895391628047257,0.027481797669051358,-0.05781581606271021,-0.1131641176999957,15.462425595238095,0.9227558532308109
data\images\sat_patch_1169.png,centro,0.8492895754534432,0.08687048596320174,0.021346177052407603,0.929798732871175,0.8467167168377043,1.0,0.9864520293094357,14640.499482969488,alta,82.966064453125,96.48974609375,81.688232421875,87.04801432291667,29.080227668286543,0.07535939641103531,-0.007760696487984098,-0.16269868536016452,16.055307539682538,0.9134725538855242
data\images\sat_patch_1170.png,residencial,0.6245697739924057,0.16977905374085525,0.01228022991197325,0.5067694130708948,5.53102477707254,0.7859980385795935,0.5377595413865304,9175.443150151948,alta,99.08154296875,100.73486328125,83.276611328125,94.36433919270833,27.33337876742064,0.008274196975383763,-0.08666972757480972,-0.10126480101803213,15.082093253968253,0.9153711897704115
data\images\sat_patch_1171.png,residencial,0.6356914236064259,0.4347692155030163,0.05617791562647434,0.49002701126068515,7.5372210802277415,0.7920242254845011,0.6095397857543051,8630.099467284343,media,91.418701171875,127.555908203125,92.520751953125,103.831787109375,31.77755645730782,0.16502921032426565,0.005991377904715743,-0.34272916116150287,16.23222552910053,0.843183203117434
data\images\sat_patch_1172.png,periurbano,0.3376351597874979,0.5653832380793575,0.04155507620551925,0.13731697147850097,7.4073157506467755,0.549487912559708,0.45531972602370724,3789.5845658292214,media,71.375732421875,137.960693359375,83.380126953125,97.57218424479167,39.73245277802165,0.318076323176564,0.07756988654362615,-0.6209019867689072,14.483093584656086,0.7570838531048373
data\images\sat_patch_1173.png,industrial,0.7112268415606307,0.17585276550647616,0.09622667906420647,0.40584473931508297,8.542009846356045,0.7486461883473015,0.6894142301402559,10017.330830169996,alta,94.61376953125,103.321044921875,87.942138671875,95.29231770833333,26.603843430099122,0.04399062070354703,-0.03654568558474685,-0.1263804993262204,14.685722552910054,0.9228233699797993
data\images\sat_patch_1174.png,periurbano,0.28103737920228544,0.4164354523769726,0.11936272191215691,0.3188336571548199,9.490624919191905,0.4083130890828178,0.3751191728665434,2851.223796275888,baixa,89.125,115.75146484375,88.336181640625,97.737548828125,26.666668591772446,0.1299635111045736,-0.004445019173417934,-0.2764635912293144,14.042286706349206,0.8780790731600426
data\images\sat_patch_1175.png,residencial,0.6995775536418016,0.1516282931843537,0.01703404412720392,0.4367222085172758,3.6486255275807613,0.8627769660492478,0.7528363741776223,11493.353948125865,alta,90.33203125,106.482666015625,94.8828125,97.23250325520833,28.420488756680616,0.08206010479881835,0.024570283532848413,-0.14270170502043572,15.480530753968253,0.9112098847196101
data\images\sat_patch_1176.png,parque_urbano,0.22233525437653173,0.6650053546253867,0.18496817799229273,0.03229402868204316,13.459544420009998,0.40069035898959393,0.25706493843207795,100.0,baixa,72.758056640625,153.729736328125,95.998291015625,107.495361328125,42.511249789803365,0.3575101256832948,0.13771472634987758,-0.6451586468289424,13.71246693121693,0.7082890815258671
data\images\sat_patch_1177.png,periurbano,0.3794878250700713,0.5500494294513649,0.0954044248117141,0.2450344770200292,12.120097600779864,0.4935169557854632,0.24729729433472847,3861.923191840915,media,78.107421875,138.757080078125,92.443603515625,103.10270182291667,40.19302020137932,0.2796661388896566,0.08405802031228962,-0.5187212936082713,14.82853835978836,0.7778457754297238
data\images\sat_patch_1178.png,centro,0.9393554233596846,0.16698082244285928,0.05705938719919175,0.8533067914422283,0.7757847652346493,1.0,0.8583406020103695,14501.38927045793,alta,96.751708984375,100.75,90.848388671875,96.11669921875,30.82578294728581,0.020244336193045203,-0.0314675757357515,-0.07230742582774638,17.242766203703702,0.9340817896306507
data\images\sat_patch_1179.png,residencial,0.5006796342528541,0.40015734520869883,0.016545480344306984,0.5044445655222354,6.034647400081198,0.6408074268418695,0.6026133928464268,7287.1233908026215,media,93.423583984375,120.11865234375,86.742431640625,100.09488932291667,28.905939411407818,0.12501071775489483,-0.0370833105427215,-0.30007170630140906,15.091228505291006,0.8638460122551621
data\images\sat_patch_1180.png,centro,0.6890186505163631,0.08544832999790505,0.01684695136607272,0.825436608435165,5.221980850874952,0.8315975942154472,0.7601628694338844,12397.997009084876,alta,99.2314453125,107.71533203125,88.47021484375,98.47233072916667,28.418478345871808,0.04099550032452207,-0.05733156756557387,-0.14079591403661718,16.307911706349206,0.9120575505974374
data\images\sat_patch_1181.png,residencial,0.4732667262197956,0.3741905755533753,0.026733631441697416,0.59051857207042,10.37030618779525,0.620518295504889,0.5093756723105847,6079.938361635679,media,82.8828125,118.551513671875,87.18603515625,96.206787109375,32.90548030759752,0.1770735984906906,0.025302827003596918,-0.3483859143665132,15.571552579365079,0.8539094546616071
data\images\sat_patch_1182.png,centro,0.9309043211736401,0.07503976647711683,0.050181044590087334,0.9415484540107256,0.2,1.0,1.0,15091.267434863272,alta,94.1708984375,88.486083984375,85.805908203125,89.48763020833333,29.28990072513484,-0.031122896845367405,-0.04647815651379975,0.016788010987127348,16.349454365079364,0.9333447424501795
data\images\sat_patch_1183.png,residencial,0.4699280539840052,0.19737727353526763,0.09740493827499785,0.4561741871235956,10.026571351878195,0.6129161429036674,0.548922734679629,6307.420821388341,media,83.18798828125,97.02685546875,82.4736328125,87.56282552083333,24.887575173287082,0.07679093920757601,-0.0043121361466914605,-0.1621241054672603,13.854497354497354,0.9184648404520106
data\images\sat_patch_1184.png,parque_urbano,0.19475046989665595,0.7517434170311562,0.15630423511436922,0.1312459641714036,12.319302118957706,0.3745989632968975,0.3458769788991308,687.4010595169074,baixa,67.70751953125,146.997314453125,94.46533203125,103.05672200520833,45.71254751939651,0.36929673673927865,0.16499563322219898,-0.6395593295601294,14.29245205026455,0.7227384068181542
data\images\sat_patch_1185.png,centro,0.888501306339608,0.06129124219579299,0.0377248810332357,0.6675476846064458,0.2,0.9275612940925829,0.8556166367895194,14164.419758352895,alta,97.421630859375,99.490966796875,89.282470703125,95.39835611979167,24.536429666135202,0.01050890573595261,-0.043593900961685514,-0.06435033265736816,15.440558862433862,0.9337368219489305
data\images\sat_patch_1186.png,residencial,0.4684901748080648,0.2727359830168137,0.023734799977036536,0.4631669728860468,8.115919584009392,0.5673367921557868,0.5482554352668282,7911.970468489569,media,97.367431640625,107.9794921875,81.66943359375,95.672119140625,26.06284030056357,0.05167869231914369,-0.08768025478241415,-0.19296174834609345,14.72317294973545,0.8954214846489208
data\images\sat_patch_1187.png,industrial,0.4699572627241176,0.07056248799553948,0.06850710440235411,0.35969141208420574,9.794007389467575,0.6904097074930899,0.423646864422885,7881.004539876624,media,92.506591796875,95.10498046875,83.29833984375,90.30330403645833,25.13256290651651,0.01384983147172983,-0.05237766548876205,-0.07975914774691374,14.275256283068781,0.9311928677501349
data\images\sat_patch_1188.png,industrial,0.6092025779994394,0.16694566834483593,0.0516883610236946,0.36189431365596847,4.4890193745814475,0.5636155413897829,0.6470257439391234,7832.085153634451,media,102.53759765625,111.029296875,90.323974609375,101.29695638020833,33.84838260625307,0.03976130850067753,-0.06332844246818096,-0.1441159845245243,16.03261408730159,0.9111762279529366
data\images\sat_patch_1189.png,industrial,0.7840609210353235,0.13572966409767157,0.038003352033065034,0.3391137409503401,6.453059314752016,0.7830896771337026,0.7015130365349657,10382.285012002083,alta,99.34814453125,106.02490234375,90.285400390625,98.55281575520833,29.285926735666656,0.032510389662054384,-0.04779082781249399,-0.11372713892746421,15.371982473544975,0.9234536544069563
data\images\sat_patch_1190.png,periurbano,0.31441880643370157,0.6793115638849683,0.00409323526050434,0.2649659500561503,16.530410691492047,0.359931295647307,0.43795272702551896,1645.4654829189587,baixa,84.212890625,143.909423828125,89.57763671875,105.89998372395833,38.29336551476837,0.261686512713797,0.03086903610269697,-0.538377416246703,14.759011243386244,0.7732263015002744
data\images\sat_patch_1191.png,parque_urbano,0.18982610496495075,0.7937761027035372,0.13195676345724466,0.23206731466597716,18.393680092199457,0.273163658983114,0.16637354316414824,100.0,baixa,69.47314453125,153.128173828125,82.100341796875,101.56722005208333,46.7883265323068,0.3758065295283337,0.08330742723026324,-0.7614802281968714,14.543113425925926,0.6820490199509914
data\images\sat_patch_1192.png,periurbano,0.3193123877469717,0.6081089327465548,0.09209684207179801,0.30533977738899887,12.657992629809199,0.48104089823158264,0.4498045399420177,3792.204299997059,media,80.54736328125,141.003662109375,87.378662109375,102.9765625,37.70284467061485,0.27287753892655053,0.040680405384179205,-0.5539187507850998,14.696097883597883,0.7717864332628364
data\images\sat_patch_1193.png,residencial,0.5113350299385654,0.3307324950033877,0.08363656036211177,0.6301679269330596,11.221114975315338,0.7107955906413878,0.6632769591457017,7663.981098378422,media,88.099853515625,108.7197265625,88.03271484375,94.95076497395833,23.95897510373901,0.10476535380232421,-0.0003811826064832592,-0.2175173856783527,14.802910052910054,0.8989536615100867
data\images\sat_patch_1194.png,industrial,0.47102675520531934,0.09974238562693212,0.0003742098135024019,0.5469594389007685,10.173037239954196,0.7051471399987339,0.782386255969372,8409.728557148153,media,92.627197265625,102.669189453125,94.86328125,96.71988932291667,23.563515152496183,0.051419241824183975,0.011926386823223471,-0.09226592550424008,14.585234788359788,0.9299563597451155
data\images\sat_patch_1195.png,parque_urbano,0.14501765947212283,0.9149989973131023,0.15889129717303022,0.0570710149207166,15.634099040504532,0.2962234849562375,0.15896121369041166,100.0,baixa,73.037353515625,160.28271484375,96.36328125,109.89444986979167,44.826886076213285,0.3739299476794854,0.13769681340893958,-0.6877726478700115,13.599661044973544,0.6888968869540952
data\images\sat_patch_1196.png,centro,0.8309693263849199,0.15377209001172396,0.015016123535398239,0.6478603623581194,7.93752468104963,0.9256763553856344,0.7929331207888165,12361.996641151385,alta,99.196044921875,105.2451171875,87.95947265625,97.46687825520833,29.257522903342405,0.029588328366087296,-0.06003869055527998,-0.11970587842345463,15.993014219576718,0.9196124537151039
data\images\sat_patch_1197.png,residencial,0.4450900316403191,0.38766797409876386,0.07574888609960392,0.575361174226304,8.402423150333988,0.5500857173138671,0.5878118174951421,6748.727325229539,media,82.72900390625,118.8515625,88.31201171875,96.630859375,35.4698393487783,0.1791966311958601,0.03264133903472114,-0.3449317801595741,15.926256613756614,0.8530122429025537
data\images\sat_patch_1198.png,parque_urbano,0.14124946267766023,0.6309463741845974,0.05487863824862545,0.023185233857913372,20.013310736509442,0.30856756256378437,0.053608652284303795,100.0,baixa,80.8681640625,144.248779296875,87.093505859375,104.07014973958333,34.810077539196456,0.2815452893372374,0.03706406207265365,-0.5791088406006742,12.772569444444445,0.766119439852248
data\images\sat_patch_1199.png,residencial,0.6042394043833823,0.4201543663941698,0.0743893059172683,0.6864547339434824,5.86352695666317,0.6376670219787628,0.6902780727198898,8090.714210507367,media,94.3076171875,118.5810546875,89.50244140625,100.79703776041667,28.9298830926844,0.11401939413776338,-0.02614207183148853,-0.26465088378271645,16.092509920634917,0.8753156726555869
